element,spread_eV_A,error_mean_model_eV_A
C,0.8208400721451651,0.9551753436176786
C,0.9401325353903287,0.7691556644121824
C,0.7717184885698489,1.4212030686674277
C,0.3827282230421046,0.5451853400457477
C,0.8934397750466517,1.4191214603674889
C,0.7097899068068854,1.3915633107931804
C,0.2906375435993357,0.4166097448932319
C,0.44383870785297064,1.07223247267706
C,0.25934722552255085,0.40089490832195407
C,0.5734410151859151,0.3012859096120672
C,1.0865750484849794,1.8501766569722957
C,0.4764616239345369,0.510316601457251
C,0.28798580600866464,0.7934875346989718
C,0.6427025047025521,1.0473849294141249
C,0.7495634506681553,2.383587926936333
C,0.9966855385824029,1.0708172786172754
C,0.2960815977307455,1.2995048929052753
C,0.7456498589507595,1.325593076294392
C,1.3769825618635911,1.6112581382230586
C,0.6374804456365233,0.8061633734781696
C,1.1813603057176636,1.8038914788444922
C,0.7595331507627475,0.7149710377762606
C,0.599443621144366,0.4172381180167244
C,0.31083788010447533,0.39419008457155735
C,0.5242242719287673,0.7192121653170317
C,0.3995006519501203,0.33326083902278203
C,1.0935920058891397,1.3355051223108032
C,0.5652964629439987,0.7855966749721798
C,1.2127858007454304,0.8923556314467971
C,0.46908963423360034,0.7479284150748449
C,0.5243786655508209,1.4607820414196082
C,0.7125251811879579,1.4896175885861898
C,0.3601090853327953,0.9342277394866028
C,0.48672465274498355,0.313633373178171
C,1.2627058626861472,1.6180062548988952
C,0.8678329791747227,1.0226396877646649
C,0.7205335773115596,0.6553252734658632
C,0.22810543385454696,0.7208561671414622
C,1.9526846529500828,3.6253838356745827
C,0.6775736587852471,1.2112603941526041
C,0.46089738664645363,1.291368843194791
C,0.8595888885389,0.7125368565649957
C,0.47763978156152354,1.3737641669241374
C,0.49950339553766315,0.6357650501819517
C,0.5028670657091391,0.5115361716757167
C,0.8473659831896679,0.4252568513722431
C,0.24390710834055337,0.5091759168453613
C,0.40144649727993886,0.9491962811239189
C,0.6224510420318924,1.0649825417345826
C,1.0096773668542642,1.1168099176776622
C,0.6917371259946051,1.1828743234206278
C,0.7957612134832663,0.7486289628368462
C,0.49610385969144266,0.3141335830716498
C,0.8758332789409574,0.5843624166568404
C,0.38786713025792297,0.4748687859054106
C,0.6668019047890592,1.6646389636614811
C,0.673131030106624,0.8221291630440216
C,0.598777253816606,1.3647531901970094
C,1.1068756270376885,0.8280417377325596
C,0.8132094280421961,0.796748943230748
C,0.6720947164847898,0.959550053769922
C,0.7387165853111641,0.9938902603099452
C,0.5307728779891805,0.6889137549476867
C,0.7084071573031719,1.1560922071855957
C,0.3154212917986315,0.33943637152555706
C,0.5289631936491533,0.6679709199480107
C,0.532788903931433,0.434981740561629
C,0.5825600665294592,1.0706395450383706
C,0.5226073338408134,1.0657484194770268
C,0.22723251913270587,1.360906764860142
C,0.6906451233233802,0.3617500953843889
C,0.6780205955588385,0.7527058174303527
C,0.9693937023381732,2.059233902720304
C,0.5265263689977221,1.1988940568518474
C,1.139355845481078,1.3834036042197677
C,0.8907311742009518,1.9049117413629202
C,0.5229060321790774,1.809180142929407
C,0.7759884140962956,1.0359190707669246
C,0.8369383711703914,0.935543904490342
C,1.2955117964816767,2.285059149901234
C,0.3670139440495508,0.5316661386010091
C,0.504098812412837,0.8131194567962505
C,0.2598066160056656,0.5930263104731823
C,1.1629509568941525,1.3508688562609135
C,0.6023136454501448,1.3869429376797113
C,1.1453326356865325,0.2999974856759389
C,0.6613120457948247,1.126329141664141
C,1.0015948862783248,2.037379540652509
C,0.5812767233596967,0.7407908578606122
C,0.8334605722972389,1.2231175416714721
C,0.34254343954731037,0.5776853659307727
C,0.8267576691663662,0.5172036983363876
C,0.4892011897124967,1.2830747187737968
C,0.5288887591869764,0.6026040857482471
C,0.5834282430305598,0.7055617772282955
C,0.4541708549912569,0.602446640761018
C,0.4226953892847706,1.2019516351782817
C,0.8607680744010352,0.7068730946680087
C,0.7702305006043125,1.5683490770971595
C,0.9745434610053939,1.006724511462771
C,0.4729769513609975,0.9422350309413776
C,0.47474521026371685,0.7021057179338788
C,0.3632479279755163,0.7183901380417818
C,0.5423691777697618,0.48620796199601574
C,0.48026789483056737,0.5434338297318199
C,0.9247224880174093,1.056752661433074
C,0.37229285006144347,0.6821391970983515
C,0.42027440336050076,0.4458577219834505
C,0.21629534537041817,0.4521920987768566
C,0.4259434655627266,0.7314323702373603
C,0.4160046667149788,0.2815457192742177
C,0.33332088973369917,1.1127802160659772
C,1.2372690591025821,2.2179296035200773
C,0.5805223152440242,0.511998896702835
C,0.4305670563823017,0.8359823257990647
C,0.8391054456443277,1.037133755553954
C,0.9500131048932432,0.9965197795212255
C,0.7628638432111563,2.0562237054828842
C,1.1055598148582606,2.0467822522923136
C,0.3409383397868064,0.30559653445492296
C,1.0553839609167686,1.0833310944149777
C,0.2742034666467081,0.6693847404143113
C,1.172635181349876,0.9289512127938678
C,0.514212809411355,0.7379799132305929
C,0.4758303398191718,1.1089788092225932
C,0.9445546366087482,0.8650393074575127
C,0.3981121446197265,0.36066899362784177
C,0.4163442970622287,0.5193180832244967
C,0.8357987591940271,1.126774595279442
C,0.46195863638966217,0.34103105755169294
C,0.34687540577648096,1.0315966535814096
C,0.8169861665772713,0.699264619404622
C,0.3075026482687787,0.8158375518050364
C,1.0827127531431486,1.8131625250200727
C,0.4181752576613446,0.4531678406315556
C,0.7897156978675431,0.7316508115349143
C,0.5812352884104774,0.9949887767463798
C,0.6954327779071066,1.1889114865764552
C,0.3464552804912713,0.7926557318310312
C,0.39573754345911216,0.21103265465366994
C,1.1228835784929565,1.9959504390736995
C,0.9422446451855998,0.5453969550342803
C,0.5133706698261877,0.37627793252117264
C,0.5279475112446741,1.8276921285447754
C,0.34636024899565715,0.41804062541958475
C,0.29778062719730647,0.8671964325596787
C,0.8415956690663771,0.9702428402962626
C,0.6982202001072731,1.223471772287339
C,0.6528068959116854,0.9075607367949263
C,0.2972688467458536,0.10031888547405755
C,1.7106465398329138,1.8493529966374027
C,0.7192536321352043,0.6793990166259559
C,0.9316436380610964,1.0587409855208822
C,0.42186506331196255,0.7086515826107184
C,0.5762218289449771,1.162061032503427
C,0.40851386963383507,0.514860963164892
C,1.2798867814848776,1.4405248306250371
C,0.8560869697130132,0.5935299111528878
C,0.6112546558715426,0.510739469512514
C,0.5214958903169478,0.6371083415811295
C,0.5214087277381924,0.372984390019786
C,0.38610541363576945,1.0635513364022497
C,0.4662016285478585,0.7064011192022278
C,0.28364772898121066,0.4923984759738563
C,0.9056859737509624,1.1564649086625176
C,0.9572169451254797,1.5479318556883412
C,1.0088769385041736,1.2076885615046766
C,0.5981738797488892,0.5771859907876011
C,0.4908072879354869,1.6328915092622045
C,0.5380817575704414,0.626267533316881
C,1.4666389243709965,1.6937826622824697
C,0.3861710742417739,0.5316933489538962
C,0.7981885996885761,0.6550124070421073
C,0.7359287338534113,1.0537827482968927
C,0.41329961941307186,0.4537657874350965
C,0.6907476168048581,0.3943801524724864
C,0.5361492339271889,0.7854793773904934
C,0.5076170524359074,0.7555698629902105
C,0.3767119333131154,0.6303785921835171
C,0.4319350164113482,1.0714512125522961
C,0.5603952546028704,1.096245749006692
C,0.8682438254746188,1.7531748303968162
C,0.9137270342550456,0.6274690400189659
C,0.8815937842136696,0.8718575078609918
C,0.2758038311671367,0.27474674850198016
C,0.6949008475712278,2.2280430803794102
C,0.3399442302174791,0.2398323989938781
C,0.1959588320375004,0.7538452328356291
C,0.8424066499502556,1.4634331923805974
C,0.7351204761132306,0.7765980655199013
C,0.4263530925403673,0.90481825376454
C,0.7488800872198706,0.9070972644331584
C,0.7282284817358217,1.1844628342606902
C,0.33562591689631294,0.46386045240913304
C,0.41935020442222026,0.6730085065328364
C,0.7944068872647868,1.4089533622936514
C,0.8206831520972478,0.8738044638259789
C,0.8254633017995092,0.6143015933629131
C,0.9793491927018926,1.4860280993866384
C,1.3667955324914516,1.9571135050857762
C,0.40001644875692277,1.1026602179492526
C,0.9095819528487472,0.14176298179610092
C,0.37557562700060626,0.5691553564050806
C,0.9198262693957023,1.7227339483429722
C,0.8607207337540219,0.40442248427838123
C,0.5932728786572629,0.3298079805223919
C,0.46221008857070345,0.5318124059378926
C,0.8450108408162523,0.8831073536405988
C,0.900595734615267,0.6315213402628386
C,0.5728280419499261,0.3551358212108293
C,0.44856855202748946,0.6068273520747547
C,0.4198619480271612,0.7744527903843852
C,0.5628644460186929,0.5834718845944398
C,0.2757700439479167,0.2305861121412896
C,0.9682337161900976,0.5368718030100659
C,1.0770219149861244,1.0279409778153945
C,0.6025527027079609,1.04725914822968
C,1.5708382226105984,1.8497158563389589
C,0.7477055926516667,0.28200939751358106
C,1.0193394498639494,0.8947431136957095
C,0.3707326789972211,0.6195540327709534
C,0.21584302439295197,0.9134678075457329
C,0.927405975809084,0.8138509030045928
C,0.7477860764408982,0.8816699092538486
C,1.2679681623395553,1.7609130080097772
C,0.750787966891046,0.5140756166721674
C,0.5436908543756517,1.0636373047489078
C,0.5229432354213475,0.6920973452283958
C,0.8299150641312656,0.9167513411811158
C,0.7302234816372567,0.848571837011065
C,0.6778232896060278,0.6690940932494857
C,1.053638694417503,1.6091821284274361
C,0.40880558118297156,0.6806277880610517
C,0.2850826958709273,0.6526674865866359
C,0.8816442607084803,0.8220374250264368
C,0.8469528622724802,0.8075438068163077
C,0.5405070390307923,1.0547147177885947
C,0.3918529644339223,0.586962843433444
C,0.7635755582438548,0.31083657975255696
C,1.1039548196364593,2.021239063717085
C,1.306887378253816,1.3464810404320964
C,0.7733770997259739,0.7621291559957697
C,0.6875821471402038,0.21811168674913534
C,1.2251784703982764,1.7988146078047207
C,1.1363605765869809,1.2196315047132797
C,1.2111125414497574,1.546902339678172
C,1.438452793359167,2.1052515627610644
C,0.7828077928898826,1.3916626671143013
C,0.6742604647892428,0.5326143447380886
C,0.36812458096806766,0.3021025808948152
C,0.2549210387381317,1.5440740758323694
C,0.7571761290835839,0.4924686230739592
C,1.630984675833225,1.0249185386151591
C,0.7205414557383314,0.28073409048492354
C,0.4997562394492865,0.5219160769576788
C,0.8481514293582809,2.413863392800921
C,0.7593986194647123,1.1888328432514996
C,0.6166913039801419,1.1104952913587958
C,0.5331595567119736,0.23956197375895777
C,0.5427112914007419,1.9259021060359982
C,0.6601103550077618,0.24480428067426904
C,1.586115082533899,0.39868921900950294
C,0.3839585411915809,0.4429593832347123
C,0.471146010814549,1.0302119728033599
C,0.8084730575482975,2.019357660004717
C,0.5207159659707246,1.1654401725996595
C,0.5974186838158412,0.5194335610085724
C,0.8772085023568564,0.8371639512890208
C,0.7871857699785738,1.1217430428082538
C,0.5004248282638236,0.5950586419323594
C,1.4203699100036962,0.6760407257926859
C,0.7445361358641276,2.2701275029988115
C,0.5449923706096134,0.580265914467937
C,0.5175967447243078,1.019299971197192
C,0.6271710134751839,0.6064139974436097
C,0.3462579325253631,1.6171936907864723
C,0.5048389572295875,0.5139759016195988
C,0.5204074012752901,0.5323854155468998
C,1.037743821529612,1.5552081329351148
C,0.13268179088602794,0.49585402582441557
C,0.8072742865316215,0.823348275021255
C,0.22441627272966258,1.4020748336449935
C,0.8041162398765884,0.33564048508420835
C,0.45156309060471306,1.2869672268915497
C,0.6151723477823082,0.7265787395803203
C,0.5677302234676919,1.6850015781415604
C,0.6158275979192185,0.42072626086093484
C,1.0736671946630856,0.8652529385526783
C,0.5293935127507644,1.1616235881237673
C,0.28546421657870424,0.6566048592796833
C,0.5922552296664049,0.36869538186239226
C,0.6003644463275581,0.6363843426821036
C,0.8439085268919124,0.9626570139260819
C,0.8495993770090137,1.5107426110476865
C,0.49085931115331227,0.5795583021398949
C,0.40030127683676114,0.6063274049215712
C,0.7220240635960754,0.6584880039190605
C,0.674553230700014,0.7071150737518774
C,0.19244130251481673,0.42739927985335563
C,0.367785474842693,0.5783718722478429
C,0.8023309369696715,1.3299802917349777
C,0.4754318251146505,0.7258025548124182
C,1.0005777815474333,1.7378207957389384
C,0.45590689469017803,0.6891611121526272
C,0.9435537220118925,0.5901495630728888
C,0.6826615526161836,0.5126039864389603
C,0.8082359193233598,1.8828088462875652
C,0.8110992596773963,0.2555824861794023
C,0.8439851890795287,2.0346674426751115
C,0.6016982496015081,0.9485030906517921
C,0.5206737670024069,0.38927322478769477
C,0.9384310142083403,1.3774706640489747
C,0.5478965840248451,2.3056648927718926
C,0.8554408854145769,0.898831846656812
C,0.5648455383866051,0.1767638103235204
C,1.1356094189507486,1.8412204489998634
C,0.8881367781684677,0.5436715470541331
C,0.341122981054183,0.6962579830426352
C,0.15257767850303836,0.8217901958088976
C,0.9761564206169577,0.70895193050541
C,0.9919815978774085,1.6777566278868228
C,1.0072350584848597,1.4306254026811294
C,0.5124417039272693,1.0462090580398535
C,1.1710127842961566,1.3323354210572937
C,0.4328750243537814,1.542336437613921
C,0.5144289963982335,0.5687838796745239
C,0.5778959029203072,0.8058324044402166
C,0.5663571114411656,0.09779085031327935
C,1.078510164458379,1.3772542527493863
C,0.28559902343793264,1.1774490096010795
C,0.608030902933886,0.9870215724263717
C,0.3231772219511068,0.4351236068962635
C,1.1805758688904915,0.6458035688450159
C,0.6405992641456267,1.1931978204951876
C,0.5522954600066203,1.3355355725434246
C,0.9690655054023112,1.3681559470324227
C,1.180949227715752,1.2074849168972346
C,0.829872900372884,1.0899034177850988
C,0.9815259594705974,1.0962800956547847
C,0.9030648389811882,0.6315610640959927
C,0.6134683444124709,1.2515717279524126
C,0.4070680534620629,0.2463296421122441
C,0.9252095753839155,1.566690698642869
C,1.1596242993306358,2.150806877822148
C,0.2213064587178541,0.3529816260886845
C,0.3084488571793662,0.4326231136193742
C,1.1003748174813017,1.0043955904423065
C,0.7401271801292972,2.077898968904127
C,0.7332042207711366,0.5640117644862408
C,0.5251726440700973,1.0390414845159657
C,1.0380515568325681,0.8949986047258239
C,1.5121675179666803,2.022285547118595
C,0.22546126783709322,0.8613648615023604
C,0.5534512771798453,0.6402921960248723
C,0.46988404739594325,0.8951860224891591
C,0.8846784380065373,1.4030216919993637
C,0.49372711129110175,0.5653213060415812
C,0.4124783598851765,0.9660401052849618
C,0.8917893739107461,0.9099232738454234
C,0.25409769043747615,1.1976071126004013
C,0.8188585245546777,0.8340623718088583
C,0.401907195350879,0.5246501526369525
C,0.6673899715384825,0.3711538130909915
C,0.21205559344640432,0.5226786228832436
C,1.0761988647732625,1.1151740477120005
C,0.8664767871688559,1.2245012601219483
C,0.9696558043089031,0.6280064505297442
C,0.8784214449781691,1.8471795479804842
C,0.8032037518391867,1.2253078048117005
C,0.8235189576277049,1.548742978584903
C,0.5022661716591934,1.1075477329810512
C,0.4317358957667854,0.3515815747313915
C,0.41748268305692204,0.5850091283498937
C,1.024805515251043,0.8232493640070234
C,0.5424154620508349,0.5710390122099608
C,1.271441596090748,1.2389887149591727
C,1.0544105004297855,1.8634351314355875
C,0.8643304264166642,1.7231123917320401
C,0.9653205692022933,0.2563687374402054
C,0.2649071387555712,1.4515985032483072
C,0.7057894276582829,0.768853562034371
C,0.280158391783685,0.42330049902022027
C,1.0198691828578585,0.7293777825634822
C,0.7996257356522908,1.2403120365247746
C,0.3922804404685014,0.591907917055755
C,0.9188998908863489,1.611505124621194
C,0.5408540612373262,0.9605508771473142
C,0.25716566753648523,1.2928561588482117
C,0.40722907475712194,0.7386619499426713
C,0.22285643900549978,0.565532286182234
C,0.7798949644245728,0.9873088660437133
C,0.750972206653956,0.8891065417756098
C,0.5196439295622967,0.41053234654207627
C,0.5583965472148461,1.638958104299945
C,1.118010051577001,2.002243579419552
C,0.24441450517637742,0.42924670470732995
C,0.4590098071020649,0.5230602883712238
C,0.8334538214296022,0.798832647261414
C,0.279662165500072,0.8485109234917673
C,1.016991960546484,1.4614470290686306
C,1.0328201616280042,1.306570294661738
C,0.4296436365957587,0.692981046784834
C,0.5675285732446995,0.5728966147933479
C,0.7386646651209043,0.8066845477966718
C,0.4176490937985769,0.6089354558121651
C,1.039982867949,1.6730982083316257
C,0.8640363731679683,1.016907933296024
C,1.3174558640979515,1.4587691050018696
C,0.4128992821196007,0.8412248193992412
C,0.41800102534922096,0.8167989595682316
C,0.7709050659550967,1.0931906136695375
C,1.588470644724167,0.97427733407836
C,0.3714284123508999,0.2561377502270873
C,0.586219242335286,1.3036627847296984
C,0.3878267695911942,1.2019169344627185
C,0.5545654493763909,0.4078322509870866
C,0.822237235752569,0.640558760240156
C,1.107032797061365,1.2623411067637493
C,0.9056827582716742,0.4194168633635688
C,0.640232976541367,2.4515836794445884
C,0.6557051601178207,0.5464431580411697
C,1.0691449230043246,1.2235975542753266
C,0.699460418647625,0.30471931785089684
C,0.5011565423917744,1.4586614500435344
C,1.072512489765365,1.011442529531575
C,0.7922702591765337,1.5351111632580392
C,0.9276788403463548,0.5375653765712681
C,0.9419152834082951,0.4871389653476542
C,0.7468746003699792,0.8450116460718251
C,1.662854289408733,0.9238836947863742
C,0.4952329949102352,0.34667774435870047
C,0.4970384028410713,0.8234819676403135
C,0.6015181150323121,1.5814467986339178
C,0.9380254511728067,2.384646824835688
C,1.4666712935849127,1.6512480817411033
C,0.4448851396907873,0.4820456023670996
C,0.6546267747527162,1.9252735349927417
C,0.7014504403995694,1.645867193363523
C,1.0531532121257934,1.627168165203624
C,0.6856674909184445,0.41204304565146493
C,0.9248665675919256,1.6668707439990988
C,0.8470096443275023,0.8077563088916556
C,0.7375195836229119,0.5631359665559462
C,1.1614670478389015,2.384351745344529
C,0.4299956679054709,0.7765646819466698
C,0.5427515349651484,1.4456042449224742
C,0.3558709777960557,0.5703383244381449
C,0.5313392591511555,0.5903949669291839
C,0.5670239218046224,1.5843404331529214
C,0.5583666420605851,0.7601874260514536
C,0.6920078997731645,0.6903121128160459
C,1.0681354660815747,0.9326711351742129
C,0.6337137118361863,0.7239451659766661
C,1.1210485761462337,2.5960435147954537
C,0.5259444967939577,0.9503299444917679
C,1.0656384160926078,0.8806191673696233
C,0.7316258597557094,0.9533924190418175
C,0.8382814071482256,1.476062483633321
C,0.36401749214648055,0.4884119512262938
C,0.37893066970877487,0.8033898730912438
C,0.2970217774424372,0.5972040388760232
C,0.6423350047071475,0.8685711713988796
C,0.3920379030999927,0.6725186014563757
C,0.5312854669863057,0.7852417736136944
C,1.0163437247040799,1.3562035794600917
C,1.8054683871989456,2.200901694307403
C,0.5467478843765866,0.40240172142540864
C,0.5697432353274522,1.23986981860676
C,0.6629421632593406,0.8125938125925545
C,0.7735724806555725,0.9422655256426712
C,0.49407611236723464,1.0032650506094205
C,0.5062030105370962,0.3682800701597901
C,0.9499301040892422,0.9398846097040549
C,0.27907437959578885,0.7477274807853813
C,0.8853735333628866,0.8278235349357186
C,1.3255505215838173,1.3724835568599805
C,0.47778975490394826,1.2906289876091288
C,0.6935928618034245,0.29174771462364485
C,0.4378700708462635,0.8224386889427276
C,0.5642387947626293,0.8355317052740301
C,0.4863033329210379,0.47771460657497067
C,0.6243711286743291,0.6582539955125764
C,0.39013324179954345,0.43280071788969937
C,0.2901547272370033,0.40455574743334277
C,1.1371956689273655,0.8331610971281362
C,0.9430191375827073,1.0360237085528075
C,0.6446994532280566,0.47490537835783764
C,0.5759932165816598,0.6393609115709885
C,0.4008584672100248,0.7616606639154945
C,0.3860306887836438,0.5039858383210696
C,0.5061802649459813,0.7703684087871638
C,0.3515117065532441,1.1260531175857103
C,0.5954288874306723,0.7346329232641067
C,0.8596024238583088,1.4179438022601005
C,0.38391835710360217,0.7281732459200564
C,0.7572137360147563,1.2415033688573183
C,0.4686335855404488,1.1397902188762403
C,0.8934379549856087,1.6125953748167376
C,1.1021850199589438,1.2754714723639515
C,0.8333230706610262,0.339915136852204
C,0.20112679600848696,0.6507797109847288
C,0.45779946249633785,0.3282749152097328
C,0.6709499551601206,0.5885550953256323
C,0.9027080850053304,1.0586409935851155
C,2.7545612708999547,3.8515088831035738
C,0.618825453044717,1.671273279305176
C,1.1970189667598226,1.0635084192977595
C,1.177531077002524,1.7081067145451063
C,0.7528261705029485,0.7310301402600239
C,0.8303210175031392,0.7677886125495886
C,0.5100275275633839,1.0841977765676252
C,0.4164401235796628,0.5673491786073507
C,0.63770264138654,0.526942367499042
C,0.5093733256777724,0.5539212255878903
C,1.097615354783402,0.7998872040258208
C,0.9930383628959617,1.5463145375287364
C,0.561678902131698,0.4130982745798849
C,0.5052002652854399,0.33810320754819034
C,0.8903390811537996,0.7580439982037611
C,0.25131359185277574,0.3342739098927554
C,0.5913563603869885,0.7897066440261984
C,0.6703260906646514,0.740433673554741
C,0.5635766968274332,1.086571649170578
C,1.0499052098194595,0.42540575246662593
C,0.5526205863793022,0.6900773354751217
C,1.3401060187389493,1.598270718491989
C,0.5488353101928378,0.5458942395100468
C,1.1068839879909194,1.8911693440303479
C,0.5011989191355055,0.9976519036750128
C,1.045873675317403,0.7185093373923588
C,0.6431789546838963,1.349482779570507
C,0.5711193632439593,1.028144403594766
C,1.1442420379222775,2.759783987526213
C,0.6858052282179599,1.018285390423536
C,0.4976153432983562,1.1396304041793235
C,0.6621256085249393,0.707984806102578
C,0.6932995824206153,1.3287330458151319
C,0.8164147342546118,0.8292755583844702
C,0.9443806985198325,1.2221283245377048
C,0.2865657664771793,0.19439898899006305
C,0.5203959914633485,0.8344948228680042
C,0.7149807969023528,1.4028996876957307
C,0.595460957689198,0.9338095003015706
C,0.5280224801671045,1.2053327564848326
C,0.9031775190732305,1.780298601347876
C,0.27785917822682576,0.33436635242875073
C,0.5368309021703356,0.7632133746735894
C,0.5581645787249551,0.80848360884634
C,1.1799097516225219,1.4009187239182657
C,0.875538964264241,0.9839258269996405
C,0.23986613519977593,0.30458130505591074
C,0.3043134385116572,0.17491177609828315
C,0.9582569939195893,1.5191197357647295
C,0.2762723232576752,0.4562196083350221
C,0.33148037848270984,0.8440193444645943
C,0.9179359831740566,1.3331287586979614
C,0.6087508622280271,1.0622670064160664
C,0.6221920495294609,1.2789475462530255
C,0.4957647015033166,1.1277606227445827
C,0.4720885596179482,0.7049648711695283
C,0.5019064203213971,0.6293258407973812
C,0.7596698467577284,1.1982746065214704
C,0.7939345696262305,0.7816775068213391
C,0.694514509672421,0.9400023503836031
C,0.6663872433788953,1.2111861799258312
C,1.0073008478024765,1.42244843229811
C,1.8830179252097623,3.669781130264136
C,0.5944725585497075,0.9183592676315868
C,0.30547205747072714,0.3549018231934202
C,0.5754842059332302,0.5066937296652363
C,0.6256689672648423,1.0641522903577645
C,0.6826521863511276,1.484379089548094
C,1.1821259694225428,1.4933567230918934
C,0.3183006877631271,0.3769679038377465
C,0.7155000004291014,1.0136834965999708
C,0.40600187769249685,0.593389800774361
C,0.8942933474330604,0.6471491741975072
C,0.1937591566039345,0.9157503386416337
C,0.6841663584502693,0.5352462455247603
C,0.4328926875829246,0.6164055431508039
C,0.42896532503132917,1.349169650357334
C,0.397804781830826,0.5882431280225741
C,0.936773543048049,0.7452969950013899
C,0.8476513561643219,1.1957437614696458
C,0.4714607455791153,0.5854336364572392
C,0.633326349858327,2.0044831831099525
C,0.9046565444903889,2.0464658392148682
C,0.4146259088185308,0.48985771626141195
C,0.5786909942468745,0.38783912966859113
C,0.8033503760593067,0.7605841211084484
C,0.47410005138698785,0.3226801294532662
C,0.5399251081446095,0.5305098512436422
C,0.8218704575866501,1.7061574181949906
C,0.49281207371082064,1.2085485375341087
C,0.5416914167499922,1.008308448473713
C,0.7924096806413747,1.0310426779883362
C,0.5638088157808355,0.8069427714887816
C,0.4624000675801109,1.0408950224606344
C,0.5484291489181454,0.5702571904331323
C,0.3703129548228553,0.8912770943790029
C,0.6185661681088951,0.5256196359460581
C,0.823931307338712,1.2295535018050883
C,0.8828828422792132,1.0595428472211688
C,1.0065712520373449,0.8710326833711043
C,0.4051807743214766,0.49246926468720365
C,0.3970152224935423,0.5676255078176718
C,0.5277043820232501,0.480207431270892
C,0.48525560953928004,1.1028570714633954
C,0.6811882860499086,0.8358123951080055
C,0.6266530057937031,0.5425553933926461
C,0.9524352186033753,1.3319384497601114
C,0.5649631437012627,0.6129734242655894
C,0.45590702426267127,0.48873184622507937
C,0.2825215295662764,0.6119803439826234
C,0.6202242179082343,1.7967037129924575
C,0.9670589452058078,1.2957378012988643
C,0.7696666340993937,0.4039361822175273
C,0.3574369156277054,1.2544362984330304
C,0.4467752010417798,0.343845626558845
C,0.8975199212572291,0.9517202960166605
C,0.6268955174574509,0.9924452047352686
C,0.9572066738459092,1.4342536172320448
C,0.6546772785466956,0.9421388273652885
C,0.4572943098808332,0.7094168692239343
C,0.2052424232065158,0.618690504598793
C,2.1310893713379433,2.4871447977393566
C,0.7246698840628233,1.36206263858435
C,0.6268543373484351,0.8402967562192858
C,0.44927578395344697,0.6104931461344082
C,0.506791890594491,0.8160026268865332
C,0.18596871186571978,0.12707745452331906
C,0.9953128735273318,0.7240816421703399
C,0.9514773290586229,0.4802985289969546
C,0.3939988064357001,0.8423064900272105
C,0.7559376078533607,1.1033906218963594
C,0.8495508775671053,0.5686940662289809
C,0.5607009210722422,1.0978216136598447
C,0.508108133561535,1.073673753843094
C,1.0041452759444873,1.3978332998509415
C,0.5864577912318525,0.5765433270341843
C,1.0356994984008465,1.7411724955713423
C,1.2509206413253504,1.5033212389098294
C,0.6041840782285421,0.6589556884308698
C,0.49306407205879865,0.08671822032667605
C,1.0961986758989257,1.3961500442363135
C,0.5432444512118059,0.5322646215776348
C,0.45703804758141187,1.250264801484654
C,0.6542261679640115,1.373146156628881
C,0.6446062908719992,0.5634381555792735
C,0.20841502548459478,0.6025175885741855
C,0.27746653580154446,0.46940888269360587
C,0.33362589719740854,0.7326825944665899
C,1.2868108831667668,0.9688893275496085
C,0.820351535385955,1.1418364220812767
C,0.3899288264099975,0.6815677294863798
C,0.5511476084558546,0.7379553746441017
C,0.8072772310510907,1.164080892104866
C,0.46441448237109134,0.18896732882788222
C,0.6964223221884217,0.7502481724007883
C,0.8913147782473599,1.5192328512641708
C,0.5104253885193318,0.4745980145085772
C,1.290615141780888,1.6826758592733826
C,1.5974075650580486,2.171944019102488
C,0.5259722901339469,0.8341009897510583
C,0.42483979897541624,0.3618244845242959
C,1.2285717403527712,1.8768837222703911
C,0.41554166137978454,0.8815416894395653
C,0.34284143092408964,0.5154900524281509
C,1.007592476354878,1.2983364784546565
C,0.7663977570282717,0.8944931200115372
C,0.39800330190089406,0.7941149581658368
C,0.625054806600951,0.2647070427109507
C,1.1328483710511739,1.0629245422480647
C,0.4410055828726516,0.9308425122105308
C,0.5378524411625795,1.3938885539644688
C,0.5577420311894212,0.9703400817012725
C,0.3783674398046993,0.44585515955450006
C,0.6110500574775221,1.0585659826192126
C,0.8146347172406715,1.2231017566984785
C,1.09092815520972,1.467983266077725
C,0.526535916348733,0.9574735897889598
C,0.6776458670745792,1.011147931973565
C,0.3438616976253888,1.0258929559691605
C,0.6196761258106227,1.1391189942875521
C,0.7842272924494895,1.4527164584075325
C,0.3325821442503684,0.9351733665549998
C,0.4883207830470531,0.4407206937210267
C,0.6273531052790464,1.4181430423118324
C,0.5804526664649242,0.9401179250431074
C,0.5910016362646362,0.6203365151549612
C,0.6246925714630049,1.139836547119539
C,0.6229263896302804,0.3615970851096288
C,1.2525249728822594,1.5126306141104335
C,0.5818038153172592,0.885930955557715
C,1.061020356575758,0.8264553804221659
C,1.6267088254041835,1.8129069154472832
C,0.36416953923446954,0.31126801219484684
C,1.0587125595212328,1.508339571490688
C,0.7320585210703966,0.9630161175664571
C,1.212899834369323,0.46671938991364703
C,1.632371219478247,1.670805879429353
C,0.6426834847078529,0.9010634087221261
C,0.6535556376027607,0.8699839562734599
C,0.7312169292635103,0.6137476824827545
C,1.117859182495534,1.952666379806955
C,0.8439386248374193,0.6954910777187044
C,0.41375418135518793,0.41190766397361434
C,0.2809804728712299,0.26460758327835393
C,0.7536990563939828,0.8314332343085775
C,0.7503251810488631,0.9100745872893748
C,0.46390231592388625,0.8976410716942815
C,0.36738921047668066,0.41823613055276015
C,0.5624582226218023,0.7773509572350149
C,0.8349796279253023,0.8949720512875068
C,1.107677998657726,1.338831323357923
C,0.4586457233527658,0.3414514277973514
C,1.2741792227836468,1.9887049638699472
C,0.5080887383606183,0.6092972397443585
C,0.8575714629316323,1.038938262326066
C,0.724278422689528,1.3021089417279625
C,0.4188771609074731,0.7401580229606184
C,0.6939469865322894,0.868601017229562
C,0.49255278160486315,0.7362054267265251
C,1.1399670275932128,1.7061429018769807
C,0.5075840755690688,0.6019926907587111
C,0.6885257638381161,0.7510003834589499
C,0.7637711230875318,0.6585067821770794
C,0.5077214777897909,0.5436072294469043
C,0.31021837204441416,0.6452723715668461
C,0.5960123648024138,0.5985231780635246
C,0.8340125854897573,1.2176798343997557
C,0.6208518135899589,0.4241363620917738
C,0.7500291288693175,0.8347897855411819
C,0.33722353488911244,0.5701540972480063
C,0.6780365869870283,0.865002642537985
C,0.5257918310426142,1.3356995386097936
C,0.4599276381191496,0.8880297832312122
C,0.8827103557569449,1.1560206345246105
C,0.7533849114604025,0.5459183108593942
C,0.603789692988966,1.3645368836011746
C,0.18838778144538537,0.9779265742174711
C,0.8078279571085701,0.7258099470334232
C,0.8435664645128748,1.2383766534011926
C,1.1367015393468083,1.211354009160653
C,0.704120996361827,0.7212981240118993
C,0.3967899178597163,0.13819435548510334
C,0.5818081813136887,0.8860893391018255
C,0.26807931847545746,0.797283481568023
C,0.8827387281902666,1.476246002509054
C,1.0300266610933329,0.5357502040291967
C,0.6575845563598185,0.9694382315175035
C,0.5656545013353067,0.7645115788253137
C,0.8826563138035229,1.5058379429160993
C,0.6097598310365495,0.9940642072652999
C,0.520132626566102,1.2919778319083053
C,0.8771163243751143,0.4507968034158726
C,1.1960187400199511,1.7544367604488647
C,0.38160553808673786,0.32488902477411497
C,0.31918547360938926,0.3870396375412016
C,1.6540407200252232,2.973243262575712
C,0.7989235086002019,0.8332451207687643
C,0.9383549089600076,0.972712760498976
C,0.6074738425685139,0.3151757841365534
C,0.4370132412507789,0.8404849812709473
C,0.4829229554344377,0.24828278232664533
C,1.031543939966983,1.9526082579809307
C,0.6668802201511292,1.4700885193220852
C,0.5363321478520212,0.2961752086892135
C,0.5865174388690509,0.7564118672955301
C,1.2106504354732563,1.990579228161994
C,0.3482042273181168,0.8187882761418934
C,0.46026842449842725,0.3536047918861781
C,0.40803899633928425,0.7369319214777784
C,0.8933341289111907,1.1487164040289557
C,1.237512442412894,0.9569196190062793
C,0.7166159800775671,0.5593290794468385
C,0.3668808128954502,0.2903480365726002
C,0.6046440902806962,0.7144380537147501
C,0.5583279815416453,1.12485401823954
C,0.4396150695706348,1.9645077468076708
C,0.607142481938153,0.6065385146486542
C,0.32758934959196573,0.43430371224578546
C,0.3656120762671909,0.6564933196545037
C,0.36551536791745737,1.0374093157873645
C,1.4207171623562824,1.7896106903844555
C,0.4257689132189372,0.7179662004992271
C,0.9569837113697787,1.205320361325167
C,0.6628247879481871,0.7330580044152141
C,0.4775641658803323,0.9104375654381547
C,0.9826270974373534,1.2322278823939596
C,0.426838666092338,0.6042285947963029
C,0.6258237125352426,0.8903030009179143
C,0.5852667299698885,1.0701715962716
C,0.8412696333050309,0.6821667418832766
C,1.4090440987860018,1.6300522559716029
C,0.2547007532647544,0.2872179531875514
C,0.7045363555868335,1.042638526622464
C,0.5568292455588352,0.887409659805209
C,0.6369667695316742,0.7397948294824768
C,0.5368611812192675,0.9843122055412602
C,0.49856333144769244,0.26316950954538176
C,0.46154305293746434,0.3993796053609189
C,0.3311989421912935,0.6581196730697548
C,0.35471693383220687,0.7334476809185928
C,0.3671131875103368,0.43766364607634195
C,0.25652724095673946,0.6257332194576316
C,0.8450301206627938,1.0852607440595208
C,1.39764804171927,2.2281046299103253
C,1.1095760114941846,0.613382535363982
C,1.1766009097046484,1.2507707974392965
C,0.5434140036812258,0.2923561524637832
C,0.5177924619693459,0.6092066119366318
C,0.808585453909987,0.2970507498109482
C,0.39161476106194615,1.2423658877322548
C,0.2254080096448228,0.5640003669077568
C,0.452611754463436,0.41091781443910325
C,0.604732358575361,0.6704169686952656
C,0.5484393126737892,1.259679097835063
C,1.1834717732296678,1.334270843839093
C,0.5050314119460843,0.6993692242780717
C,0.31357638603819604,0.6324223650227716
C,0.4158564575428549,0.9512861605565329
C,0.5062334264592685,0.6361156611828384
C,0.47944135597181076,1.5291465699277806
C,0.8454032801107099,1.2867979080132508
C,0.6636258621009775,0.8247635547891098
C,1.0770905767414247,1.8811556441095
C,0.23806951662668846,0.4316777794239461
C,0.5962727175733518,1.1602060066462163
C,1.039758693721625,1.165311396325218
C,0.4410572234573094,0.6297816926308849
C,1.0609409039310902,1.7079947765507666
C,1.1898421469668823,1.7271660521326502
C,0.610315960149244,0.3606133144632052
C,0.7824836797070075,0.5084848948477554
C,0.9781068274198925,0.7181762595560499
C,0.25654299181899726,0.7659167586097111
C,0.9803721440059464,0.57045012129219
C,0.5264805380612828,0.5698393825621442
C,0.5072174184859476,0.45855537359208376
C,0.21014895598711344,0.7385795485500608
C,1.2940657565329223,1.1802053727598518
C,0.5819885320667377,1.0393974225194385
C,0.5124635242937848,0.23348277946680226
C,0.7069522639283464,1.37901762582789
C,0.6787398523128532,0.7426088296810398
C,0.7437146177601092,0.8852296869591282
C,0.8513898546318674,1.381702683561298
C,0.9288293319460943,1.9647760570807056
C,1.4950769611570747,1.1799169616912597
C,0.7184944212334118,1.0465086949896143
C,0.741127543698404,0.9132997867281163
C,0.41663468886767874,0.9407888939806776
C,0.25273339529281663,0.6959177375022861
C,0.6338319520066155,0.9976550970298697
C,0.6303001176425969,0.6750439492942035
C,0.9147356911382005,0.5188431957284901
C,0.21654407684639293,0.3214990300854267
C,0.48132650722563486,0.5402993136772171
C,0.5847995037357745,0.7046002030102444
C,0.3870443857790183,0.6071479016023742
C,0.46091928989197156,0.23469814378870008
C,1.0943132496630141,0.2821364507522374
C,0.3130320041788772,0.45556902324540144
C,0.6277570604568924,0.77937430773361
C,1.024670887175216,1.5056068876626816
C,0.12250062374312816,0.2978347003803599
C,0.3956350622496744,1.228117806505618
C,1.075625718563113,1.1851149144429758
C,0.648793220366137,2.517316888584087
C,0.4001569958258687,0.7197318435999596
C,0.9482543312934482,1.2981446837963437
C,0.5622460834312812,1.0509576178995514
C,0.8149759631929498,1.3667475304472645
C,1.2918536789341282,1.2502076287276445
C,0.7679745513751398,0.8471388506465415
C,0.6365595498888973,0.9180001856830865
C,0.3429599589948675,0.5013715087921022
C,0.38105964402197623,0.5037328876653161
C,0.7356760338839059,0.5977037300527799
C,0.5492704508038659,0.2567837648021805
C,0.6631953818080545,0.4767388236872579
C,0.5778353131215123,1.1760655679524266
C,0.7711978465590422,0.4396779157377878
C,0.5118479847081517,0.8135265882825369
C,0.7288928504633404,0.27744755912677455
C,0.6131969076630293,0.87454683072993
C,0.9951900385710466,2.4228838733022817
C,0.7141241107558326,0.7083871483554748
C,0.633219413698799,0.36498764923007543
C,1.3041523421657686,0.7129553841143588
C,1.5693269905026104,2.5899638490097443
C,0.2783647310049027,0.6270900257606798
C,0.38036530291687465,0.5931862335163866
C,0.7288688147603498,1.887353626256675
C,0.8959586687373282,1.1293792116055021
C,0.6817948946300182,0.5233455610327864
C,0.6116302022178365,0.705857562018053
C,0.598745714081621,0.7529761807607351
C,0.31308620501431433,0.5340712693386974
C,0.46416887148759745,1.2973247665584462
C,0.6075435670319117,0.39525618322813333
C,0.7442496896482397,1.3761920239664474
C,0.15429514510329437,0.6854178314989503
C,0.4959348249161235,1.0913810652772038
C,0.5241700279998242,1.1656710029065198
C,0.22838764992962649,0.8675189777233608
C,0.6951618557121084,0.22064902062593927
C,0.36176661446624303,0.3956315324870447
C,2.280083748770555,3.019041241509583
C,0.518168459592998,0.755915474864047
C,0.2640257730784237,0.7063713246263946
C,0.4473468815559512,1.457408330844984
C,0.26396993493722093,0.8460315974684652
C,0.539599757157513,1.219602612789604
C,1.454150843292942,1.530574103666091
C,1.0481599593153368,0.6800392428297671
C,0.5314238110208336,0.6833256850877447
C,0.92316344833469,1.1770549586819894
C,0.656108785095251,0.30196898460220906
C,0.4372254286464722,0.985818778192796
C,0.36540869200176224,1.1465682929511196
C,0.38690976443065406,0.6012025385773769
C,0.6166181768299918,1.6135908331516613
C,0.45426573157621714,0.5194022399511999
C,0.6900262307898026,1.264649601685582
C,0.7274240763653282,0.874462905008368
C,0.5708735253408044,0.9862441313550981
C,0.38591335741056015,0.603694878004695
C,0.4490825745042484,0.3945135868864023
C,1.4797934025013435,1.040081190019201
C,0.8472455362157895,1.1439257442824777
C,0.15686204193095674,0.13483620491215867
C,0.7448670142687706,0.7336049108400438
C,0.8056490410603665,0.7735197076855016
C,0.6408760768173914,0.8497698423495195
C,1.4985363929538864,1.4238957020990646
C,0.48059779896791577,1.083945103035297
C,0.5629245478762892,0.6818513064476271
C,0.7246278330856496,0.09947959998325609
C,0.63340874101506,0.4170785709909532
C,0.7093255906557808,1.1684746335288385
C,1.0267316803024447,1.6351696620265335
C,0.5543449185157218,0.7671835945249079
C,1.053356032463766,1.066156461659733
C,1.3058326380976553,1.1015278679182727
C,0.8560613318375081,1.2118882508832405
C,0.4667121459691036,0.46253055034938656
C,0.8694184364965791,1.4304464234798846
C,0.7590802785389261,1.9729998684269652
C,0.8617028733134248,1.528299148822602
C,0.6781009772186469,0.9255851235087474
C,0.6225237801648221,0.7675183399230023
C,0.4041240517388883,0.7910792255024823
C,0.7215842106475969,0.703066011727021
C,1.1910958776359482,1.9717760167613294
C,0.5896371545495236,1.222808527893789
C,0.35536626591819104,0.704552475398287
C,0.4253080342421249,0.30112137894660873
C,0.22408948748290483,0.20014069501600631
C,0.7981693246992939,1.1991236236211025
C,0.6713562206129746,0.6154716849181331
C,0.8134753878473493,1.150727197654609
C,0.27460127175731874,0.543762700914856
C,0.9692509305023457,1.1555382463349628
C,0.5746567783485719,0.4914883970255756
C,0.5157543925251455,0.9335308293539416
C,1.3505904818150454,0.89632045102833
C,0.6651361018698722,1.489997796454355
C,0.46414540144721494,0.22976331126074728
C,0.2755220411717332,0.6014803940124196
C,0.5437650132037295,0.6326871771887829
C,0.5622290357291155,0.9803335631300084
C,0.8778160604498223,1.9050352501137977
C,1.111279514343958,1.1799493056528008
C,0.807880682377337,0.9555173494033073
C,0.2330180863916439,0.550765400069387
C,0.6085876559700731,0.9881367754474808
C,0.6170530041091457,0.5790115051126986
C,0.36904189781418756,0.27821003155319196
C,0.7110005252297976,0.8314435416312417
C,0.5638324496901205,0.7755075296312415
C,0.6599141641795963,0.7257901609745943
C,1.4642933706758456,1.8748796477452716
C,0.7784499709966256,0.5935334802745527
C,0.454197472864813,1.164320169409596
C,0.42971150197650426,1.261212775195129
C,0.5345089139404651,0.5992112815032236
C,0.4606292297562338,0.42095818617302305
C,0.44375187487147205,0.6731245962890214
C,1.0369503189079716,1.6943243395428589
C,1.268866296593247,1.181874665671716
C,0.91535335152861,0.7486598187206378
C,0.8346936674957832,1.1043617165761828
C,0.34233490336573646,0.49383887725294917
C,0.3263675508570673,0.15994213555267667
C,0.24247156103754552,0.29300547956307216
C,0.861726627695521,1.1434085928735123
C,0.7378975492250573,0.5363977385818007
C,0.7063361191328085,0.5399548214831296
C,1.0630253109041123,0.8628256105989428
C,1.0335566796392088,0.8678167860196104
C,0.8252124568841659,0.8908589671999139
C,1.048652890153092,0.3576309542809552
C,0.6298090193574026,1.4855024595041193
C,0.5843524850448771,1.610797160217351
C,1.4120908412771578,1.6241809175632396
C,1.0466021342925291,1.5392891170704404
C,0.6676152795645189,0.6305931562160798
C,0.7877248868236268,0.6660132925939176
C,0.7209286468190345,0.7291520988361677
C,0.8853071681647307,0.5497831911515236
C,0.44699024918728164,0.561597331340786
C,0.4860783737990025,1.0116560911497945
C,0.6723373971237804,0.463774425151381
C,0.6651473074336138,1.135741432334396
C,0.37051657906827845,0.8058140091283894
C,1.0159925357284574,0.7918722392699168
C,0.8475196474126997,1.413821747598411
C,0.7673260372080054,0.9931309710946024
C,1.330305466319002,1.9334945384841928
C,0.8177507457012534,1.0397779377843273
C,0.45351522114606213,0.8209682822417781
C,0.2567708842063281,1.1038496574872763
C,0.6850942559930154,0.7106562649917699
C,0.7210455084383595,1.3323662741016447
C,0.400942024727045,0.44403022513481594
C,0.2604549182396512,0.3966498887676488
C,1.2733048197653012,0.9745172812068656
C,0.5844561317679903,0.724827151231599
C,0.3565996504917226,0.771707122871081
C,0.5670804326109949,0.8001574937329125
C,0.9139358644142925,0.24952217394690512
C,0.3341225728280893,0.8469051362551675
C,0.5273451329515882,0.5958555495094934
C,0.6430550354822164,0.7620398473895971
C,0.3394986762977952,0.47644293743582056
C,0.7405536098345927,1.50347853032203
C,0.9779757187045,0.7733880336953806
C,0.2791402449257185,0.2664957202374043
C,1.0571516885450098,1.161047510590398
C,0.47534572013163723,0.6888071143802952
C,0.262688349447436,0.19480798566372914
C,0.3632204837945242,1.7051553547732923
C,0.9615054820011334,0.7942450559165689
C,0.2905447476308538,0.7671093969748629
C,0.1317259524901874,1.1623370018407684
C,0.44205186271607655,1.0489622542079937
C,0.8537914459228159,0.6908931759246828
C,0.8884822729083551,1.0004489624268593
C,1.3456780489889781,1.6762679485230936
C,1.275682226288366,2.297224747361614
C,1.196747402251188,1.0924737415005055
C,0.4594863290704711,0.37380973857214206
C,0.4717338483974046,0.4075830060325202
C,0.5461860078638956,0.6244169977534741
C,0.7240353651989527,0.4991417622409567
C,0.45895722854667564,0.9604762821141959
C,0.45276335874995705,0.8346312519186868
C,0.33213889730323015,1.0377398564077964
C,1.0880420121888659,2.058926433651285
C,0.8281178615712874,2.1494461067177286
C,0.4586499095762203,0.8285134071818094
C,0.4947803554114114,0.9135815121591785
C,0.7089752750335013,0.6078892311830553
C,0.5598089070177403,0.33157964479172475
C,0.7900124672289276,1.8319593883748926
C,0.3713778215768308,0.6814570463587301
C,0.5715079445635947,0.2813576680241868
C,0.49301132207686255,0.7714823833278265
C,0.5658557295259933,0.5937994804622124
C,0.8345289510793549,0.6188257930589665
C,0.3054531785443199,0.16328393782635045
C,0.5327373328413386,1.0502025153704992
C,0.899875990874797,0.6773838200859666
C,0.9873833017317298,1.024765781598093
C,1.2425629345939535,0.9797428841055725
C,0.7635085480235366,0.777580394226978
C,0.5569106556352653,0.6005338919325405
C,0.7548003401058553,1.5264737537695487
C,0.7694852955600371,1.0691583422198871
C,0.6598013057404648,1.304938326277795
C,0.6110018070343004,0.9921837126596886
C,0.578954683271619,0.6985931218728543
C,0.6176937910075603,1.2509919971815724
C,0.2609582643557041,0.6656096180512029
C,0.3946532105770416,0.4422227709371636
C,0.23591023163288483,0.3696076933251363
C,0.6137758840270986,1.0332862157290066
C,0.7766878541419792,0.6497760632806612
C,0.17738417543896934,0.5042962419883932
C,0.5734723950598142,0.8828945989155554
C,0.7041505219841522,1.6734508586483254
C,0.5913666083924511,0.8873018162166205
C,0.9715016740605789,1.0343946899412775
C,0.7922884759660455,1.4384772467555282
C,0.5990996105988976,0.6488519719169636
C,1.7210812093470573,1.3832753568544758
C,0.896649067644879,1.4343159068950886
C,0.8341038688224001,1.0401992460005662
C,0.4840266359886608,1.6116961616136
C,0.42960760882369176,0.2519893339649599
C,0.6946831156981922,0.7515649615791655
C,0.6098155034695659,0.5427149020121784
C,0.711338722021513,1.9859924724359148
C,0.8103814658864308,1.3185972276685798
C,0.7863509305328045,0.7842074185758446
C,0.542768426623438,0.621047708245526
C,1.0037904480497957,1.3317754266840602
C,0.31757332197240845,0.23657091182897141
C,0.6021331385174222,0.7329714827775222
C,0.5277219639643946,0.3576088635227642
C,0.8173712084597765,1.4056986121970343
C,0.7056699804708945,0.6636548719277047
C,0.3538281177965215,0.4023662938181724
C,0.5947914950663536,0.6037852802213262
C,0.35619504756076276,0.21372733560809934
C,0.4748807070614973,1.599984508272674
C,1.1323959855824224,1.1078418254334337
C,0.6285900918371226,0.9351226323944707
C,0.41376420335941033,0.9057476215794052
C,0.4849228677251857,0.7148393434824755
C,1.0208076106799522,0.44785966374862646
C,0.3479436061745972,0.4504256206296987
C,0.8319741767325114,1.1224896035233496
C,0.378844789976095,0.44382143845328714
C,0.10989115230339926,0.763859959083423
C,0.6848699958417233,0.5294339887263654
C,0.5153333238524087,0.68389183150007
C,0.4478766882640011,0.45388776627019267
C,1.4742674051315443,0.7048763519109041
C,0.5630736932839812,0.9250020304671966
C,0.45908630626009245,0.29514422575660865
C,0.5903517620838631,1.2157610893443982
C,0.66681409686658,0.7063118347483761
C,0.5545240549586274,0.473889325245126
C,0.41047386057219765,0.7956065623782692
C,0.4846027107931874,1.4617920895117456
C,0.43642500035828335,1.3229299455211831
C,1.1893254888182232,1.8042134128145189
C,0.46173248330284716,1.3556430670160065
C,1.10696800553508,0.767167488591963
C,0.48942401247155315,0.6911093478181154
C,0.3247565333832732,0.28569148429083324
C,0.7733122903081496,1.7622815876348155
C,0.6264660989074987,0.39334079648964576
C,0.8676295468028523,1.6904934362696358
C,0.7082275919058808,0.793344876046702
C,1.0249242753064556,0.9825811565654976
C,0.4548756005420225,0.5132189181861158
C,0.479597227004351,0.5688981700547019
C,0.5106538714307727,1.0085656772307177
C,0.6208804606620445,0.8549671673542281
C,1.405829569020868,1.6917857586236698
C,0.7161672220284291,1.0718104063841276
C,0.5283651808558748,0.1926627144842038
C,0.7385437057889432,1.152365820215208
C,0.6241185346990764,0.936524206472853
C,1.4886745102816057,1.8106166822690781
C,0.9036557946767594,0.4363535261341088
C,0.8446673603780634,0.7472886188892021
C,0.9629889818299602,0.8786482541976723
C,0.574076462680561,0.9166671580203737
C,0.3949165203739803,0.36570003709735077
C,0.6026986197339392,0.4297112443528435
C,1.0018482403375195,0.36673211708123227
C,0.8308048497763205,0.9199648244419217
C,0.17999358223628015,0.5183489521234314
C,0.4206750423280163,1.1916711264505813
C,0.2268091937810644,0.3358097956309353
C,0.4056501746027304,0.17182674824990188
C,0.9352745284072271,0.6193280011723519
C,0.42748705694955885,0.9601268532552074
C,0.7867455612789515,0.7413910179702674
C,0.7332408900038194,0.28379649734647766
C,0.3810017170957455,0.3066950439218174
C,0.6488456531936078,0.23373566887407318
C,0.3810611835868862,0.3773816819738277
C,0.34782988687816074,0.3377321667098299
C,0.7987835134460742,1.1271598745556026
C,0.6110286982509894,0.43812285182587235
C,1.2460049687136476,1.0768091062095426
C,0.5481219597701283,0.5810986745845871
C,0.5619775661041191,1.124882195823919
C,0.3317555237486385,0.5440306695136171
C,0.4813780995191621,0.2881533268014236
C,0.26377032782167414,1.2380228769939388
C,0.6573796798185558,0.828337796102796
C,0.6339142049508727,0.6148649809802391
C,0.31327845462722664,0.4654302346171652
C,1.1518346153446863,1.3346402005259042
C,0.6744814493672214,1.4245944897211305
C,0.5432645682488554,1.2811469502024986
C,1.3914408675603829,1.7203039820484065
C,0.3939546856912157,1.4160328193160834
C,0.26383531064121896,0.16505211304867415
C,0.4837385641812465,0.7713423252896681
C,0.8212678766342036,0.8073326284006633
C,0.3256894618520698,0.8393985819434617
C,0.8300082162989442,1.6136274998940867
C,0.5474474547577242,1.2461236559021882
C,0.9816238844298891,1.3033956772169721
C,1.0889903820484088,1.1701121695192107
C,0.9647229886126473,0.7027977519640108
C,0.2853453030149614,1.127663608913219
C,0.5196633511910731,0.573468760648634
C,0.29126113383103025,0.14938186444088633
C,0.8326655110966549,1.1305480207752914
C,0.37048123307895003,0.9176924366951823
C,0.5874275074339721,0.4055819159621192
C,0.4837328363738646,1.152848854451554
C,0.24517169756330237,0.4295873147706862
C,1.202288126908071,1.8119588815322527
C,1.4701398644889287,1.2847636776114542
C,0.43573386943863013,0.39660058386662445
C,0.6342311807198656,0.7364386691824183
C,0.48537315663006114,0.52890273878173
C,0.3597556782069479,1.1461680435077584
C,0.29313869367022105,0.4839138706846632
C,0.3415024373088686,0.7573130948340333
C,0.7898395549608752,0.7759574678885711
C,1.5908056066292442,1.4443351944940144
C,0.7746588266879022,1.0443996037866832
C,1.0913186846160383,0.6045969995945497
C,0.7270511694467264,0.7433052838409627
C,0.6443890265184078,1.0907041467584773
C,0.35801251291889874,0.7503068249194398
C,0.6701361340735495,0.7605500681464222
C,0.8162853086645628,0.7967702756963974
C,1.2784838389726385,1.8668652678911921
C,1.4554640033206614,1.361516304022206
C,0.4239305122205975,0.41982232114693724
C,1.110377892750188,1.752967237061249
C,0.252632659277619,1.110842658838035
C,0.608320296510282,0.4862020720101967
C,0.4087637318207528,0.9710071123169501
C,0.7457856997288753,0.920865694652827
C,0.7971576433914644,0.54070534165188
C,0.36432160509606093,1.2951475002421844
C,0.9193135449586127,0.63359481837535
C,0.44070473173276165,0.45156101890497724
C,0.5429044017771095,0.6383781668413246
C,0.8412695518163913,0.6383604531055778
C,0.5665801981775196,0.8391658793470221
C,0.4620548875483882,0.5138755348904862
C,0.4205581624165404,1.006297867907951
C,0.9035607364874535,0.6227536874772965
C,0.5917833175502205,0.9855293368365321
C,0.617556194019215,0.49462677578946285
C,0.34087297591285115,0.3959950820839357
C,0.6106227756771475,0.5358393081590429
C,0.9831804966389867,1.582934233636175
C,0.7469522135752388,1.0965114121465307
C,0.5888197033520093,0.7646844956496157
C,0.4581632598072751,0.1022522389440443
C,0.8461171401183047,0.6953741178840505
C,0.4125218930672364,0.6328729145312612
C,0.42321858089627684,0.8543714660466436
C,0.6334995208332734,0.5623668158570312
C,0.7403059915950482,0.37759255881423803
C,1.0172596787088986,0.8433894635362081
C,0.3457627688823142,0.20228408252617833
C,0.823936836537205,1.0063201041437784
C,0.5591482176657273,1.2961218240494536
C,0.7639280822005734,1.010550143976779
C,0.4288841822354332,0.5534841496445536
C,0.43950790164452436,0.34770692315677637
C,0.765513640332015,1.3294153364918202
C,0.8036484135491903,1.3256628021384074
C,0.5824139585670493,1.054880759901866
C,0.6172644442006822,0.5545890417934582
C,0.45600337434052673,0.5036413704876166
C,0.9982605364099094,1.5081484565283452
C,0.5581357088413117,0.8301924147581379
C,0.627606970157478,1.280475190185502
C,1.0904178609600534,2.046739249543142
C,0.9006787380578709,0.747510844419971
C,0.2915669141248701,0.4278268368323434
C,1.410478402800643,0.8114571808330222
C,0.8125953621199241,1.265406151310456
C,0.5307208822554174,0.41553499640305536
C,0.4072190615912488,0.7333344075699276
C,0.5697523469048279,0.8624977421024058
C,0.6072715298981117,1.0607820713629619
C,0.8702677466792824,0.9637116982079499
C,1.614541525986655,2.7531606292519593
C,0.5740297083466644,1.6206561135492716
C,0.4716577712408231,0.471258696291552
C,0.38060336550151386,0.561288363670613
C,0.7094375129144043,0.6734830550484031
C,0.8597299134204525,1.14845379641195
C,0.3982197893972833,0.8375568697058442
C,0.9127769670253063,0.4574729930299717
C,0.5395919184744525,1.1617150935877518
C,0.525587519194686,0.9422171055367219
C,0.5108015107715999,0.6032931606700814
C,0.8529696539535501,0.6762823179028397
C,0.979809476317951,1.26941069800931
C,0.49649376869988443,1.568019585242556
C,0.42647684046831025,0.4818577122444679
C,0.9204201279655446,0.7899742815531086
C,0.9475224393474581,2.1442689259110432
C,0.8743721475987472,0.5454988243571518
C,0.49553809689425593,0.4278467757092199
C,0.16195339608968348,1.2084390865039434
C,0.44441112097335655,0.8492221412919027
C,0.8811131311352592,0.7070641283310094
C,0.67815361579962,0.8701710057327317
C,1.1318025237198843,1.375184448370181
C,1.6395619716219234,2.167646030101841
C,0.970733658247725,1.459699773483717
C,1.3700353941379073,1.7161621986504019
C,1.0100107340937932,1.6674860321699863
C,0.8735482497154246,0.7117070341433085
C,0.6121209801577614,0.7122677584372776
C,1.3067024439155435,1.761787821112369
C,0.967029594419047,0.4361395425307932
C,0.39291429615460455,0.6075445953317733
C,1.56126594082484,1.7010830481586834
C,0.9317477366345629,0.7226558288421852
C,0.2585663208176352,0.1389804590493233
C,0.23217256624622848,0.25812740944007667
C,0.33270589934712624,1.145316033353067
C,1.2077756670670783,1.3620906739544276
C,0.8509360266340177,1.2078281688451586
C,0.4922861623289552,0.4580326058324557
C,0.22207509003107034,0.06761068304789501
C,0.4574420628521476,0.1692053852654193
C,0.9021083001397832,0.9372735692277213
C,0.5215880022857914,1.0509693866977363
C,0.48457007400280505,1.554697265220406
C,0.580640574482465,0.6568160137227202
C,0.29071280303794395,0.8078676760252189
C,0.35459215245807013,0.8505909818132574
C,1.1027879151496136,1.5574457847751646
C,1.066901075712947,0.49516080662495154
C,1.0045494573034892,1.6210353821315462
C,0.4700149278997029,0.8928534354601125
C,0.5700086659178928,1.357913687171142
C,0.7181183147775984,0.935045267309582
C,0.543455171081572,1.0326967487975967
C,0.5959736316358466,0.5265487634876059
C,0.481229254182277,0.7695346120610965
C,0.7743644526609108,0.4153751771625352
C,0.6049701916791801,0.4491159683419512
C,0.5047693967231586,1.063663523722017
C,1.1401344468013885,1.8134113892383998
C,0.6737348030544805,1.0867404925675532
C,1.1284076855940899,1.7192097873855554
C,0.1283732436284199,0.12756300823381247
C,0.6442417160298217,0.501397501726596
C,1.1887666712827845,0.855205972759591
C,0.7662138314889765,0.26388710891522776
C,0.6630017597087305,0.24489188653774377
C,1.0338400418658733,1.6065160844503263
C,0.6245729287973469,0.8442090905626412
C,2.033213607187954,1.799121741157132
C,0.44216928245845044,0.66551315454241
C,0.40182880223409806,0.7465192657817113
C,0.5954420663868244,0.6803273540006394
C,0.5897263609215508,0.8091242665235886
C,0.49741857777944776,0.214037828778544
C,0.9884945536775579,1.5659190028703722
C,1.1988347086852529,1.4934537793579956
C,0.9103840112939595,1.4273615653402376
C,0.6151201168393294,1.0337094439873433
C,0.819053587958652,0.8627471353881088
C,0.6046774060130813,0.8831689800099543
C,0.5345711659347753,0.5537157598069887
C,1.086589985490905,1.7657432030459956
C,0.613619524030726,1.1418139822457043
C,0.7804777123487479,0.7704104970026288
C,0.7860456896552617,0.5830195618522899
C,0.8803906891330279,0.8962776116930347
C,0.6866818357142758,0.6732741670271397
C,0.5787338092468686,0.6662375595822986
C,0.6266153053563914,1.2762636790155935
C,0.5747643406148668,0.38160670080822384
C,0.7720362783104726,1.764952696677922
C,0.29832014706535076,0.6175287071418162
C,0.8811051601613955,0.9968657816535474
C,0.9391974834663716,1.0209625843841834
C,0.3617785377679049,0.6088734569707285
C,0.819081954228535,1.121365935959545
C,0.40811412986718815,0.33992375821951704
C,0.5230786420072077,0.7613485201464204
C,0.7562255984895447,1.466289258006464
C,1.0516802690181721,2.0060938658845298
C,0.6492332381202264,0.3385917083081689
C,0.6069331925962598,1.2604615578289764
C,0.6106541116561448,0.9382267850260845
C,0.46177461344273973,1.0299733058629583
C,0.16488211368707573,0.18768639376299873
C,0.4581720711889572,0.7063880738656264
C,0.17590559530618058,0.6371759638224439
C,0.5037163516865422,0.8900787335497692
C,0.31975525375745617,0.7867469271215762
C,0.5491867068677844,0.04981796595640109
C,0.8143534720178568,1.3156034111351171
C,0.625772011295773,0.7926624283884539
C,0.38482686764726615,0.8272594662974746
C,1.604351962052707,2.0277155908008435
C,0.3554001040877215,0.6677677081089388
C,0.39502095151127964,0.2801842856339279
C,0.6324338511929011,1.0210815307818686
C,0.22687930568096396,0.3006159450562647
C,0.5694147793650536,0.5217076198051899
C,0.38041825712934474,0.6510279090240225
C,0.810368721093315,1.598430952779633
C,1.5768558154519619,2.1412200980412694
C,0.8092649356997824,1.0355082750152906
C,0.5820237332959216,0.7699561586707167
C,0.6952951275007215,0.8139681831380052
C,0.4738605210332323,0.5417015466649507
C,0.908856588802712,0.704742033681439
C,0.641813347870447,0.5249447518981023
C,0.46683995959440977,0.5920208605565979
C,0.6160307777484594,0.7437469759364725
C,0.7991359335623799,0.7857572637002743
C,0.5993489616615253,1.1098031395407546
C,0.4433483065200214,0.739003320242747
C,0.932549807582329,0.9325198115433789
C,0.817050874509048,1.1518428699109278
C,0.755415533944009,0.9443354538496341
C,0.4832032419658158,0.48950667114998847
C,1.0948167816767613,0.9650856484375094
C,0.8804623414712329,1.6066855011982741
C,0.3005902580725104,0.661714419697751
C,0.9121344655857204,0.8076463035596811
C,0.5389811129010961,0.26051248301423446
C,1.8523938377398421,2.599857397075799
C,0.8346369924760523,0.8822643973100246
C,0.4727268348206958,0.30606840839440186
C,0.38660443178042103,1.0429044097697897
C,0.4201803031837104,0.3248732211135072
C,0.48271614373824284,0.4952691422462432
C,1.4699919685554017,1.2386071690790026
C,1.0756147744473454,1.6223700068504543
C,0.7633186051649775,1.3653887039019992
C,0.5623132962752547,0.4708073137819704
C,0.5950959528677834,0.8733244350603141
C,0.4694603429953511,0.8673342807465
C,0.49817068574273854,0.43724042232067584
C,0.5173104260681274,0.6939870088456629
C,0.9053568501355087,2.199499562546361
C,0.4500548419889312,0.9627744360816375
C,0.4213460621895333,0.6568162031704174
C,0.5697368403543972,0.3088944217188918
C,1.0492743803796174,0.5968399998956254
C,0.7651369785376223,1.244386981030678
C,1.0976389541943348,2.1742904684422686
C,1.0751772847359893,1.5112629612654713
C,0.1825408826555143,0.6127669063110834
C,0.4208761973332392,0.4818430917813169
C,1.2074336341066965,0.5535464732666423
C,0.4787371731809674,0.5764172433325073
C,0.502472061859203,1.1788367129180124
C,0.46356512447208065,1.1576281899219443
C,0.7213137134185653,0.7767851715622156
C,0.577194185872599,0.8489025535210512
C,0.4953972258234944,0.7698077904616637
C,0.5565912388493133,0.41202377488825964
C,0.8468354100016308,1.4225105233849584
C,0.37902807391006477,0.8103713353184412
C,0.24725041910628162,0.664442100525344
C,0.5772108898514093,1.0512948674362583
C,0.7754797637980717,0.8677844626142486
C,0.610311202245186,0.23463517507697032
C,0.4413978881967561,0.43843144361470304
C,0.7868932163627503,0.7483138849995311
C,0.8602561566320543,1.539712675125377
C,0.69879982271073,0.4369695507644798
C,0.5612183740189362,0.7240998785074948
C,1.14188380653348,1.8089847794239724
C,0.7142994777934193,1.4135543647242144
C,0.45027426633245327,0.9903967087220328
C,1.466424414069275,1.9216142651383195
C,0.6009409569384865,1.100712255399103
C,0.8151792827645481,2.1237596812371184
C,0.534753823086327,1.0836691758081907
C,0.752209572180161,1.2082307639029217
C,0.9860465900541072,1.6202011757890826
C,0.9388771993395506,1.0039781123702693
C,0.5151365599382928,1.4617886393820052
C,0.5854765989870754,0.4355314087578316
C,0.8816151208914166,1.5086700177443422
C,0.2949307618210193,0.921978110310398
C,0.5691560752137205,1.261628620059456
C,0.3897463975668918,0.8645734162695092
C,0.32384094164097865,0.31086042589158885
C,1.7871386038194197,1.7342811301781225
C,0.8198940565867814,1.25254284926621
C,0.2917030790941178,0.6379861511243498
C,0.554554023972487,0.2845908550764632
C,0.7494216950726492,1.3359941545515046
C,0.5656450300946729,0.5826859010416457
C,0.407177586970996,0.41591325218429387
C,0.7174760369328104,1.576215767483699
C,0.5167660819200366,1.0504491428783136
C,0.6642619776634154,1.1424932258952074
C,0.8344849032586342,1.0801939124531559
C,0.9524822778162775,1.3239986893347084
C,0.2565012645185972,0.45217603434311837
C,0.6867175494873635,0.8757298206147303
C,1.5116042127175986,2.123348139504345
C,0.6705356308209657,0.7681220326097642
C,0.7351194908637629,0.8338253604108189
C,0.6632998030627797,0.7095064656368311
C,0.9558844329646726,1.6551022381148124
C,0.32602812231570566,0.5484434651696967
C,0.7791811703133811,1.07544494859098
C,0.7233373181882288,1.0091212146968211
C,0.6390330621015821,0.36580417913655705
C,0.5584630790225359,0.355662594705932
C,1.1982052764873048,1.1802741706564561
C,0.8832203253999067,0.8577891238980374
C,0.8401956291850521,1.1502079963370724
C,0.6078509220499612,0.5880554777022833
C,1.0342260758123403,1.1523775411545847
C,1.5653936688240837,1.8518127301383898
C,0.9030563948402117,0.952558616966298
C,1.1365838783881466,1.5136072379447212
C,0.4548791637181002,0.6870869513300855
C,0.6981720388592421,1.0619316489927693
C,0.36220187505363244,0.6274577337247027
C,0.5388821328869333,0.5749938065566762
C,0.6500612545992683,0.4739131479828993
C,0.31071922694562637,0.8260324727292351
C,0.8198760887466845,0.8899784306513616
C,0.964810923147224,1.7082579863340772
C,0.768633692072113,0.9512627469734191
C,0.36478336820238355,0.8355457231897703
C,0.9240778864162179,1.070112931205349
C,0.14901327651185814,1.226602166791441
C,0.6280118988586365,0.9522183251970833
C,0.6511416854980414,1.1757590531917754
C,0.8825319089129477,0.6675640091839692
C,0.7154284943887966,0.3636581997185076
C,0.8802173696264994,0.7525375502038735
C,0.27937497186024896,0.4618160822606828
C,0.3098642165047832,0.2909471016990747
C,1.4875013590713528,1.500416491009942
C,0.5431374518729623,0.5554505416313628
C,1.6346307600747116,2.402385433792668
C,0.43235134519226354,0.6500213700760126
C,0.7594257504590216,1.1118269176964206
C,0.5533390065426006,0.5873899964412147
C,0.368586403732748,0.8384714043223036
C,0.7556378066550025,0.9879658563007806
C,0.8456047000786311,1.31973484072076
C,0.5081896089957664,0.28400518262449126
C,0.4395686515249507,0.27794554327117105
C,1.0106328003697567,1.909741959812099
C,0.47498564151080025,0.7348856576310226
C,0.41804175491272866,0.9921658003018174
C,1.0584779061745881,0.7773847131674253
C,1.071761393216414,1.0183584466816467
C,0.7216114715128358,0.5494198913798483
C,0.9343962415239463,0.7899281350684374
C,0.6237225736019186,0.890085320484801
C,0.7333528525628251,1.5107647500772423
C,2.296881280795536,3.244077662140183
C,0.9721539406441336,1.4892135247327647
C,0.5842077320933704,0.8923872357899769
C,0.7510146798486004,0.5989650035302592
C,0.7392371265288011,0.9176703861281912
C,0.5328486805934507,0.13202124797708473
C,0.8710998038602296,0.13940035572263307
C,0.30872379767985075,0.32327104258443795
C,0.584912938219479,0.719511371361604
C,0.9471525210179359,1.7431904303580967
C,0.3090815147274586,0.05213302444756528
C,0.30013329237057823,0.622686320829577
C,1.3660115591486777,0.7016801412362659
C,1.3372821692857417,1.7000471029238302
C,0.44746991445946216,0.4310310668103631
C,1.0060924733846326,1.2151677495784956
C,0.5638498649223534,0.18660519343730408
C,0.16325868801721452,0.1252242570273915
C,0.6517836711053955,1.5386882362643848
C,0.6769348044331622,1.0129173916957326
C,0.9809209736706096,1.889591330166789
C,0.6213540321686358,0.6793558846094663
C,0.39903946120010125,0.40511335351960487
C,0.9871398773942408,1.6837333032726072
C,0.5412312507881412,0.2353686878079161
C,0.837380540479196,1.0548505138191235
C,0.4675119105009166,0.9326803532115386
C,0.6661089083732231,1.0201445867152759
C,0.9915760286696814,1.3071744919612458
C,1.2665483807816231,1.0194677363261868
C,0.8582298011271117,1.528683784250324
C,0.6374960345866573,0.49090003139013105
C,0.9902694446680231,0.7617319063822011
C,0.8053241011020722,0.5867647706438159
C,0.779922452300116,0.40799992843898963
C,0.27659805013204947,0.9121803239840864
C,0.5467213834574642,0.46114675289774965
C,0.5695370111593179,0.2895138843158054
C,0.31586789555691264,0.49331149259381946
C,1.4530402728660825,1.111158548046243
C,0.978375110469375,1.4867827644001428
C,0.6026627292881098,0.544311050473767
C,0.5066736369291167,0.39310213660501475
C,0.7590214982634111,0.9196890694585632
C,0.544907468174203,0.7030075130725718
C,0.7504382860528914,0.3476192840979811
C,0.4042195539806823,0.7164570294292698
C,0.2549900501036781,0.5019270633347868
C,0.6861613169401795,0.852118307385639
C,0.1516582252842282,0.8220734054897767
C,0.44322814256908877,0.4177921697644046
C,0.47066380516595496,1.2356985526281647
C,0.4478407642238301,0.631265582542734
C,0.6431605149639424,1.0212192823980708
C,0.4948408501988651,0.42047587774456446
C,0.8174762621461256,0.6954694648606897
C,0.6002831426350308,0.5704848046197737
C,0.26650058807493143,0.918732410985413
C,1.2896113721166946,1.2133301819029816
C,0.4402627372470989,0.601295538936921
C,0.6328700856103716,1.02439411747711
C,0.9952366508024413,1.0790681593840536
C,0.8426186087109027,1.2645836470070186
C,0.5686715530481583,0.9807745355819758
C,1.0014308567473884,1.0775296385773434
C,0.8359522893254187,1.1225401796740815
C,0.6221382091104195,0.7467015730270737
C,0.6782485175078101,1.4706731112125833
C,0.9310150864923834,1.0275809946976127
C,0.5521093361261697,0.37429315776018435
C,1.085794417770108,0.817560198795914
C,0.4819460286031957,0.958238189179044
C,1.3645008169399737,1.1293481909915881
C,1.058252599191978,0.5301573297987602
C,1.1430961428581194,1.1509778685786662
C,0.6766020747437799,0.6769361887068739
C,0.4151607231613632,0.4734046066238782
C,1.047205442287171,0.7416105827571159
C,0.2609112767503842,0.2677323866562368
C,1.3385302096626992,1.587517575832274
C,0.8227292440722186,1.0795088350595219
C,0.5468446873394313,0.36556218421277714
C,0.6537794605496453,0.896480106656702
C,0.34735070913314425,1.19221334270744
C,0.3847684009107254,0.7625747522732982
C,0.556831718834708,0.3446790442867005
C,0.9106005690286015,1.138232186653607
C,0.4779908381224038,0.7716496992497607
C,0.886527326419785,0.5856963078795895
C,0.3960931712968482,0.6787247398703694
C,1.2241904253748612,0.600559838255523
C,0.7000816708742768,0.6556617041479331
C,0.8392313063916961,1.1327336601797091
C,0.3169918627586204,1.0681930577925378
C,0.14683546578584022,0.41208118707379776
C,0.4142256353765775,0.6396061354783044
C,0.3446817214058197,0.29986128332688416
C,0.3868908784122857,0.6585444626699896
C,1.0965895123515785,1.2120969488311317
C,0.8876001992112261,0.9905126535254768
C,0.8063317214220721,1.2229755065238141
C,0.6574599952947011,0.3535580828393188
C,1.2174634699623137,1.6558762044369286
C,0.7834269676408634,0.8501465662545048
C,0.5551213471734344,0.8024283753063948
C,0.2386820351453539,0.3481005371056482
C,1.1970597271940098,0.8145694614868235
C,0.7606018935046007,1.5437730703941628
C,0.43947954630132463,0.34806260610886863
C,0.4807735496409518,0.6196727377579812
C,0.43221554957890473,0.8226935491685302
C,1.0075348769489627,1.8930901757647116
C,0.516906032361815,0.9284722430960113
C,0.356295535814532,0.5666942450985425
C,0.8663366316939891,1.1157245898607993
C,0.4120361376566215,0.7615088715615655
C,1.6501507164171798,1.4539531529401628
C,0.9262896283047258,0.4043642013051738
C,0.8107916447377487,0.608744538745731
C,0.696812063596766,0.7014792621906365
C,0.4572862792678408,0.3921032725196459
C,0.6842423911379388,0.6555678659102087
C,0.6168479675144464,0.6520824606776372
C,0.8720231495924892,1.6136715406630577
C,0.7116275134849416,0.7326540536805579
C,0.25439838058857017,0.3624084520823092
C,0.8206273163191732,0.9895038299458944
C,0.4057061939107846,0.5810295112739152
C,0.36166628053737754,0.7374219952314829
C,1.0574827557567974,0.29193875260498736
C,0.5974665057481785,0.7932095373537014
C,1.1352357949052008,0.717270321244847
C,0.6700580082641179,1.074723899374499
C,1.1162685740163385,0.7544725993059374
C,0.9285919062383439,1.3393618750475171
C,0.3153512491890816,0.8824746964225841
C,0.4157047529675465,1.6793505885754199
C,0.6586410083873558,1.21610448928434
C,0.346597476854618,1.0219646785105565
C,0.31310991133829924,0.4913818681885436
C,1.4455813686754384,2.2871566032186137
C,0.42676222131288577,0.6816354077185478
C,0.3528098260810317,0.42115482454967473
C,1.2112271705061772,0.45043672194135104
C,0.7974004409982711,1.006500435729213
C,0.5153500180867476,0.5189549182594198
C,0.4210602600075149,0.8025450187543324
C,1.4911652269508624,1.4931890003876904
C,0.4282912123672509,0.5486206357378047
C,0.8596649446187139,0.73969291419332
C,0.5374912877760073,0.7411421254994651
C,0.6575415014549502,0.9455460690767336
C,1.147248507826932,1.7591272309483774
C,0.438280108927486,0.5625684828619826
C,0.538863768931112,0.43297190987350603
C,0.5600646358523876,0.8190252475983174
C,0.47217883887656165,0.5227284135493425
C,1.0869845759859318,0.5316121296541554
C,0.5102612084713096,1.1744845296044262
C,0.510493507453374,0.7442596405984313
C,0.357825776518153,0.3877301562020753
C,1.339467130849829,2.188527940932763
C,1.1829088962699323,0.9904464886536508
C,0.3391843755626857,0.4208678145872297
C,0.7160819244572376,1.1072600042414762
C,0.9348372550438391,1.2494497802653728
C,0.36090334924847267,0.3707212474299462
C,0.5175054253024871,0.6484404179772627
C,0.2438754494167626,0.31349503087796265
C,0.5146702655319773,0.7557967374501533
C,1.0428687156927143,1.7851195224740382
C,0.709230158407827,0.8888372523580486
C,0.2528776916811309,0.5304457546225165
C,0.47187803191384553,1.346713129921773
C,0.8958364203515713,1.2116660416661225
C,1.3685697207153218,2.003492535729466
C,0.49929428167648376,0.680580802194123
C,0.915367389809087,0.5915709457065641
C,1.2035051333725402,1.1819792073829523
C,0.38839369718166694,0.3750470325372261
C,0.21134851011077857,0.4956807764628594
C,0.2814699364628307,0.5434178847171958
C,0.8575025870938995,1.4719316033131027
C,0.4112798153107297,1.4715319846512287
C,1.038513489207645,1.5707649031085626
C,0.5982602983922836,1.460851823049818
C,1.1444727025588848,1.7212273764907313
C,0.6230809721078769,0.8582017669365755
C,0.931619695306814,1.3398587015382981
C,0.5341479316704687,0.2288853255843476
C,0.471069960877315,0.38564416651005096
C,0.46615561856891924,0.5502923671302556
C,0.4985408741489467,1.94733290091949
C,0.6533154017010515,1.1156673955821572
C,0.2800659202586482,0.5182577293475569
C,0.39959366782277644,0.10839321747630543
C,0.4802260571682703,1.0676972724809575
C,1.4026506305648578,1.2609774639002804
C,0.7696076454034756,0.8863154159643518
C,0.5136627078159862,0.9101751795824287
C,1.1182951842228426,0.24461791429590493
C,0.7159864202763335,1.2213428169385911
C,0.48525828954029715,0.2771359786571462
C,0.9405482923396721,0.5556372891797288
C,0.6321602760741716,0.8192843970329137
C,1.2047292055626722,1.8831279970421957
C,0.32545544996971887,1.1845034948051203
C,1.5626020239891674,1.8983947907878551
C,0.5685916133014935,0.4141337647521443
C,0.8210666285330656,0.9046641177258758
C,0.7091430942901952,0.48735728018531727
C,1.4200815579874186,1.3694177519612145
C,0.32703262071770617,0.34036778879182816
C,1.0133130812265008,0.3050735053097893
C,0.7658690148910275,1.250610242537394
C,0.71706113070032,0.6473250078074284
C,0.31345525409977526,0.48301237722737456
C,0.8549125321405461,0.7049618317768123
C,0.5806429347586202,0.9450639088595462
C,0.25759062504340857,0.366528749247249
C,0.5027907459517558,0.5504497906919071
C,0.8632187084496221,1.0038417692846644
C,0.8560792955663123,1.2132938190534528
C,0.5830777409513842,0.7983723824661695
C,0.5645070441915965,0.20735032516656904
C,0.5481643949087895,0.7933422596983545
C,0.4255720119737537,0.7984271040580173
C,0.6902286327415463,0.9468256287411524
C,0.42773357968395154,0.30442673989800595
C,0.653987379957692,0.45396895832737877
C,0.7740189487903861,1.2999639773368996
C,0.5048494363587479,0.3718943254766182
C,0.7737558487659038,1.0072627098942128
C,0.5773959249224054,0.8900704464100635
C,0.4979708198357531,0.7938379930542051
C,0.5795207562321726,0.7329701128254453
C,0.6758379672208805,0.7977489445964635
C,0.6661919782403893,0.4877438826321486
C,0.8510582246635402,2.1311389735905855
C,0.26198605905568056,0.3545372225363466
C,0.5353719847961909,0.6995433335272397
C,0.6541146385806763,0.6814109189841958
C,0.5529905175483047,0.9354837854094245
C,0.7433224864875619,0.9010700835584421
C,1.1428643668350909,0.9553841715810236
C,0.8934575130986674,1.343775610959651
C,0.9146060137333841,1.0804090503588462
C,0.3695174845068503,0.9218500242351058
C,0.28731693535166747,0.7753135030849471
C,0.6894804015621971,0.9812880944442678
C,0.9809536176272808,0.7823495354091441
C,0.5983754586424027,1.2113865226086014
C,0.4176836446582681,0.6533373054592594
C,0.34345687972778516,1.280369935898676
C,0.4385565841093379,1.0130112569819427
C,0.7927224780385382,0.6453882567522007
C,0.2295382394138793,0.3167353595593792
C,0.5061516088395795,1.2031619636739375
C,0.6483058287005846,0.9662066317719092
C,0.9323357269987002,1.168775965049444
C,0.4947722069244319,0.3750278235339435
C,0.2697647701524531,0.7857993573213866
C,0.5090503020022392,1.554082380998476
C,0.639087612959674,0.7683055579246678
C,1.555392951628635,2.0402988959810675
C,0.3307233998821238,0.599911780527024
C,0.764171825542663,0.8473555755490144
C,0.9461965272290311,1.1337213606429393
C,0.25177437442320966,0.3474740665908549
C,0.6348684111555702,1.6526115348585433
C,0.3367030188595259,1.0729278456352087
C,0.8223097515079858,0.5105246125941397
C,0.7315941056573864,0.41513718313227516
C,0.43156898953321154,0.4572684290903972
C,1.2063736629136612,1.8336422393888987
C,0.5124533757651538,1.321332822824077
C,0.5235229186972601,0.8972882150729304
C,0.5051884642186721,0.5696874007072933
C,0.7884582919002333,1.5687305003543475
C,0.48467981172558383,0.3832343418252006
C,0.5970269255880187,0.8791168080972315
C,1.1529648273204025,1.3874325543817771
C,0.5284594170000806,0.5083662846630422
C,0.4792493425743427,1.4800471174296475
C,0.7314510251487354,0.8055321467184642
C,0.5123851534924765,0.38805543184774827
C,0.4997715568477038,0.6501512727235351
C,0.6091806018288384,0.8201510504496253
C,0.4455437882243446,0.9492262362596702
C,0.5106069378308141,0.7661386824204941
C,0.6345313909645235,0.9308522142153617
C,1.0811913031156708,1.3819518169525724
C,0.5863505188170028,0.6517572599729592
C,0.5791587489611819,1.2639989449723696
C,0.6046835942322591,2.5421489723983806
C,0.6064890089168213,0.6378026466150514
C,0.4833258913898247,0.9415739946412466
C,0.4445115524054571,0.7197925223779592
C,0.6033004691167165,0.47278399896078505
C,0.8153093528375631,1.167680146302222
C,0.49273470329263863,0.4473389913890896
C,0.4578100550514723,0.656316317905493
C,0.8663556921358513,0.31874169487640036
C,1.3919482891511588,1.3517720480353108
C,0.3649121485314005,0.2073282762906471
C,0.6447422769278912,1.1357135840396095
C,1.2034991281145822,1.4463900529894824
C,0.9034665234326337,1.3729454897030067
C,0.7096004322530564,1.2020672044210534
C,0.7081357822465568,0.9754762533288791
C,0.5208076359949283,0.4741644550566455
C,0.7886094948277148,1.7908677565812958
C,0.5912310222542068,0.48289979346880996
C,0.8808057508756668,1.5920643214141603
C,0.8936532708163751,1.4717327021821984
C,0.7817898863628759,0.6469381015867125
C,0.4833096790221699,0.5375759013233602
C,1.0564509685561145,1.1131617599098245
C,1.0316946388362682,1.0420933712015525
C,0.3449798362805947,0.28889968741127875
C,0.8242804437969363,1.2578899981080605
C,0.8679628388969607,0.8990222939460158
C,0.4153577381347617,0.09306896765415866
C,0.6971163372285466,1.0228823697517735
C,0.7727534404807074,1.2459579351471837
C,1.1935241304972926,1.4242734706383147
C,0.5204533677694396,1.2304636253983054
C,0.5414148855838712,0.7896250439878352
C,0.8893481188941813,0.8700943435072653
C,0.8196908254873234,0.7032151802719817
C,0.6758343123775387,0.6667318625092973
C,0.5009811407898745,0.40611459849315895
C,0.2705048153471344,0.2748620756800784
C,0.6282613198629418,0.8356059095287228
C,0.3076177593234147,0.5329767808912389
C,0.8261386095358969,1.0552150898261474
C,0.3869126515613463,0.9304692957647266
C,0.6614641029080246,0.8292338661913474
C,0.38146805731286465,0.5684752151303146
C,1.0904631606060686,1.611879823581503
C,0.9945776107688526,0.40113384606512636
C,0.925220966620765,1.1552811937372125
C,0.9731585159238436,0.6600015120083418
C,0.3803499306577196,0.6052012085564001
C,0.6584637532192725,0.5069816876969266
C,0.2643912135330808,0.16846660357990487
C,0.7975969416426506,1.715421095830849
C,0.44640190086429343,0.8710236547498951
C,0.7863685754691596,1.4133763973576716
C,0.5995271883639618,1.6329168038698936
C,0.9359944932418965,0.9553111156968481
C,0.8349717968385133,1.4100629412680101
C,0.7646685247969185,1.1090103930727626
C,0.5044905592982101,0.8531941105381003
C,0.6111859712080636,0.5429024356370113
C,1.0080517043204296,1.2806080318005486
C,2.3972805881905064,3.025274270428243
C,1.5661821823612245,1.7470441037852587
C,1.321010935101957,2.1543879129544368
C,0.3192626827425404,1.152289997222927
C,0.42195168377892783,0.976792754615297
C,0.7942564848054462,0.7679023510212684
C,0.84864096602825,0.9323772824560557
C,0.6297073643967422,1.0405984568201696
C,0.5410280658891978,0.9334744245458972
C,0.838134394784244,0.8197298743253141
C,1.0668897445407535,1.5868391038045007
C,0.8979414080714713,0.8719577160234248
C,0.5450779913519059,0.8458152186645154
C,0.4914363256846164,1.0521287597100628
C,1.1109591919084907,1.2210547608887405
C,0.4148994932390271,0.897433952273481
C,0.8491105223283782,2.0808170790447815
C,0.5985555964539263,0.4254317919462385
C,0.6618524961279186,0.4205183715897938
C,0.4558657672199415,0.4334328037186741
C,0.45983369161360715,0.5906639577964676
C,0.7378935780248547,0.7556253522304457
C,0.37480978140536025,0.5455329937703876
C,1.2479194753332323,0.9249096050153024
C,0.09822505044377934,0.5815023726748063
C,1.609512256057805,1.8403505442254342
C,0.26764629143788354,0.49855571055856923
C,0.6135123358453691,1.184031999640056
C,1.0589091944230984,1.0087556347636473
C,0.8992262100369124,0.7973281802556866
C,0.6720926617192723,1.0348349228223834
C,0.3961549459908371,0.927833030694131
C,0.33228317389458395,0.5295086249656114
C,0.7002129305132203,0.3264427055700898
C,0.6114416353391087,1.4408996847402231
C,1.2176832029339122,2.276264704269075
C,0.23557658683815777,1.2024845903554338
C,0.814971397131884,0.8858301909644744
C,1.1031467006795295,0.8999996255707465
C,0.6481206106766557,0.516422863501215
C,0.44097521059116385,0.5356322660522549
C,0.7974070265890671,0.9735741961383662
C,1.1038294615614064,1.57588916086405
C,0.43450976515310763,0.5673394164472427
C,0.5516827803122311,0.48187863842957057
C,0.4596714192445297,0.6309878618843134
C,0.6969331529040388,1.056539842870372
C,0.5871722648734233,0.5590325640852649
C,0.42442443429790827,0.2892078243793256
C,0.4824591811657929,0.39441700070491176
C,0.47306821833426194,0.35796405171965046
C,0.9558446351689582,0.7978847992009792
C,0.44784587895796973,0.5471079935267378
C,0.8528662927981776,0.5281834107290571
C,0.8567259847346635,0.9987951171293616
C,0.32453409915237136,0.289440315617899
C,0.8590875807481803,0.8199198057738317
C,0.7351751255302407,1.2189121608117839
C,1.0158729143051592,1.238556474780263
C,0.9262242247687149,1.1690279979284024
C,0.41312125388327925,0.7278613545616093
C,0.4950294381999661,1.1441931653120934
C,0.7697659832627859,0.765971211110827
C,0.7735070000461506,1.8016624036195277
C,0.685480963675921,0.1673282359439176
C,0.8297449727735005,0.6630104184556261
C,0.5613530186834538,1.3962056483031682
C,1.0725243819413512,0.9988679293498564
C,0.9974063986091757,1.2855431859259137
C,0.5514823551833635,0.741289901696367
C,0.3781529487595982,1.156371496851444
C,0.629209704114639,1.1824944591913893
C,0.6894459080481543,1.493102770326411
C,0.4156597930645009,1.0581662123323152
C,0.6570933537797493,0.7242634401066235
C,0.6607124957374422,1.4338953477718341
C,0.5946782822826518,0.9254663155978322
C,0.4087605599322128,0.8767138054699032
C,0.36930073598596846,0.37633751294879536
C,0.8411135889866278,1.1859382828494314
C,0.8587947936576075,0.7155932446959453
C,0.339242624593494,0.7443478652868286
C,0.24978457982114227,0.8073468592886144
C,1.108421244020884,0.8785386266144263
C,0.4497413608249524,0.4554768285709363
C,0.4744655776406734,0.49120670057011667
C,0.9651620008947349,0.6426620444037334
C,0.5634245589639055,0.6869726932766004
C,0.7051388328820712,0.5736854636862356
C,0.991297254184413,0.900462831578944
C,1.0317130076608014,0.49591258670792204
C,0.5642903235748721,0.8540713779955993
C,0.4156637620770261,0.9002669692242046
C,1.1569486204645252,1.0737896380346776
C,0.7777367565474168,0.8927552319873072
C,0.8498953708290249,1.4526904473672648
C,0.41610051813186677,0.9079372538869688
C,0.7906328515230971,1.5414378365608394
C,0.4745444201330379,0.7367010931587814
C,0.4826879191756339,0.8666811724336952
C,1.876959465784275,2.373147518398135
C,0.3181849538966747,0.6439178625085067
C,0.5511118256796994,0.48768625135619403
C,0.20810813250994972,0.31660583178299917
C,0.35095078415677755,0.6953795306420728
C,0.46871413766765363,0.5469620488618303
C,0.6433337641251826,1.523959921953895
C,0.2393161355389823,0.8987394380543003
C,0.9194550075701517,1.29616586365628
C,0.7219574348364839,0.6475039501067976
C,0.6400643269422163,0.8978290123813181
C,1.2171990024563244,0.9833841769720084
C,1.9562692123306755,2.080631034742605
C,0.8620631644733547,1.4418017439927002
C,0.40418672911210635,0.9685187327605821
C,0.3505895762684353,1.3427391245712241
C,0.6892958907313228,0.4020977878972436
C,0.9214734369555225,0.6013697912469116
C,0.21103934734496338,0.9221316741644147
C,0.36069337704004395,0.8420412925255027
C,0.6198202307560304,1.745885274500919
C,0.3020475303525084,0.18452785105438194
C,0.5664245299667872,0.30020167303559514
C,0.9343785753436858,0.48927598174105646
C,0.5187677672604456,0.929850234340633
C,0.9169414896152381,0.9605070050383262
C,1.5504589830827542,2.1202298297639883
C,0.6185873082434602,1.3427564068362883
C,1.168457322988362,1.211229416226107
C,0.9730403999165075,1.5229086443930464
C,0.42250634534130654,0.8271119211028715
C,0.2405593813300826,0.5860998958643572
C,0.752563688629077,0.5230276518048387
C,1.048988933535473,0.5878150972683713
C,0.6793072007045798,1.1013766131558604
C,1.0164033576585252,0.7093345722722854
C,0.41087282501849376,0.7462276767785656
C,0.643290567922862,0.48742474265534314
C,0.5943176645280487,0.8080178803923667
C,0.5208195586643876,0.41470988302318906
C,1.1319160339814511,0.9165465306116977
C,0.9707964693450486,1.5214829588393348
C,0.7472324690561772,0.33827148890761183
C,0.7854384553327801,1.3780682416592067
C,0.5196168678304656,0.7568749964326198
C,0.2958257076745048,0.9241410772949723
C,1.236403861415608,1.3482025734377565
C,0.6326769088024702,0.7919531978218143
C,0.4832186095152912,0.45821588734371554
C,0.4276452567543462,1.5928876150378946
C,0.8068191147872952,1.3338611736407853
C,0.6032830118638108,0.7173969325153808
C,0.4685497973496354,0.6578095844664164
C,0.5716162734158585,0.6309363465406679
C,0.5821847202498248,0.5363961270183294
C,0.6228887550209135,0.45647710040573974
C,0.86058339602129,0.5819170051574766
C,0.6594695605173325,0.9487974804188888
C,0.43062600481436414,0.9332579387830983
C,0.35997961815629476,0.8344775831456696
C,0.5042722590095419,0.7122239265397136
C,0.7228967236049417,0.7584237232837662
C,0.962594175974943,0.7782511101887227
C,0.31002771808787544,0.8591482557603136
C,0.5924258211565236,1.6842711368749113
C,1.1339729497766484,1.689634058155578
C,0.53032210538811,0.5450139294118064
C,0.7521849673795882,0.6210203008079447
C,0.35696737126741995,0.6121440160095438
C,0.5014413977099019,0.7390252143620187
C,0.594025848971019,1.5226242399538774
C,0.5363223335462035,0.3914317944286106
C,0.4241006276338583,0.6803007743888537
C,0.8010796549139653,0.9776321184491286
C,0.4356446636348841,0.2814003031855766
C,0.3856583537404595,0.6647409552095457
C,0.6718870014319046,1.1594730024478925
C,0.7907765461673312,0.9777866592973278
C,0.4048491222591228,1.3277291728268714
C,0.7527093863359894,1.0968593742532415
C,0.7844901410197538,1.3161200333346375
C,1.1058195477130974,0.7609902527232817
C,0.4496613347156235,0.13811595508016417
C,0.6717266349538843,0.8103836603673956
C,0.7960432737160339,1.7097650460984009
C,0.6486036060529412,1.0793942665342546
C,0.6758636773425944,0.9216502291673191
C,0.7132413084865791,0.6707434285587568
C,0.7784718088870597,1.0357782528885642
C,0.2608327275643261,0.8168097471332922
C,1.2749232279704628,1.8327158627232802
C,0.6366009566768153,1.083558484296002
C,0.7158929365323912,0.8521526441760834
C,0.4500362086288375,0.628752288459373
C,0.5237759985108801,0.5142338699561233
C,0.5581796256055633,1.2761850236685932
C,0.8603105529652851,1.0741846677829205
C,0.5608205827926518,0.3770973089901397
C,1.0964433958105182,0.586124016882231
C,0.4469699674090584,0.4768205021125084
C,0.8022615041333729,0.8622533094938214
C,1.7467773385151038,2.574471823977071
C,0.5706827774824953,0.7651979115295229
C,0.42449425629123017,0.6633811888502609
C,0.9099004428080375,0.3632504983766247
C,0.3684823029042691,0.7707638269636545
C,0.7796005609132249,0.8791414448953833
C,0.5380326143940172,0.6343891091401098
C,0.1863648854951723,0.7466884421567747
C,0.44399423553469675,0.22212860985646213
C,0.4233625539105313,0.46725072188588
C,0.6791053466581538,0.7303513286704072
C,0.8300850375345967,2.5295456776370884
C,0.6261254073962728,1.5900465640709833
C,0.44682153660058427,0.4347713829679295
C,1.2576357637844753,1.2316590771798763
C,0.41697686292586245,0.641484687280382
C,0.9593839230380852,1.0969752229325425
C,0.7731982536967189,0.8743168108976562
C,0.5483829207076086,1.477225101993438
C,1.5627417529265548,2.809452276628737
C,0.565379357204506,1.1023177810526286
C,0.7531095296939928,0.6099386282671045
C,0.9918124269585167,1.278936925747491
C,0.3187909068426098,0.549257301582629
C,0.32173649330868903,0.6255941211595222
C,0.7101574499857397,1.409760005448868
C,1.0691016199545658,0.10314903083859826
C,0.4893456392790079,0.8300046880508221
C,0.5879495705204826,1.3247178375458502
C,0.6944091037206523,0.7469404635175982
C,0.9447465672819398,1.579006649200168
C,1.325395774810527,1.7867146908264602
C,1.0170655008532734,1.445488459293159
C,1.0287300845535798,0.8624934953329796
C,0.6309732046828844,1.440304550389246
C,0.6496910937343456,0.5608229004851449
C,0.3070623408867362,1.157580511114325
C,0.5761552805646156,1.0474567073744847
C,0.3385611140248573,0.1365827409395596
C,0.5252214413952622,0.4363405954407484
C,0.32799710916987096,0.2887601722860078
C,0.3932183649975715,0.5431724079614407
C,0.4581704100509811,1.3902640748945776
C,0.8032869328828458,1.0591783611499948
C,0.4127444846484433,0.37843422195542
C,0.7794293614772354,1.9007086525775145
C,1.2767542630766229,2.046046094357077
C,0.4688379744256594,0.3928754831273091
C,0.8330690907302847,0.3588168702962473
C,0.4983504057525138,0.7268829233958473
C,0.7393271223134043,0.26336893545844625
C,0.3798877044880645,0.9943360476887975
C,1.059408862220665,1.5182440736023637
C,0.7348989961424816,0.3660704810282241
C,1.221820128046238,2.3727034158824973
C,1.0182634913829902,2.0870575364531665
C,0.20097639657233646,0.5573578554303698
C,0.5373588145336746,0.1436201798430374
C,0.7462900769566442,0.32421592677750927
C,0.8782598794262839,1.1745172614772474
C,0.5129109603011225,1.3000833958058786
C,0.21060709817846934,0.40006758253631475
C,0.48794014262632673,1.0177905299992132
C,0.27152772359690164,0.7637306792232001
C,0.8241721644869878,1.3024009829601868
C,0.41584338098855295,0.5461030058175275
C,0.823990037593322,1.3596443424239597
C,0.5684205115149225,0.356033277106795
C,0.22201168869103047,0.5404219228346455
C,0.8069522922064439,1.7416218497568365
C,0.42806636662995184,0.28670008528460006
C,0.9264403576926685,0.9013987195599281
C,0.44895861522074865,0.5685643760060519
C,0.46006770899506955,1.1837763576392215
C,0.583405927267755,0.4884111753719325
C,0.8531333101182261,2.0420733907943998
C,1.0579752838817733,1.1317177506972316
C,0.668671685447663,0.9171546186978907
C,0.41928984569754785,0.5024012193310157
C,0.4110775866551859,0.9920122816816112
C,0.7113394678189409,1.0746530692836385
C,0.9871469674867176,0.693148857465784
C,0.6013264470418085,0.6430665303639582
C,0.4661766602779179,0.9851489688978878
C,1.1108021674406268,0.7266746698101744
C,0.9453179841733308,1.6549995190956923
C,0.8405489436396614,0.6074119375081527
C,0.5951016776860608,0.4719182132296158
C,1.0513239959502005,1.5185314383170896
C,0.29097602001162876,0.5768906652300602
C,0.500347068552701,1.6381012910845265
C,0.6994634252740142,1.685723758274788
C,0.5704423761508428,1.149805223268446
C,0.6138826204017716,0.29495041751395185
C,0.5462398587337814,0.8276910744589855
C,0.5462916359973873,1.2088705066993248
C,1.1316025535832135,1.2409210579676873
C,0.5890811478148875,0.6313748823419643
C,0.39915855521971483,0.43457303060275293
C,1.0532268591005176,0.72027996617289
C,0.6489798517883782,0.5819722935082242
C,0.6156298471693025,0.9807012747015084
C,0.24811293851883268,0.4063567011691198
C,0.6363206063129107,0.8088562973656096
C,0.6914977995906114,1.905479284410667
C,0.7145122698541474,0.7953454378844536
C,0.7713756404317619,0.8752408891246364
C,1.1427150694318542,2.4007472569761803
C,0.8683457586930207,1.2356015606825899
C,0.42388751605197234,0.46838654618983633
C,0.417277427736443,0.7210428863666267
C,1.209401040822732,1.8274087662448615
C,0.6181743691055873,0.5950685685199577
C,0.7055274711049461,1.2184012052966948
C,0.4367280775253165,0.377676395164405
C,0.9275203111352006,1.3796416345145783
C,0.39771090183999613,0.7263255397926757
C,0.4434969428132139,1.069913943869042
C,0.47679745561234427,0.5250310606340944
C,0.9836678905570468,1.2516498254018635
C,0.46210453046152133,0.3229047053623166
C,0.674902243964395,0.6725989529637744
C,0.88656611898626,1.0451503442958343
C,0.5904419598105193,0.5003589014093958
C,0.780071832856101,1.0556544495883728
C,0.9564591118849747,0.9706020037285168
C,0.6302365902779271,0.8904201991583531
C,0.41240272286865415,0.45050428230529294
C,0.2953819412403319,0.36029561781512354
C,0.7517366958316726,1.2323113152724818
C,0.7636521997599977,0.8735530202735028
C,0.6518508558391178,0.5970660996937167
C,0.5992300903620725,0.7885622302382556
C,1.1362220835140593,0.801007004131396
C,0.21757974377011743,0.2738886293401634
C,0.37204650623217805,1.349646156683575
C,1.0084059939546046,0.8195332756308976
C,0.8599601640706178,1.0329584023785636
C,1.0547739014597002,0.792643999669575
C,0.8262446128421524,0.8947074343012619
C,0.5354885498649727,0.9248666120662784
C,0.9106735262111157,0.6976159583109426
C,0.6930510054285185,0.5865181463183584
C,0.45613796148877533,0.28801283804741723
C,1.790444963267115,1.9654314020977652
C,1.3358343135685358,1.8627446246250405
C,0.5779707017439717,0.7451885171586445
C,0.4438313982839381,0.18906941085288986
C,0.8788525504028336,0.8629039502921452
C,0.42064505875530356,1.1196428341701388
C,1.0192498855603598,1.2648521585397174
C,0.41885376039218053,0.6001677082271625
C,0.33038104698239695,0.6489450808657888
C,0.7360390253907122,1.001975593181463
C,0.8786660912515166,0.7887600870359458
C,0.8399629775435902,0.7977134575500063
C,0.35400379730297826,0.1778259972007086
C,0.49880377554655375,0.8382108398880467
C,0.6233068771418081,0.34849314556492395
C,0.6368936122689114,0.7542609583430939
C,0.5380607034233619,1.2479215858687107
C,0.3097288892396982,0.7145235028309045
C,0.7030884415867489,1.2102749249965061
C,0.5044220738314276,0.502655354039725
C,1.545355675064118,2.196382359266436
C,0.6513793750478837,1.3995598271459262
C,0.5053866041189793,0.6557901847751256
C,0.4035457155314819,0.49550014530872993
C,0.3457053413501696,0.527627123544981
C,0.4461556298919743,0.19536459567288358
C,0.380048372906558,0.8159648494194398
C,0.7133629103585389,0.5993346907230634
C,0.9856865229325936,0.8391744214772456
C,0.6454849488213299,0.6119736098833941
C,0.4151701131960964,0.5989451270258069
C,1.30215062425304,1.5238603427721955
C,1.1527116784938125,0.3980533929788567
C,0.4373275637920028,0.6026982175324201
C,0.428549095926807,1.1847611612435691
C,0.7572560752031587,0.8528785885955672
C,0.6807782363667255,0.7210068614169449
C,0.5352943675167502,0.7524584292028027
C,0.7168170109975256,1.231137362227327
C,0.5359202198956725,0.5732103303858566
C,0.399382054003073,1.0424975823764122
C,0.2718107843553863,0.6541304757627788
C,1.087251332206566,0.7205589843446714
C,0.7620814159924028,1.24946727955795
C,0.7716790187382451,0.716449536761382
C,0.4936198496757517,0.6299277313307212
C,0.8855884317482686,0.1575275237202667
C,0.7600159168717252,0.5063275428024614
C,1.3889341120811747,2.427518213194462
C,0.8314959181968323,0.5034313022237876
C,0.2211903095670415,0.31752681032914426
C,0.5870719985850442,0.31301519715586906
C,1.4076194702617015,2.7086521315121126
C,0.6261939298651958,1.3751350126826853
C,0.658095192718968,1.045481197944822
C,0.5648730479853783,1.1154589166832187
C,1.2983381149413824,2.014119621989864
C,0.7813346850580206,0.7153807446835854
C,1.209728976086593,0.7296362476896573
C,0.4826678400001224,0.6729116357933238
C,0.9997994208328812,0.8743398466759963
C,0.5775839802553427,0.9198788534453892
C,0.7201163462731419,0.5465208222223783
C,0.6858941467729144,0.5125084633957616
C,0.43420216610469264,0.6952915811754907
C,1.005639016165156,0.2715312624231518
C,0.6868830367003913,0.6044981962806492
C,0.898866349968641,1.051109778161223
C,0.7368896232669554,1.2683693178734607
C,0.8092381268853757,0.4746056166173032
C,0.4260251605002202,0.6963808043385199
C,0.7368078539521027,0.8920398236082223
C,0.46067403522609934,0.21113877961770317
C,0.6679777366633024,1.2948461447329263
C,0.4836991576098637,0.7521396625794236
C,0.5086722761723966,1.2099324585760205
C,0.5282659493925209,0.6465381674875538
C,0.47000455802879204,0.7127360613857271
C,1.0066316206720314,1.4705606616846683
C,0.9283355118444251,0.6392392460229306
C,0.8043584898256156,0.7595143887422043
C,1.6135646332742384,1.5503319418898065
C,0.3252014015587278,0.8844609372427141
C,0.814754893172914,1.5645346959899076
C,1.0435062425493464,1.777559640230324
C,0.4680439213310282,0.42265876095429145
C,0.5470758285427444,0.1205869054299085
C,1.0317409821001298,0.6996163207829672
C,0.6639322352731256,1.66704069546683
C,0.7578179582529273,0.48486543620906686
C,0.6673249318216268,1.274781080126063
C,0.940027505511634,1.65721051263679
C,0.9598903786319095,1.8912215465346174
C,0.6407399539491003,1.4839507616715213
C,0.37117044035211866,0.8674176185983609
C,1.0845221456661893,1.120419988945783
C,0.7241473079298791,0.9157776281604273
C,0.7081860302491458,0.686439694999769
C,0.7184317277721152,0.9692529646833309
C,0.6136496361178544,1.482482439396959
C,0.9866267313657089,0.8859804801749034
C,1.4273212174918386,1.1948816483344702
C,0.3414132324066085,0.21221802892803254
C,1.1886840441379833,0.8110947361318434
C,0.6425586124675091,0.3867476283940945
C,0.5797916057357904,0.8479021442220912
C,0.5407262801022533,0.8496633901310109
C,0.3467614731996355,0.4943207191589386
C,0.48689863459815036,0.5637786087232519
C,0.6559384475364878,1.0666457826442675
C,0.6875004809173466,1.298367264009551
C,0.8698697175587498,2.227736071883894
C,0.8944550290379197,0.3192247674410574
C,0.29762635774550444,0.6166440977276665
C,0.6388049879905642,0.6230468827210702
C,0.6978043697616131,0.8176117951643352
C,0.6163507955446812,0.3448087262896733
C,0.6488473066460909,0.8129215933835996
C,0.4650482845428965,0.23066542319687383
C,0.8391157522255204,1.1764926409231715
C,1.056218778209086,1.3801298677374967
C,0.1784398958996927,1.207481205929042
C,1.2637489049541333,0.9707329154777918
C,1.0945387161314841,0.7650557384388206
C,0.42896771036380904,0.7043353733967965
C,0.6095599752955364,1.9294959095988204
C,0.3169090735956426,0.5658755367669889
C,1.0902297889507933,1.8499854073857216
C,0.33054719588464965,0.2791885751892717
C,0.5086810884123613,0.5637832536323286
C,0.8572613070978751,0.8314909787191938
C,0.7601132137488903,0.43145167401784
C,0.640644029241003,0.5516834661789956
C,0.9536502322539339,0.6872818094769884
C,0.29453625205689093,1.0691838728279615
C,0.6100907879179294,1.4753288751142892
C,0.30304649231903114,0.7650604234245474
C,0.5990166246085643,1.6795966330282488
C,0.6860875378723945,1.3979959425596455
C,0.6197463382470374,0.5357290443210435
C,0.8452131001140547,1.1915969643104511
C,0.5796791918095441,0.6049608006225043
C,0.8536364993995753,1.150178012106133
C,1.084374130903812,1.8420612684683968
C,0.5487161140888639,0.8317735174725873
C,0.8477888943841484,0.6206511115834912
C,0.966057252226076,1.0946735776377454
C,0.8765502906494785,1.1794440103446797
C,0.950834140389867,1.2785497188660613
C,0.5430633169327518,0.5612862222698004
C,1.413063687848247,0.9985141808069725
C,0.6641319279948273,1.3294661066768716
C,0.8274489800587808,0.6622983660555686
C,1.3539833518288182,0.9549967769475901
C,0.20835593128227461,0.33221255180411746
C,0.6633007694234196,0.3440645107181048
C,1.0177888477688333,0.743889675116219
C,0.4604311180103617,1.318036366951007
C,0.5353241898023997,0.1545528560096398
C,0.3791312689483151,0.6845259198631666
C,0.5564387562273249,0.6585672128658838
C,0.43799906650350284,0.6625021611287644
C,0.9786175957919396,1.3765363030506506
C,0.6708343221514266,0.7316114113471228
C,0.6467546972095837,0.578666985765416
C,0.3369350250910197,0.7525389141683774
C,0.7671841891105948,0.5571676451459687
C,1.0062521034054315,0.6440096378026527
C,0.6568647644978648,0.7280068233091915
C,0.4519832087604603,0.34394195384723025
C,0.29846466988889614,0.6184019923806928
C,0.4909278266445318,0.7069707852351872
C,0.6883536845623873,0.6556378395205129
C,0.4651250560616698,0.9587008836248087
C,0.9903689826588187,0.7182570193183963
C,0.7252677326728837,0.669435738665018
C,1.1096856375728783,1.5519795619651864
C,0.5035242687927928,0.9379730415288413
C,0.3203507983473967,0.3040294077517031
C,0.6683663014483937,0.315561005087386
C,0.5572171736089263,0.8999451431397185
C,0.47120736198199303,0.4890296251111128
C,0.4098166605731927,0.6488307061228441
C,0.7293270842123775,0.8146036850507273
C,0.7774400969508715,0.9573466240013265
C,0.3204251274689616,2.3722010358920844
C,0.6929193922386119,1.0964068794511792
C,0.5917592984855043,1.4146724504013803
C,1.0008479430134762,0.8395175257876939
C,0.474516500541749,1.1197988599988855
C,1.9381630980519025,1.7341697105761686
C,0.3124343334688487,1.3609665676387626
C,1.085740050725377,0.7567470874039791
C,0.3338095943992954,0.9345145210440863
C,1.345261420154833,1.3031062503591977
C,1.4041791299320356,1.1843242028760432
C,1.5739559178878362,1.7354007981612463
C,0.7263640313755865,1.3297279248547884
C,0.9808108098661394,0.3574480690500495
C,0.9895167677689573,0.963209157996365
C,0.5451506363950792,1.0337970821568188
C,0.8627078203527275,0.882521557474494
C,0.5659079248454659,1.0738198165291886
C,0.8698517233845928,1.834514334107823
C,0.7656424831818639,1.0671521885753477
C,0.6294681254205196,1.1671468685406285
C,0.7746364173636309,0.5983256125106161
C,0.3328783623460591,1.0726244747877611
C,0.7559261971730347,1.156324547167065
C,0.6229388509703624,0.6720007218235426
C,0.5738134621869106,1.8898011462370425
C,0.96094862885098,1.9207956911723068
C,1.4586511801816653,2.680669521235136
C,1.0835312990728423,1.268435635305983
C,0.4310709223161646,0.3187415135022459
C,0.7322390836836784,1.3898382996398218
C,0.42490473669904544,0.6871959527509801
C,0.7761003014853962,1.3208965114678717
C,0.24281954021462393,1.102538018787884
C,0.43747582745057156,0.23491563297672297
C,0.5128093948421074,1.144018916934497
C,0.49988340631161976,0.72583303125169
C,0.6253660209795162,2.3933802470747327
C,0.7217153336018869,0.8063241049009179
C,0.578697587021709,0.38901324903777773
C,0.5909163576098144,0.8911337826003233
C,0.4815334690551235,0.26922538659983597
C,0.45664199657550486,0.6917693604295284
C,0.8523500506975573,1.0712668856991112
C,0.36477488110548584,0.3016209478287536
C,0.7542132947769834,0.6784571017785894
C,0.6509020699692416,0.40483465160094934
C,0.5185626247359018,0.8222190605677868
C,0.6328258665403282,0.5613309640867614
C,0.6130284374444895,1.1880665845158536
C,0.9947949535987909,1.156627002821215
C,0.4160783860570088,1.2859828025280982
C,0.5927375594210826,0.9226093707831402
C,0.9631511668549068,1.3765171018878126
C,0.7420015980842734,1.1258107323056175
C,0.19457618982531658,0.567947352886424
C,0.4951216005280747,0.9886212269877155
C,0.5470678926028526,0.47479063352969786
C,0.9217098646951577,0.7594865981485327
C,0.8997470873806835,0.9222307866247281
C,0.869197379715896,1.2539356951472735
C,0.5370361866367942,0.7957049978220259
C,0.8442194043544926,0.8656976604808644
C,0.5658654100105085,0.5591097795436801
C,0.9290144560845892,1.3564353096275938
C,0.6729302634452049,1.5699624485800463
C,0.3861884564089091,0.6785157368860179
C,0.5303334691511254,1.0645477120794418
C,0.37966401097969443,0.5456430172316968
C,0.5716934870389795,0.9278858974830019
C,0.6721503505743183,0.49184219023718545
C,1.393400825901699,2.685451698695345
C,0.8276384949265322,1.3513769716155997
C,1.1667634173404067,1.52009356185451
C,0.44080342966625125,0.590866447379942
C,0.6503000398897193,0.08751637040419795
C,1.019872497584964,1.1032990735502781
C,0.5980344973757225,0.9997334081836561
C,0.19411482693429366,0.21029750105706388
C,0.5366284085063812,0.5830382006087823
C,0.4031755771550102,0.8885440395343722
C,0.4245172277790508,0.5853238650607622
C,0.9273692770370475,1.1292125598458205
C,0.43497435928556993,0.6550525815781607
C,0.5234768299314675,1.1525076002340533
C,0.652602817976072,1.021445473310104
C,0.5159051057694531,0.7203179029302689
C,0.47285545836765525,0.3314450196441114
C,0.7789238864461808,1.3691729740068899
C,0.6328213788930823,0.3726392994639043
C,0.7486791457397749,1.1618105372607563
C,1.0197236650362278,1.0362985227486623
C,0.5030723245760415,1.644728230504911
C,0.7042727979855772,0.8975839236941001
C,0.5817408433819155,0.8861561850963556
C,0.8387959061889501,0.9409642951753565
C,1.0891740322120793,0.15681738095258502
C,0.5743919313041901,0.4178347889101828
C,0.4841400606412412,1.0340861497796945
C,0.805803077393805,0.3771897158486193
C,0.8150683117339017,1.4529272079132838
C,0.7603183179461009,1.122225994314447
C,0.9137180176191114,1.3506155790141245
C,0.3216390541461997,0.7772525693764055
C,0.678462259521056,0.8054734461400564
C,1.5331612598159112,1.7685223295742594
C,0.5379823772783521,1.0299401192672226
C,0.7238288929162321,1.0965518570858854
C,0.5439829910557816,1.1166920868252852
C,0.5870115402866408,0.9003285262294739
C,0.3919392939806173,0.561860750060264
C,0.6269778509979423,0.6642955409037377
C,1.1561348041450563,1.2797689193574497
C,0.7078189634717919,0.9933502027109543
C,1.1189494041255459,0.4492087165669923
C,0.3979371844028083,1.1782865799373685
C,0.5451300488730941,1.2705029832351877
C,0.8365561221702614,0.745921648952268
C,1.1649895599382651,1.3522745332405133
C,0.4958251075959345,1.2340246404361843
C,0.585104384759542,0.6871617051367586
C,0.8410942553819248,0.7414009307791752
C,0.6390751674567998,0.977004389574728
C,1.1498910550567116,0.8201330399048038
C,1.1998895591838667,1.3217362879553654
C,0.7811994123402756,1.406583345205072
C,0.7880158138644187,0.9707633700537489
C,0.4689411189577038,0.6069138962917876
C,0.9282815858715006,0.6095249173217955
C,0.8475675065303311,0.6036309774613264
C,0.39340856125701335,0.7087439873515634
C,0.779206073833255,0.32293648442376965
C,0.6222971838957172,1.6416385976875199
C,0.7392791896529813,0.7802985688578362
C,0.3752159746484929,0.3181428286668924
C,0.3882450794214643,0.5630166250521892
C,0.7389948609766628,0.4088142909181738
C,0.3820354088642246,0.40282182155931456
C,0.6045429716319646,0.1499384757096012
C,0.6251763165241091,0.7367029166272823
C,0.7660922073617238,0.25067246163135576
C,0.8663136568969283,0.3177901202470925
C,0.3380482241522505,0.5194035704182858
C,1.3404146681686873,0.7868381245092231
C,0.8138764982315755,0.8872921482626906
C,0.9921142962733558,1.1757234155476917
C,0.9885447239938081,1.728563899248219
C,0.5135442783743612,0.3851544346495791
C,0.3873630465883986,0.9368554301408547
C,0.7097466938740447,0.20247195002438373
C,0.5654257905796156,1.2821351128214324
C,0.5002692566996019,0.2622468908773154
C,0.17948823151168292,0.575065051940422
C,0.38189256835853835,0.5713695117787829
C,0.828495423756602,0.3849822718222838
C,0.7249145280554495,1.056840055662875
C,0.5572358241775182,1.010204668069363
C,0.8465140352437047,1.1442044249516818
C,0.3691810916159932,0.44019149514091965
C,0.29760259954619755,0.4827344976364817
C,0.27857179283977046,0.7679443085504551
C,0.4620569010706034,0.6773182460692049
C,0.5484897971937719,0.7482390448206041
C,0.5942286042048313,0.49064139831772074
C,0.5447772754554755,1.1068546861369006
C,0.7084795282569949,1.0609638212896628
C,0.48337755217820183,0.37832111635267873
C,0.48759299534241735,0.5453607352485578
C,0.4152443528102354,0.7155720132810689
C,0.5330038354907801,0.7675790922757053
C,0.9152868634411755,1.1886344712339398
C,0.5525941897661538,1.054329643841906
C,0.34124629664753175,0.45172164194511727
C,0.2602863264940158,0.20006297243065357
C,1.518969826865351,1.5697956962110513
C,0.3643575950926583,0.8594838677945089
C,0.5867346690930342,0.8426240472715788
C,0.6509445865859554,0.7853651347399009
C,0.8715423118794189,1.0903971717759202
C,0.6146531295462728,0.23083633086765565
C,0.8593537925572613,0.3432772876437299
C,0.9170372217956253,0.42946398886283227
C,0.9417136062590323,1.1902798100868728
C,0.8738890026883273,2.0526121907129933
C,0.41413939814666867,0.44954093854453364
C,0.23263983683588937,0.4524391632817547
C,0.9800077148624352,1.016204944458007
C,0.5477792476212295,1.1915693440202855
C,1.0825254699548716,1.232463035572307
C,0.43846423958432085,0.9639065192170213
C,0.383153400178541,0.6623191091228723
C,0.548318224278813,0.1423511054494997
C,0.8381111501636028,0.6184574336159344
C,1.3347347928500761,0.8247012521683462
C,0.6455552967739338,0.8431124020395974
C,0.9543815622289867,1.3201745983550426
C,0.4074333478044005,0.5304810300940906
C,0.5761076702286962,0.8405510924856106
C,0.301785222753382,0.33229293947963623
C,0.5317485684272913,0.5818336347002804
C,0.4254337263647107,0.20784496155279736
C,0.504429706346823,0.6158231996134023
C,0.3883787763331347,0.9813155034516
C,0.7005204288185659,0.8870130765603739
C,0.32287906643885544,0.20482353438448828
C,0.38683907372076326,0.2087515435251175
C,0.4146070696925719,0.5061709061661919
C,1.2371685427374668,0.23353972070442405
C,1.1023068513949106,1.2996311628763322
C,0.8508401530503318,1.8021358526012845
C,0.5284613810393616,1.1202398521434633
C,0.485984648800375,0.3301407425457199
C,0.6564697290586731,0.9945750601246974
C,0.3767402711253095,0.6080583736534453
C,0.44320829839663795,1.4954804789051732
C,0.4668991102446197,0.48228073619625356
C,1.3228512995724522,1.0815952583798243
C,0.7352949738739456,0.9846336103916773
C,0.4456821873610699,0.54240053486948
C,0.9229684379325452,0.892420455911471
C,1.3564326431362295,1.4066652985001853
C,0.9090671323875558,1.3469462395207044
C,0.6257480258979973,1.4751723726368478
C,0.3826569392650801,0.43312371951972345
C,0.5596090327490203,1.4372715261324844
C,0.461076084443921,0.4245147922684786
C,1.0520646661543083,1.0003750490008008
C,0.5042830518754875,1.3355635125736571
C,1.3636168496272374,0.6203412923701135
C,0.7035157987375211,0.7131177086978507
C,0.6956328681381098,1.0044084267529227
C,0.24786799504687096,0.4898963948342914
C,1.1170832717862105,2.072449494598203
C,0.5053036763672598,0.5242366216099076
C,0.45271904958741577,0.697487910245289
C,0.41776694660184777,0.6911461836718128
C,0.49153515636886197,1.1235656275742156
C,0.63423057432705,0.6158851719413554
C,1.1383659505908215,0.8071497466778504
C,0.9322102657492091,0.7030189490713405
C,1.9056480099410065,2.3061298008591096
C,0.7281423585181348,0.5726170906716496
C,1.0251744283894464,1.2163439533451503
C,0.8153261372497306,1.455819340688269
C,0.4040789398495371,0.8305051744399067
C,1.2801100407644104,1.4996619654879821
C,0.7285291127325281,0.925290845487111
C,0.5365477367078886,0.20878114571864517
C,1.055270445539825,1.2698955606644413
C,1.3766632186153878,1.4218669781760893
C,0.5066785426751169,0.6345419050640702
C,0.8908555533173825,1.5521028814317208
C,0.6067165564508232,0.5971077742446925
C,0.38992917385017234,0.24367951561897103
C,0.7539615152217504,1.1644186665173597
C,1.8450797426415941,2.0245408092936343
C,1.1355368189436121,1.513979762666818
C,0.5021997007492588,0.6103301064030067
C,0.8787070143998396,0.5582175955847108
C,1.274933096163404,1.2113884615557677
C,0.39356537561014915,0.3148379032332556
C,0.6307610913042841,0.7469704985646564
C,0.3847626690343263,0.5808192651230986
C,0.9736852601308449,0.7772376741102665
C,0.779571282447221,0.7880904261488284
C,0.3229939660437296,0.5802108362889172
C,0.7786942330487907,0.5215835728626703
C,0.7986198863176082,0.40868667100191847
C,0.3127988368099225,0.6767041961698133
C,0.46765735152548066,0.4497611432173343
C,1.174592730009955,1.2756357631084254
C,0.8646971870102845,0.8849985776404453
C,0.3954319323978237,0.604593272907041
C,0.6877067322903879,0.47590973809983544
C,0.7523939034619758,1.116632639570841
C,0.5324015787302931,1.0628853270077663
C,0.7471914539695694,0.8401578178511709
C,0.20609196891677978,0.758530346268177
C,0.7140370239559636,0.6958843987828136
C,1.0902197503287734,1.061003682531812
C,0.7556175570591571,1.4775688985971906
C,0.5939503066400045,0.757440876611197
C,0.4898337734233483,0.6963797985482436
C,0.8282074764997245,1.1718227751798571
C,0.34741956421321074,0.8970373995171422
C,0.6914567921930967,0.9497150189776923
C,0.7366866511141469,0.4689792755669557
C,1.2865341394478682,1.0306491886529978
C,1.1945768708114628,1.1713310306044238
C,0.5783581393356384,1.0451211754639051
C,0.7147570065104971,0.8081585469480336
C,0.7269205194305892,1.366767291390998
C,0.6794128605560839,0.5720247002578219
C,0.3417535897158973,0.3241122275527891
C,0.4195842412028784,0.4547674506643998
C,0.46167166013165084,0.9784556379799233
C,0.4342539757042859,0.26252636183357625
C,1.0142991981438845,1.7862530613030165
C,0.38204405966735544,1.1297835020585936
C,0.9139458900791761,1.3307261474773446
C,1.3968301185758523,2.1171488583369213
C,0.42894669321659235,0.4854039846882578
C,0.2842345413433661,0.648807635404331
C,0.3947420252374282,0.5216220287866976
C,0.21731090037759013,0.5196196792430443
C,1.0923048575375345,1.0996632803993862
C,1.0292660316483027,0.5696864808868993
C,0.48251147476857836,0.38780767430478325
C,0.6700093503074002,0.9306421226479898
C,0.32489888656565835,0.4064331938871799
C,0.3646423521942828,0.27659546805561924
C,0.8787000430139722,0.7753260035964631
C,0.7481579539945818,0.47543802151874553
C,0.795283651608425,0.4970864935101491
C,0.7925166781309658,0.5043851404352339
C,0.8771537989834882,0.5966756603211781
C,0.41588074106994516,0.6125930115281524
C,0.5347674543420102,0.6384638456644486
C,0.4344644628476157,0.8453348136795595
C,0.8899773426597466,1.3655671564817407
C,0.624369476120393,0.48302019515769384
C,0.45732081377434697,0.622401792604755
C,0.45104734970331145,0.7300949045193559
C,0.2976500247140406,1.044587039851821
C,0.328323665475505,0.3346120975116172
C,0.47297281055861523,0.502025573254952
C,1.1617563261658626,1.7192601395736633
C,0.5376089950600298,0.4384693018296846
C,0.3344738916757664,0.7947670067693621
C,0.4100762567084221,0.7451787698764224
C,0.4553566888210418,1.0119227251971574
C,0.9725944908106019,0.8263625664494691
C,0.41454915996591263,0.6072877532532289
C,0.5290252974023226,0.22697899896721146
C,0.5798973191261814,1.0027993685753014
C,0.3365050645897891,0.5416555437818987
C,0.690451373798317,1.0934172762029224
C,0.5404073267118991,1.0643230502793135
C,1.1699818042260437,2.310052366308758
C,1.0159388328694452,0.46489343607718336
C,0.7127317756127184,1.1167509927117585
C,0.8760798782095682,1.4113535532595125
C,0.501803514764643,0.9427473650022066
C,0.9215420665390668,1.2571801812242223
C,0.31461716087023567,0.7757077025888718
C,0.5374702566426086,1.270792216764828
C,0.4335866622511535,0.23289014953973766
C,0.2409693225537129,0.29322734652692256
C,0.29201685996663285,1.1313218770492428
C,0.7203165970382774,0.8460622765166803
C,1.5845456249337688,1.3762667660151955
C,0.6838202534506246,0.37850742377830493
C,0.7579874785590299,0.7666334579548797
C,0.6048904046860115,1.057905913675159
C,0.639755974365744,0.6319069470342684
C,1.0827535380736169,1.1428309289364162
C,0.7058272961817015,0.7079801555448173
C,0.7410232197160483,0.3578151526910335
C,0.816610636209604,0.9572314256583214
C,0.7316753060184206,1.9787346150614429
C,0.3005502889955289,0.1291195336750959
C,0.5475572856229121,0.1244163273396777
C,0.4937010975691643,0.5493287763216239
C,0.5727895740274349,0.7978248190912373
C,1.2518935460219587,1.3110639906476327
C,0.7067008116975443,1.1762686389319568
C,0.4116616547354387,1.1693425009429546
C,1.1237440209550666,1.5247382103920362
C,0.5528722648184551,0.8409612482375157
C,0.9809829689397558,0.7035115690527004
C,0.8876354828913141,1.6070069592219614
C,0.9739491243504723,1.563596089603909
C,0.7995340440638902,0.6758673836759594
C,0.4937586008219431,1.0625187432916818
C,0.46847543770843647,0.7436054137879068
C,1.085912117105343,0.9634242560204784
C,0.6001360177696956,1.0539222946200946
C,0.4282278850932794,0.6253441002950917
C,0.9991478478669008,0.8443866097706024
C,0.891660330707504,0.6173565499164188
C,0.300861761390929,1.4317101277616855
C,0.39912019011298605,0.47573401491124523
C,0.6378131735648725,1.6249743297693122
C,0.6262018559490584,0.9176898536615004
C,0.34436755355699644,0.19903417587248676
C,0.5678326226057184,0.8049804534245104
C,0.730285861291858,0.8345827939014611
C,0.5308241269606006,1.486207241416927
C,0.3733452617640933,0.6868948377461769
C,0.4394960612067249,1.1588342422394724
C,0.3041044074133358,1.4280359453559002
C,0.6046514897567641,1.2510622545473182
C,0.6458818146994849,1.4191411204112112
C,0.212100603823686,0.8664234029270557
C,1.041383083844344,1.2617702888566127
C,1.3768738062842616,1.003846026381844
C,0.3578162653815403,1.0652157140405223
C,0.842504753067215,1.7649064936698515
C,0.9530608205066616,1.1239664076867928
C,0.7982061368026769,1.8257196697917701
C,0.738632379178768,0.5679286813678552
C,0.5420484870469671,0.7448819450843109
C,0.5664190404306559,0.6405198208583169
C,1.0135963037743259,2.336913470468591
C,1.8030550184541916,1.8535666270765185
C,0.6745523842224932,0.9664315826277236
C,1.103665653442433,1.5040558525139285
C,0.34889554253550126,0.6631229004040623
C,0.5749604913016745,0.783142858321876
C,1.2400342020951989,2.3445786304680443
C,0.5042907554898709,0.6462025662086277
C,0.6785634227381312,0.4980829611665572
C,1.0447677740810755,1.5760315432225327
C,0.29759049281023814,0.6894579743891912
C,0.35334080012372976,1.010573490219066
C,0.7886852953154948,1.5816394558647489
C,1.2993972730281342,0.6293400901167577
C,1.2674694360905856,1.1484973447894882
C,1.2051468092839304,1.3164517224871433
C,0.5628830340741727,0.993724897561135
C,0.7512426883628621,1.5719868402102164
C,1.389019148309496,1.2207275081307594
C,0.2915115155839341,0.38738280516724627
C,1.4220726803361,0.9810726271545211
C,0.6779703875855182,0.8503691533066503
C,0.6050682722653423,0.624693967239905
C,0.2883360593480262,0.2815246175621725
C,0.7084502239351013,0.6178610073373946
C,1.0012289562036347,0.4317693850839676
C,0.5386445715870449,1.170331027194276
C,0.5051486304242119,1.2979408422503877
C,1.0335278967503732,0.799674608888071
C,0.6573660089601561,1.017226805773906
C,1.1262625155907289,1.4340678526811936
C,0.8262216742744056,1.2582724833506644
C,0.5747558139243244,0.7960722997842291
C,0.3405662388737258,0.7097999088377335
C,0.5077579713456111,0.37684029556399135
C,0.6271887482311539,0.6815031849439858
C,0.7197189276619633,1.0074371914068097
C,0.4554625132156831,0.35536494679055036
C,0.46739283830290573,0.3975996074826755
C,0.3786923087880366,0.6734928473841424
C,0.5060006677697005,0.7216621561958219
C,1.4500042571145635,1.9105278055443176
C,0.5360497912905684,0.7596775333276565
C,0.6206292045773673,0.8670115251883521
C,0.20980329121869498,0.35377117186448864
C,0.6006753669298776,2.4371787138540557
C,0.7226342923395305,0.8247826482410808
C,1.7221421563557042,2.2277569058912943
C,0.5911124925979351,0.32556659135400007
C,0.38184311547904926,0.13178822541212637
C,0.8883762328823385,0.8321426366065793
C,0.48308717291793357,0.2680352670154718
C,0.4494477563804124,0.9870835389904417
C,1.0886666823137314,0.3416024882988354
C,1.024947001260331,1.5207391445983474
C,0.6232860010229567,0.8092274792275224
C,1.1516081415055293,1.6644697141471996
C,0.7930765895176192,0.9459792757509471
C,1.3281487689413536,1.5918636220804034
C,0.48541334605518716,0.6877125128149233
C,0.3911263634262837,0.6121970273716749
C,0.7702768351842562,1.0971660621550754
C,1.3139081596160116,1.1273574854952757
C,0.5054267955900722,0.2625736295302134
C,0.8581642307500555,1.0105636662950828
C,0.620699383460984,0.5182107864823504
C,0.5860626929372892,0.9329923537936011
C,0.4360402912244831,0.46088882215598004
C,0.8160937544229129,1.0416450912275645
C,1.6261238015639137,1.7977987766982317
C,0.5991966319828705,1.1291303176844474
C,0.6357755909880692,0.9284022111630217
C,0.5516812024425235,0.6855081357106226
C,1.344821390909514,1.4342424870402735
C,0.37826460846605586,0.5106987317061354
C,0.6490182393787302,0.875193030443926
C,0.5473680783702004,1.3888824949093368
C,0.23551567913128527,1.215902186541179
C,0.24638052435352287,0.2434707120461779
C,0.8156170369156193,0.9046941839428813
C,0.5520274560953123,0.855719372343649
C,0.9533629764651993,0.7232655726518759
C,0.9465142993623762,0.42179554066378977
C,0.7387730938651031,1.3235122936038526
C,0.47796651156991693,1.4115780944374177
C,0.8378975169557418,1.8893477037869393
C,0.8107534937616201,0.8437006844658159
C,0.5489017173942118,0.3848950719881938
C,0.9412603231898452,1.3973809045941692
C,1.2001178182219108,1.5309965446817901
C,0.6806359108186956,0.665288639933858
C,0.9359926428461143,1.010336515078125
C,0.44858703590431903,0.6727875500477601
C,0.8901328650698155,1.0800461831083812
C,0.8769401601566499,0.5428200007623459
C,0.6489574759146501,0.949844593639347
C,0.471183995572289,1.0440702890952664
C,0.5105303233321267,0.4877913655697757
C,1.0631015657094136,0.8804005123871348
C,0.9426151417258597,1.589548950069073
C,0.6721235776234322,1.2588143117693342
C,0.5877196036766424,0.9846865957616855
C,0.9279644533170672,0.9567305027767128
C,0.8105047272549538,0.9092828772349616
C,0.7897363075814843,0.9167504096847445
C,0.8429327118058484,0.802843780993949
C,0.4014071247439472,0.27281505929673894
C,0.5281997699529194,0.30953840342038025
C,1.5014307739631376,2.86140226269813
C,1.7865052898002616,2.195583644420215
C,0.41336627990708114,0.9194790835143716
C,0.6493702094834507,1.2427899821243509
C,0.8237902616675906,0.3438240404519847
C,0.8307739693977598,0.6249228769997827
C,0.46981360271722516,0.4254341477700883
C,0.4365668810478787,0.47951538176120234
C,0.8665724683439462,1.2923126519620938
C,0.4307441356210971,0.7531129904496388
C,0.7314895635449218,0.6874009545550598
C,0.44139734461587404,0.9537032103556015
C,0.530218580231653,0.9223618101296956
C,0.3152627809135032,0.8680065477499161
C,0.7703201024825701,0.9460350146825832
C,0.415050170993156,0.19794634979870884
C,0.812511194983862,0.8016779940805769
C,0.9067387311852502,1.0046789610269515
C,0.8507074345780967,1.8536556637230321
C,0.5133580118987587,0.8052948960845426
C,0.6676190339499772,1.2779085646191974
C,0.6021297633664455,1.2283223348238086
C,0.4893678601898508,1.0271946011612214
C,0.5669764965631737,0.8157055602521635
C,0.3708552998909229,0.36792353723313115
C,0.7142019081587995,1.1420189490770754
C,0.28424110164553534,0.9306516462481332
C,0.8754724421654372,0.9027724643762269
C,0.8467135760688601,1.0038666809587948
C,0.9241874209393083,1.7348913695157848
C,0.8354085316712819,1.1016589722387915
C,1.205432005519896,2.18371042655578
C,0.9251772751068078,0.9128159118845646
C,1.4704648273951715,1.7566213013953849
C,0.6709579008305938,0.692754978777119
C,0.384163280150427,0.9251741034083459
C,0.7733578283912117,1.3872597801595778
C,0.8542271824551936,1.2894212649315286
C,0.9054375963221464,0.9691649484688498
C,0.8906455431103366,1.3917840219601385
C,0.6873097979337036,0.6830639114582946
C,1.118756101417269,1.539111235166005
C,0.8879988565346592,0.7516145625697402
C,0.6547359123193186,0.4966496667257107
C,0.4660084377751709,0.6486269164874319
C,0.6590436299927946,0.8405749308865572
C,0.5778286863628246,0.5001312029959483
C,0.5270191169983837,0.2638937180916965
C,0.521628423601736,1.308589369847705
C,0.45786524532427775,0.390095058522787
C,0.6427714518207227,0.6926835738694266
C,1.5092949393600088,1.7786958354315408
C,0.6695242051653135,0.8208015375442651
C,0.3619314020728232,0.1610134333121989
C,2.167122784500079,2.148888933854679
C,0.547929428026979,0.4723051072539816
C,1.9693685290168577,2.92456753569002
C,1.055965442325082,0.860681094023241
C,0.3821674495227924,0.9938451473905862
C,0.6757820381496271,0.6469223459637928
C,0.9518665623611537,0.9318418979165193
C,0.4019953230972464,1.9319606020896885
C,0.800328868456052,0.9152316009101331
C,0.4648633466071704,0.5585592300815864
C,0.7897527457640146,1.065112427437603
C,0.743585889475265,0.6922181109465334
C,0.5261644647953391,2.367851502180916
C,0.37003474944688075,0.6360254776263559
C,0.47187855534363116,0.47018482335928014
C,0.6580857470108225,0.7899425224405007
C,1.112817327756458,0.9848472912998694
C,0.8379450802049421,1.1540126890562774
C,0.7421841409287329,1.2685921701405418
C,0.6516820137626287,1.505958380116164
C,0.6011536973732763,0.05671662147926686
C,0.6818759919824834,0.8379544026944602
C,0.5744855278676715,0.5700948991333873
C,0.3611785939473143,1.4489046734183637
C,0.18444694415135304,0.7489198099405296
C,0.1368776769121186,0.45375814698072425
C,0.4570114814793267,0.5411383175369355
C,0.5779582686328318,0.9125767288862191
C,0.25440814317526184,0.9341650298182812
C,0.3800628039278575,0.5259184907001273
C,0.8561712301753177,0.3533243442402088
C,0.6147162858521169,0.8965031546305255
C,0.3125624882623901,0.849146928363659
C,1.0364076300641822,1.3454345510572436
C,1.194226776557175,0.9369978558361569
C,0.5904143117829593,0.34951592186075026
C,0.6577783075388204,0.7888348532071354
C,0.8000538107574938,0.7512304256730853
C,0.7793897983335163,1.2162173023831213
C,1.2202024693340467,0.9592602010115677
C,1.197098910556292,1.6719666304961678
C,0.7398983060028841,1.0328755571174126
C,0.806097646461722,1.2121371895701132
C,0.41181941389511045,0.7999028751218259
C,0.42660417713263543,0.31708517771353334
C,0.8066498237610956,0.919556529122335
C,0.6121117690576945,1.3683653946947794
C,0.5325963734850142,0.16632070767687004
C,0.586375880265923,1.2379274528137572
C,0.5914034012512569,1.7792771255156616
C,0.3767110894086148,0.6807519150368467
C,0.5266491998210042,1.3489171929253265
C,0.35208745616426396,0.6756627018066572
C,0.41042073273643487,0.3993304942228814
C,0.8252663278236304,0.45809270468633706
C,0.9592967607949152,0.9041041624791143
C,0.6508102465189044,1.0916880866190084
C,0.9418131315817896,1.203969431808359
C,0.4163783910096426,1.3140856907885308
C,0.3411374785101015,0.6382856925733762
C,0.5047684360493464,1.0093486209031723
C,0.3132289418252235,0.6351342902560977
C,0.8123134540986733,1.0725860866650387
C,0.8777829298259421,0.9170841040023966
C,0.7224196098837337,1.1145105666899002
C,0.35762891139338415,0.37056722827600463
C,1.7602391427021276,1.4951857582401429
C,1.0186489786326995,1.4032310620631328
C,0.8584020307300537,0.7116991303410709
C,0.6032374224246242,0.5149852125865328
C,0.9437341683124786,1.6672395072313806
C,0.8838665391850897,0.9899512944043599
C,0.4786437783488176,1.3829541064709496
C,0.6691401132924175,1.1402320734494569
C,0.4387928637695322,0.4886053302449573
C,1.0954537273197513,0.13415116448423528
C,0.7370233736507819,0.5697060109106613
C,0.49191263406770175,0.8429260257383967
C,0.4221688110670109,0.170153658484962
C,0.7055893064944369,0.9910433166244318
C,0.9281974424564287,1.3398876173871104
C,0.9090412844568886,1.700013377354714
C,0.42405652428142676,0.4734721629029137
C,0.9350237392901654,0.6054905052773624
C,0.4371626281987615,0.3095071108811971
C,0.7921958955950631,1.3532714470262783
C,0.9386604875739233,1.389537224259426
C,1.2035787748543518,1.0778672557009266
C,0.34636341824931166,0.348830917128406
C,0.7097053847549836,0.8270576911462106
C,0.8398199372587289,1.3479398960232656
C,0.7538967849660597,0.4726257263248662
C,0.4717712331762778,0.5733668866124617
C,0.6717447025725201,0.9356841833182677
C,0.9926233209014442,1.8089380390662129
C,0.46270340729878134,0.34309414833402263
C,0.403493990409903,0.6676633395515493
C,1.080955204755445,1.2084811867292267
C,0.4399006745428726,0.7792209538044037
C,1.2815577448647537,1.788840193463213
C,0.6163880450186981,0.7012772278704829
C,1.1759876489424332,1.9503302400942335
C,0.4070395368243509,0.9065863287366124
C,0.5354180985572696,0.7408327454516586
C,1.0330796617954123,1.585295482368078
C,0.732660697070084,1.0035822169531279
C,0.6682789069073688,1.0081439300103867
C,0.3566785215074577,0.350804417188122
C,0.43115286886717946,0.6119829752566628
C,0.9797926057569233,1.902378979137363
C,0.9422918191159596,0.7407368267801131
C,0.29871464222708943,0.8308732231925322
C,0.4971221821075042,0.9526147681707057
C,1.194394536881292,1.6015125398590715
C,1.1417446770145967,0.7291857836826546
C,0.8871378740430859,1.5731173018404458
C,0.9825475591502142,0.8722739365038265
C,1.2370526711813272,1.4237281538508166
C,0.7563890554703424,1.2584333175224744
C,0.33172570606659,0.5933227619835059
C,0.6234305660416102,1.1726818176542013
C,1.1280402601254647,1.1496370811779166
C,0.290027844408177,0.35996798829392823
C,0.40784099716131167,0.8714251074271275
C,0.5526425666605103,1.0666782113192124
C,0.5354660634105294,0.9222657546030607
C,0.7710531440070585,0.8678002926279844
C,0.9942774779714507,1.1518920479388293
C,0.5627677269292246,1.526684607490109
C,1.0285320612507072,1.294824565319013
C,0.4722027291041371,0.5468820429739569
C,0.5637230657543985,0.30338543725985917
C,0.5608549255947843,0.3872018251944842
C,1.2631287235902602,2.160897948607442
C,0.248161857719205,0.3128882293316302
C,0.7931976229427653,1.8307926730954234
C,0.5128754187544546,1.2556310005401752
C,0.4988447964403031,0.8433935995864568
C,1.4170243822890904,1.37216676231577
C,0.39890790023560974,0.9624120846313047
C,0.3431459462718796,0.32438795494498207
C,1.02863968295728,2.2797677687455224
C,0.6102896723559786,0.21164094309821108
C,0.8504529772289723,1.6910180023398442
C,0.3436507507464775,0.8444924055468843
C,0.28609553133126475,0.22571989886690164
C,0.4938939215719231,0.8785139957097539
C,0.9479599646042032,1.0154726109453518
C,0.39791312470252066,0.2548546629185426
C,0.6974719008154812,1.3778835098092392
C,0.4129573788291901,0.47747711920762964
C,0.6009111878544106,1.2609131590656522
C,0.7434300813085167,1.3995567543652223
C,0.15430602038650906,0.5623490597806836
C,0.5177334065305722,0.5943773240321412
C,1.098642709236925,1.0285017908088345
C,0.5708444529473585,0.8301982092858581
C,0.953537768953321,1.2029384174667324
C,0.19872293518081294,1.1453442418630702
C,0.2905364298103643,0.9634728625718334
C,0.5602367279791949,0.65208051299996
C,0.2971830487859037,0.6358969856691687
C,0.7012428841786582,0.6505443004620652
C,0.6680094047767452,0.9764598304937043
C,0.26265554017456355,0.27141600805983646
C,0.6325308550363857,1.1249302981268354
C,0.7722507007575695,1.4851881057457728
C,0.4414696653666111,0.6019280138752748
C,0.7789529848405423,1.3086513701602636
C,0.5032723111035273,0.6869778490776077
C,0.47909556382387014,0.7231842536239158
C,0.8158913840372107,1.306434893296083
C,0.5680871395594066,0.5843391833352033
C,0.8666511957015434,0.989443011709439
C,0.8460092925232987,0.779105082362931
C,0.4871028077342283,0.6412941644955822
C,0.6118437201020593,1.048332162573466
C,0.24035194527541093,0.3683642739446086
C,0.5736611544530068,0.5305627835895647
C,0.5326492700366426,0.5783500503465849
C,0.25604379633166746,0.9077071482801105
C,0.8741486236097851,0.9884387279485448
C,0.838541008967762,0.8688569666046755
C,0.25121601293233103,0.25018583043768533
C,0.889972221325394,0.6297802274863905
C,1.276407789868358,0.7253744417411389
C,1.793124879148474,2.066324143532519
C,0.8697782319282924,0.14898925714211636
C,0.2973540727272997,0.5764216136829271
C,0.6216021974201648,0.4265931309831375
C,0.7624772166883721,1.2146121903615161
C,0.5446722980008974,0.9365287774129099
C,0.4446311487534541,0.8111087849359849
C,0.8479915408796698,1.3502227283854666
C,0.3674809728136144,0.9077611949920061
C,0.4579675858031194,0.5345026762292522
C,0.5282687084498465,0.7892478261530151
C,0.7824110759993955,2.2185461445281582
C,0.7176013033951146,0.33249372041167974
C,1.103835920888493,2.0591479783811004
C,0.3445860521783883,0.15677448921551598
C,0.37885304197409814,0.9531823845416303
C,0.6561317387995507,0.29229485245927567
C,0.3279388256540922,0.6217292237318969
C,1.1333115681990644,1.2830676592916486
C,0.9355471229240852,1.410849445326397
C,0.7137727687788161,0.6922498261139776
C,0.9975271241179547,0.9652037902496838
C,0.6915116074352645,1.3507960145385034
C,0.6284835796680398,1.1418769397414152
C,1.431466679789047,1.419977848703936
C,1.69403283438836,1.8137997261853276
C,0.5756524074493411,0.3608396784858637
C,0.8177636517079899,0.9187737698060098
C,0.7777324570434266,0.7011733635997665
C,0.7421369912598295,0.3488977732315135
C,0.564179810237669,1.4321621598538128
C,1.3279087485606855,1.1597865240037193
C,0.7301213898477122,0.9605468526169795
C,0.8291754250293848,1.3989125660604307
C,0.21973611710879476,0.40095421281254645
C,2.0315399946057076,2.0605020970168124
C,0.4961273769151112,0.315815558920139
C,0.6247632952714549,1.1237209734828528
C,0.9166627598117829,1.9878424502829026
C,0.9321505448649167,2.221067708234069
C,0.48128588076643164,0.4419854005347255
C,1.1700071375947392,1.841192679424699
C,0.7293939482412248,1.1760877804405705
C,0.41143471583691066,1.153629410495947
C,1.0140557820244493,2.167673626700409
C,0.6061305213647095,1.010328263989295
C,0.4951182127696691,1.2321276891828803
C,0.3906177500578378,0.5619965033126008
C,0.5125034131460192,1.0219336961112124
C,0.257087868519899,1.4809951205923009
C,0.6875353028809932,0.5913740584568132
C,0.5155258741851545,0.6789976731612617
C,0.35126628805573784,0.8280324338712471
C,1.0285167967426736,0.9320089552252345
C,0.6063831323958958,0.8728435042903554
C,0.5200776784895184,1.224623360417187
C,0.4954370875273405,0.5906125247992937
C,1.3963227082188603,0.8870918041341247
C,0.49210113900397723,0.9734682308141314
C,0.46419652685682067,1.9515835478383203
C,0.9216091874200036,1.7435415810501829
C,0.9445090388880764,1.1365420079342834
C,1.803692274299346,2.3325964764712745
C,0.5997460417883974,0.9687049436111002
C,0.39860704675295466,0.5760472767143788
C,0.7063519015874375,1.374224802987799
C,0.813231800180887,0.9139473581541318
C,0.4880053698782513,0.6401653538086401
C,1.0241185610680967,1.1596688052581339
C,0.4272409274443856,0.8047887095033668
C,1.403633775014606,2.107774149226778
C,0.5885951836156588,0.4657536707051757
C,1.1137989620014792,0.9887805729063105
C,0.4355713148688957,0.549428621385681
C,0.8108862127471574,0.5202664803075792
C,0.4849781367234466,0.6046138970672482
C,0.6918851313526186,0.6355309905551371
C,0.3100015100268782,0.3207940104264781
C,0.612250725313385,0.4215589544440093
C,0.7855841816770581,1.3405034941401572
C,0.8060611732111937,0.7816612643170154
C,0.6943876158520343,0.20660327922324462
C,0.3838747128952316,0.837431983594248
C,0.24462542923535685,0.4636603248119899
C,0.520346137363847,0.5005109210078135
C,0.9504442059292423,0.6093269216505833
C,0.5549563468602208,0.035318689298874786
C,0.4276254574880595,0.8417383617498932
C,0.375370918840842,0.6166235819741478
C,0.7160302643639584,0.527375995126107
C,0.4048265735243692,0.8448534497751549
C,0.4103244744779901,0.5208996625182605
C,0.5182056638705355,0.30327314710363257
C,1.0215663537891129,0.9730892582561018
C,0.369273938800881,0.7501075623186312
C,1.5593536811725859,1.4610520130910403
C,0.8541245613217172,1.3539437594330241
C,0.4571808342684219,0.4972861907561075
C,0.6908199844818625,0.8431694890533155
C,0.9329792697245949,0.7266641830258695
C,0.4414324698296959,1.1578794256095248
C,0.4419265621341959,0.7537764475762699
C,0.367196343161175,0.34021377807056463
C,0.7401752034152427,0.41345118484805693
C,0.7733928507685911,0.37359851827985213
C,0.1685335138399534,0.5510926690203694
C,0.7775922044850396,0.7944150040278606
C,0.33508864971081515,0.46291868736435554
C,0.7728338069822835,1.466486709383636
C,0.7893970194062311,1.389141237281661
C,1.7793271271725386,1.3267459352985576
C,0.7267158114717915,1.4997838220795072
C,0.40873448693714287,0.5090139135182074
C,0.5974945783595071,0.9830131350491497
C,0.6879152357608499,0.6995385058121611
C,0.7122192926533117,0.27179767821481304
C,0.2917471215732362,0.596736789386284
C,0.9209354914071134,1.0447399191695086
C,0.4334218803897674,1.35790255000784
C,0.3835892928201559,0.6299064395309238
C,0.6429421608831815,1.3799828190701755
C,0.8740722796265676,0.4404427957277529
C,0.6441328128016494,0.5956869018868692
C,0.3677960846631565,0.5607464235185087
C,0.4509703741319408,0.5670317193773778
C,0.5073207159694236,0.31484275626146924
C,0.5828197247558574,0.9988777121804421
C,0.590472446969803,1.9766789334501222
C,0.4197726168090848,0.621011402141792
C,0.4522966159334852,0.44052482920282565
C,0.5003938019666604,0.45485598262331717
C,0.4669929076122457,0.619818673019567
C,0.4499698395722988,1.4521081777272442
C,0.7147849793315788,1.1587913232086218
C,0.88093697379819,1.3208658972552618
C,1.5704271166382922,1.529442022558475
C,0.7073781120443141,0.778253505914276
C,0.8325909995749857,0.8435544142203387
C,1.0273441761650928,0.32009967495024866
C,0.3706112622714241,0.3465519973691117
C,0.2777330634693026,0.6251596069236218
C,1.0522982142317723,1.5826472123062996
C,0.5548072611311857,1.812823876263362
C,0.6371979787009625,1.273572375293773
C,0.5428561891321124,0.8974956915647698
C,0.2124096663803254,0.41413591218662654
C,0.9028438590290795,0.7708929585672766
C,0.4770564180354538,0.5862643321108134
C,0.7452478463504844,0.7907748327221418
C,0.7566593695619762,0.5880556522571673
C,0.39086127795507164,0.38902690795488615
C,0.8230833262107359,1.635166558328533
C,0.5411360575947219,0.8140111181121646
C,0.8180286292366777,1.4234125199868735
C,0.5152575437392849,0.8200374960172566
C,0.9370850985357548,1.0020580584933179
C,0.5342647743571379,0.891151277520261
C,0.46497889009424814,0.5887026023674413
C,1.5358510582790403,1.5940750030293325
C,0.7955918304568974,1.1684001317919122
C,0.8890162516599309,1.112652910891946
C,1.0183882193368765,0.987477587420797
C,0.603459406345685,0.6409336147444533
C,0.4357786481709465,0.25195497079767004
C,0.7130636365654078,1.005435391782816
C,0.4623467218452827,1.2662553846536109
C,1.1777628518995311,1.5513277211035676
C,0.565159388518808,0.518046746557427
C,1.2145676799500358,1.9013774213370647
C,0.49141153564264567,1.1057453269045583
C,0.547334455882565,0.8764113549266972
C,0.7330278785816747,0.8857940130412482
C,0.6239336864499038,0.563109872209991
C,0.9280523324906619,1.4460472146588434
C,1.110448341070357,0.8189800568510625
C,0.9633662042206714,1.6315717705148192
C,0.3710471575087947,0.2210942672361653
C,0.3091539164215617,0.45160686210786244
C,0.5916405164941829,1.2283875591318063
C,0.7017748864332078,0.5243734278257525
C,0.6676477954064373,0.7391867909450077
C,0.6342115031593705,0.8097899053374737
C,0.45231057766954,2.2802014046490964
C,1.0570009460732939,1.5415404256316314
C,0.47607213998143266,0.5117274431086402
C,0.6822903188817482,1.1000371108251792
C,0.33626638170994827,1.3465146190674502
C,0.6288375575780676,0.6412555469064382
C,1.173033707390619,1.1845187019789456
C,0.3224871344281733,0.459271073552397
C,0.18448762528765245,0.8857827570781525
C,0.9974744562233206,1.5790939291541142
C,0.5566180601080498,0.8073546754538113
C,0.64454417593335,1.0818003083483825
C,0.9538000306326709,0.8883987965526216
C,0.8521782357736151,1.248829487889283
C,0.4570242473721143,0.2530306601970106
C,0.7605965420629548,0.9100526987642213
C,0.4983145632809167,0.8070323273572672
C,0.45476754210076503,0.45171201347693896
C,0.5930488694028704,0.5764265104219751
C,0.48261112556244706,0.9134929561217435
C,0.760808141739029,1.0225034006169005
C,0.4677023314566785,0.794948791996821
C,1.445736547452169,1.4193560245146928
C,1.1835963428071061,1.0969861916426975
C,0.5852952499693743,0.09120420387951142
C,1.1129718342877135,1.166656297784834
C,0.7195191798190586,1.175212237440353
C,0.4051010796261206,0.5877599089629444
C,1.0342430575520787,1.747022402407818
C,1.0091302131901259,1.6833183662292333
C,0.35653757335807634,0.9737814756007729
C,0.68813020754714,1.1365650591431706
C,0.9179103894149655,1.445624080304338
C,0.4499355039270904,1.0270786693571072
C,0.9187737100091701,1.727004830990413
C,0.3225309609964078,0.4389732732274634
C,0.4796707604789631,1.2873302374506563
C,0.8408144314420793,1.1618911782247883
C,0.5128478799517524,0.16902828919860538
C,0.7722613308360492,0.2670864224931548
C,0.9826844483249676,1.1839082835493167
C,0.7513182564742227,0.9202778645766425
C,1.5066764622675979,1.6471429270332147
C,0.5410768703882284,0.8439179773237035
C,0.40811285321014124,1.4113463117688307
C,0.8044997013505231,0.5488430825525601
C,1.0191031513744269,1.2613553569754736
C,0.36704752382200717,0.43083114604332157
C,1.143670678848032,2.02162474705847
C,0.540014137866489,1.3826709465010236
C,0.22283471815122316,0.708568689161084
C,0.5768472422715105,0.6031601377066831
C,0.741604659618928,1.0120117815472573
C,0.8844541775271583,0.9725827387483879
C,1.0044127973726746,1.0824013669750245
C,0.47814477094179436,1.9330451595404916
C,0.2818495381025493,0.9642663416854678
C,1.1505703589384404,1.6886184558613044
C,1.0059274973829149,0.5787311570965318
C,0.6682908152682172,1.1253218873364352
C,1.0914258713775244,1.7982497396774093
C,0.39892464948357925,1.480477788301374
C,1.232205831008529,1.9722810949146419
C,0.8367817663129281,0.7364838750805905
C,0.9289951167145475,2.041131924730584
C,0.4431297480777578,0.5414941958738191
C,0.7292763141342217,0.14888358614852476
C,1.0710688888165347,1.9815643386027226
C,0.5549419902406758,0.6963283649663938
C,0.6288559763602328,0.9059613328888312
C,0.513097929520412,0.49312927016791214
C,0.7119121991725232,0.8123763145582882
C,0.7878403311858696,0.45897938993070486
C,0.49576957967475693,0.7010610853431494
C,0.5272159958401965,0.4010694636771265
C,0.46922778585639713,0.8273793973742817
C,0.9085209494069973,2.006114545798645
C,0.5543853057268145,0.502067620317304
C,1.1299455087208117,0.8617837915521789
C,1.2050843513348932,1.1071573634952412
C,0.6189864014621005,0.6984023330202876
C,0.973049636911853,0.982448789178397
C,0.618900304078035,0.8036514785302674
C,0.6716859045498034,0.4693215623173333
C,0.6117925894859668,0.7903909711583681
C,0.7108024390195258,1.0552017204483948
C,0.6915445679702936,1.676250455913819
C,1.2025309779128492,1.457383830520512
C,0.5609576800818027,0.8124169161587355
C,0.4947316058742935,1.626061069347696
C,1.3518069972261824,1.4253139254157783
C,0.4267362971217882,0.23530704696160779
C,0.5883257064070796,0.590594426834068
C,0.9900912593566109,1.4311188396864145
C,0.4085805403400682,0.865179622686523
C,0.6296205420758276,0.6406166443914254
C,0.2829601527144619,1.2871065613154393
C,0.8971766746942477,1.0611377483354352
C,1.25323081702419,2.457174115422829
C,0.8424507595828178,1.7815506435575863
C,0.631718960827434,1.040600996540381
C,1.377647744697564,1.6787168118228943
C,0.849066129888119,1.9664666102649082
C,1.017610237260999,1.3428207657540916
C,0.2719884015954428,0.9596276063180365
C,0.5577131691121711,0.7134629125617267
C,0.8407232700717543,0.6727512837819487
C,0.5705068517026858,1.3147333734043634
C,1.0178242599159777,0.9845964399268843
C,0.5461173940910456,0.33249761061482536
C,0.9759551384692644,2.2403727315942157
C,0.7561892448394733,0.8214851685898359
C,0.5699707257123465,0.5635087868158739
C,0.9889028419624231,1.2041700589705655
C,1.0429126519639647,1.4160478730151338
C,0.2786278498511606,1.8892544420141426
C,0.6013150145833458,0.6909055032282428
C,0.9608745406747359,1.1863734963236026
C,0.640204785925331,1.2799364214934958
C,0.6635674000106705,0.5567091759239285
C,0.49647449923837506,0.5635788224597382
C,0.4669575788376015,0.5937762424408569
C,0.38933067025316537,0.6820881260711144
C,0.4766678820668201,1.0156333191714535
C,0.29781682676624766,1.198728724499984
C,0.6813257183788639,0.7218029915005152
C,0.9141975424377066,1.4702659737140453
C,0.6181412574936986,1.4537352846644132
C,0.5929389164555487,0.8141249317299311
C,0.29941831218735054,0.6955160686909082
C,0.5920861075136964,1.6120430073682528
C,0.7886817348098234,0.4667204375656358
C,0.93383399830742,0.9122529555159905
C,0.5743330253407005,0.7660399819471506
C,0.8357645074253905,1.1199288956768934
C,0.5059615641886027,0.9856407067412551
C,0.4123772075124112,0.5800296691206848
C,1.3264729881249364,0.5672700663594841
C,0.8172659274778168,0.6080669760978477
C,0.3279981828593163,0.5115485973151259
C,0.7929611095729916,0.6366820237098646
C,0.7946428459032032,0.974351964984641
C,1.122151380408836,1.9214396144731432
C,0.2724409343052731,0.770080980031931
C,0.44002572322408146,0.2981605714884043
C,0.2576553208592876,0.529192590274474
C,1.115597741773669,1.819398185747283
C,0.6200648667560501,0.8481796524927744
C,0.8689145499631071,0.6254854554968449
C,0.5872054845987827,1.2208846344434052
C,0.5305419974609009,0.8208916536593991
C,0.26558199830328916,0.7923551847805564
C,1.1036850799620785,1.474965876700806
C,0.7527578853625415,0.7650464236472615
C,0.6990896753572995,1.6194536593836588
C,0.5949818819225258,1.0671763578737603
C,0.7006441058647223,1.8786733391480719
C,0.7407994402492425,1.3767240800638572
C,0.9165521011197613,0.952460582547719
C,1.1168537537440688,2.9272570407039225
C,1.0761926158529744,1.501063553034957
C,1.1178135338406918,1.4904469118584778
C,0.39313329939458297,0.38402039726829074
C,0.5893485431767216,1.3795002367074807
C,0.5637768281199408,0.8458274681198404
C,0.7606905177937294,0.47010302717003155
C,0.46351295233853457,0.4922443708506178
C,1.136183727216414,1.0017785610871697
C,0.4210932389620309,1.2859360844342256
C,0.6395177985385314,1.0456790707623274
C,0.6295589361198931,1.0929920954096983
C,0.7783150951822833,1.3432199868014485
C,0.5218071767379368,1.1319000322651862
C,0.7326216431181771,1.2149601237309846
C,1.881891601566458,1.3842455724481835
C,1.467839167796959,2.0894798320739962
C,0.5213414629143333,0.7693724129071954
C,0.774766016733253,0.9302441738989835
C,0.35232761399977247,1.137031018932742
C,1.184216147268556,1.8855295994483248
C,0.3580810508324597,1.1690386945159503
C,0.5687808681131306,1.2032748633741766
C,0.7412086474163869,0.7663215367027226
C,0.8713888235588995,1.706802292422669
C,0.9370858271813075,0.5047534669082507
C,0.4980130828351029,0.8152378215755625
C,0.5542068723805685,0.4639389391523909
C,0.6323615710954943,1.0628858392295297
C,0.6325183429840675,1.0643034551925192
C,0.7040595943522412,0.9455141263262327
C,0.5207974583324164,1.1745597185501169
C,1.6285184119400546,1.9465535797154694
C,0.3329612562618119,0.8167887024489052
C,0.635380545615697,1.0719134305753484
C,0.6520718215970308,0.8038064791086249
C,0.5738970783097451,1.9024300498494806
C,0.5125872113137141,0.38435936866982906
C,1.5444872349850074,2.8686443530144516
C,0.12173590659435068,0.5055709347245282
C,0.7671395589014942,1.3420427146325555
C,0.817648718548767,0.8550779226879247
C,0.5200678435850163,0.9280055207842941
C,0.6352319224272908,0.2707314433696057
C,0.5147630053865402,0.5736493195253533
C,0.3651390590613213,0.9019492906741347
C,0.8058707651630799,0.4429802302170849
C,0.7224668258676842,0.6961087675551814
C,0.2938729094862607,0.8359833624218367
C,0.9026298695514806,0.4955376757094688
C,0.4713834033084583,1.5323278535851537
C,0.39781016909515515,0.21115620524729944
C,0.9593242772479221,0.6353289172313485
C,0.6292244971552232,1.2493913660496339
C,0.742013242870282,0.7087798869459148
C,0.7016023909816889,0.7431941718504294
C,1.2526483314558536,1.2937881826980757
C,0.486960233463834,0.5310375591510411
C,0.7587209380486409,1.4008191856066396
C,0.45898414353493866,1.1731824242355429
C,0.5783517690115917,0.3877911517858215
C,0.609501988813016,1.3150583409233914
C,0.5207411335074809,1.1391146527407054
C,1.013324504206945,1.2600736692146433
C,0.8853300371420887,0.4542272775984156
C,0.349156200923114,1.0784425047230382
C,0.5744708918499585,0.9407549032106506
C,1.128345310225963,2.417398727000353
C,0.22799790476309967,1.241227586292983
C,0.851308438004187,0.5823751995590912
C,0.6717014862216176,2.5865520830985935
C,0.37936819043158376,0.6996026770384313
C,0.876041081023857,0.6710770195470135
C,0.376566902982449,0.6525980680876805
C,0.867738705495029,0.8841838374209745
C,0.34265210438256466,0.23735160302527852
C,0.9228857187000834,1.984136373444898
C,1.7669610480546485,1.1875578489020884
C,0.6179761272184984,0.9396686753226767
C,0.9917207938728896,1.3706262496807184
C,0.4883715291529356,1.0176748428848894
C,0.40019912786592376,0.7894741357692794
C,0.5648675881718934,0.4860328630033942
C,1.0199395866226175,0.8769433587414647
C,0.6108365897279052,0.5034556285027222
C,0.7749208373219567,0.5805073025830605
C,0.44002653496795957,0.5239408027433451
C,0.48368722792006646,0.8025197283811074
C,0.33735896339121346,0.580331701516123
C,0.9225857455440909,1.2410098882623777
C,0.33051156016805405,0.7531847407028164
C,0.8563001002861412,1.709318172978748
C,0.6618528576155955,1.4083406085537113
C,0.5291706176202022,1.0668887292291416
C,0.49695026463084746,0.7882578860900312
C,0.4457575598995021,0.7565504081525962
C,0.49527405821686954,1.4517809174827159
C,0.7860514469596768,1.334502063899507
C,0.6667409993237293,1.0217314534042001
C,0.3104699580703959,0.433062574654901
C,0.6581094188929791,0.5891090492859034
C,1.0588832575138123,0.6835610089313364
C,0.7887554884165362,0.8045053204486554
C,0.61307006875611,1.2809595875309872
C,0.10474347198683379,0.6435655236492268
C,0.883497608452072,0.5296079521487485
C,0.4200857237119517,0.6160526948829301
C,0.536323319713625,0.8589651975543032
C,0.4263004247381113,0.9438707487039983
C,0.5031070492911355,1.4088558034695329
C,0.383588399441705,1.4946250782499075
C,0.721743093255976,0.7856641536139244
C,0.6292071350013932,1.1376739345106683
C,0.853649064798955,1.2915190054370962
C,0.8888179679197341,0.8362467884988569
C,0.83568777247553,0.7927295682072694
C,1.0124643138202223,0.9494809791059011
C,0.5675300996621528,1.7765775543139783
C,0.8945285305586539,0.9809907179604878
C,0.3178047418554074,0.8266728365963906
C,1.0744555347330231,1.3972795703749261
C,1.1609078015382541,1.2299732321688484
C,0.5477639928235752,1.726227835799166
C,0.44714565266079426,0.07338637812863068
C,0.8523501838894167,0.5541101816525392
C,0.5243639397187577,0.5076652829652571
C,0.6254346056210476,1.0136678384596554
C,0.5252689415762489,0.9743725639116981
C,0.8373147126606951,2.0106162914456562
C,0.6384137067878723,0.3673925491967644
C,0.3951771035522289,0.7663278286471379
C,0.24893043148291086,0.4536647212911029
C,0.2497177783294806,0.4241960772703076
C,0.9614412220051199,1.2094025901085368
C,0.5900434156327758,1.2645843121798097
C,0.7372626885000136,1.2008408753980517
C,0.2441768835392964,0.42809698903337495
C,0.5995991993889526,1.131690278540366
C,0.59918118263157,0.4442435671193051
C,0.9770978886452967,1.858510753034959
C,0.5380349058572056,0.5404640888816676
C,0.6943533838612815,0.5519915683656674
C,0.6513229430608376,0.8669812948202559
C,0.5715959481102734,1.1464456120933955
C,0.2807678408613205,0.7839219782520628
C,0.9230732605649763,0.8849230005048782
C,0.6506874814260019,1.161025794928054
C,0.8068043308608736,0.41878033779039087
C,0.651990751629383,0.546530544658819
C,0.791751120127464,1.3247968181997931
C,0.7520788370792422,0.9156561198331803
C,0.6542119419043796,0.6311873567583303
C,0.922408013275287,0.6315184647612778
C,0.7441804665493792,1.003822277536775
C,0.5966297903749492,1.1264148821472242
C,0.4030299379956491,0.5099881200331468
C,0.23511556950375562,0.34878342243592303
C,0.48289079220324815,0.9722208733733992
C,0.5170468869666619,0.6228967104739371
C,0.5283406796136981,0.6786457267287995
C,1.2072547358198966,1.027763367161767
C,1.0887380940907092,1.1395777465404175
C,0.898989313878062,1.1559572025546936
C,0.680227106151241,0.5745456114962568
C,1.0722534230323815,1.5152997144804876
C,0.6611898948458571,0.663325538814955
C,0.2836121419166535,0.769975613005129
C,0.5140729329163608,0.8817567678382532
C,0.4672959272958914,1.3947419289789795
C,0.999311280195521,0.627474858827913
C,0.8123024469360932,0.23431193393737254
C,0.5123598046050253,0.5835802269417059
C,0.5400536977886601,1.3195924975807036
C,0.43253995233933434,0.6229921573692517
C,1.75710607253334,2.3562249877048145
C,0.9615442644748695,0.7419930668899241
C,0.5305409895780515,0.8585368518668792
C,0.4132814950560853,0.4378468638446063
C,1.0291679379120489,1.208490196964102
C,0.9331342598715747,1.0754439672073128
C,1.2039867040178773,1.0813873405690149
C,0.8435386658372639,1.2145837968989692
C,0.5315049513852852,0.6403295407973792
C,0.46954031570302723,1.2691626765651491
C,0.6091372495095203,1.1301532887724932
C,0.3892098271751544,0.7180244273259908
C,1.1310171458484661,1.2570922522151053
C,0.62389122515191,1.2553925928804817
C,0.7119045892734776,0.5071554838394825
C,0.8082643668692463,0.7226936499061796
C,0.8580348607438942,0.9184998408322994
C,0.3919566015907983,0.9602013934777687
C,0.7467921931600776,1.0788385610708753
C,0.7787081820546801,0.544082067322728
C,0.682369997704597,0.5577950171518959
C,1.1896453412640333,1.2281106649172504
C,1.7794790957979572,2.249865992050944
C,0.6107216123807492,0.43826668858403406
C,0.5771696924088802,1.2787363155561031
C,1.3074478245188907,1.6661757900597534
C,0.7060558434235247,0.9293913085989167
C,0.8116862718687242,0.8572937788318628
C,0.4321643836142597,0.5619714007787243
C,0.5556415577744476,0.7119646141269868
C,1.1796322251812041,1.2335289011263322
C,0.8641350253038378,0.49755143901053783
C,0.9025360199760868,2.304558217824777
C,0.5237667905727975,1.0247819585937565
C,0.6984999955348736,0.7264779030710914
C,0.8549865086061004,0.38484682035389434
C,0.24828966754422563,0.9972093896626774
C,0.4818329998582939,0.14404757527652245
C,0.9584529386240912,0.8496337805300632
C,0.7121816634507813,1.028374314109563
C,0.7569754026952229,1.053111516391901
C,0.5390670095162762,1.4841844115535354
C,1.1800977724954846,0.8182935128278027
C,0.9689606516186228,1.4344368564620318
C,0.3814118520803744,1.173370012148322
C,1.1516919343899552,1.3906872649754725
C,0.514093913800965,0.8737140610135443
C,0.5465616130627753,0.6821963414456085
C,0.8192796298009702,1.036074199335785
C,0.36548283417270666,0.4440803018005502
C,0.37073023521412307,0.5181097587984383
C,0.6165067832993038,0.7528652650983266
C,0.8035985542890863,0.7117978528208133
C,0.4202001183833482,0.6985765085743241
C,1.3941003712213453,1.5585832717140484
C,0.4914030594758066,0.4131208890324337
C,0.3872945637343591,0.3018882937452895
C,0.8662876313793838,0.943928036481225
C,1.2115862002344426,0.7657179012307633
C,0.6230232894256402,0.227780189492049
C,0.6248301118559849,0.8327095927347052
C,0.5505850379447115,0.44302857088766967
C,0.32735266635956944,0.5540404220987114
C,0.4883522075438447,1.338331792371224
C,0.687209996932741,0.8506720065471721
C,0.7802640104470544,1.2192900572144156
C,0.6899637739906084,0.18448768762200674
C,0.47685780465836186,0.28426860932684694
C,0.6069985183020037,0.9670726314786526
C,0.5906942383215156,0.6984585909257075
C,0.7828746282827806,0.6124834354389165
C,0.9914465166892321,1.5286864264420177
C,0.8032947905507253,0.8752205863784045
C,0.4269148372147364,1.4707570824682967
C,0.9542266757260794,0.34247491809832964
C,0.530457165533217,0.4247974820428751
C,0.5101142174440848,0.803618734327246
C,0.2976611941097362,0.6741085483487436
C,0.7153850573012462,0.2026874512008783
C,1.1529515137479378,0.680166575587168
C,0.24449267158144256,0.7915019379969996
C,0.19585552238382095,0.8536298996111901
C,0.6512280664977567,1.2452406112234664
C,1.2346953931470213,1.5365919051433206
C,1.188963830213044,1.8424920173392052
C,0.4111803841226231,1.0627747319147138
C,0.5235868636389188,0.4429293027334948
C,0.6439745439675169,0.5963300129258932
C,0.5981103950156919,1.0928455291428136
C,0.5078399334912614,1.6187227624816516
C,0.4049254637593636,0.9340831992179214
C,0.5270667541634361,0.28738234409614355
C,0.5678869945293566,0.8123111464373043
C,0.3275665613716709,0.7296491629841866
C,0.5044593702115849,0.6108714316208037
C,0.4115431579779418,0.915773563064719
C,0.4643766781664655,0.7602516687766209
C,0.6390286629791069,1.7068976111095282
C,0.7788892128244499,1.031783688062702
C,0.18202462582204185,1.374222108010047
C,0.6825645756024608,0.6528136234800724
C,0.12871369275042088,0.3715005272494557
C,0.5864441291167664,0.5618369880182758
C,0.4888175088627392,0.623975544144228
C,0.3561276671189985,0.7137728097599516
C,0.4374100889380514,0.29445481356040254
C,0.924152854738913,1.1845912019822222
C,0.2412646444724005,0.8311054515330557
C,1.0120487244783998,1.0475492169920215
C,0.38237928791326015,0.18854095454731815
C,0.5294075868991684,0.5169195292025976
C,0.6814191751121493,1.1273755834335453
C,1.501462296225566,1.7650188506975857
C,0.48740818803238106,0.9102011280271992
C,0.28893665698739934,0.2336600119782413
C,0.5180110425143538,0.1931024970098726
C,0.6103614787115852,0.5979942091582973
C,0.42563055985290554,0.5899251334909602
C,0.5618912508646332,0.39665233965307756
C,0.32545164095426404,0.34941220271133744
C,0.5207388639397027,0.43319884027438876
C,0.6251461755324145,1.0374943086005113
C,0.5462793734213095,0.44487195302311455
C,0.7403353372676426,0.9968505421876825
C,0.6228870411174674,0.42760538861401615
C,0.8242400604053496,0.6699594034674161
C,0.16181827107742064,0.6674912348076466
C,0.2934177702295913,0.7300102758580246
C,0.44758862277650935,0.5067166147863232
C,0.4004508259447826,1.2705706060726862
C,1.1446152985106137,1.1034907643016592
C,1.1745658380599775,1.4443655490588327
C,0.623160752025015,0.7731652114130008
C,0.5870662474068264,0.8953907058531643
C,0.6502546355128818,0.5905625117334492
C,0.4945645116279172,0.8082275835771501
C,0.9336203710234984,0.7857242198778411
C,0.5443634551768357,1.2130839385042893
C,0.5562682415931441,0.6354992857920434
C,0.5344520867577305,1.0644706356411635
C,0.7864078263378044,1.1876717855693897
C,0.4080896840299936,0.3890414137058743
C,0.396480090576553,1.1018972601458825
C,1.025102536026208,0.5180743617519773
C,1.1003731213886905,0.4378369652510977
C,0.4556136528712729,0.527576185825316
C,0.1582835113108192,1.3716285322217583
C,0.8454451204058138,0.8378189031019022
C,0.3692465684087722,0.4993589147345101
C,0.6074913986077581,0.3666157376660477
C,0.5235026653928468,0.3702759801766396
C,0.5581055658777909,0.39404273016301444
C,0.2985839500397665,0.34157329641537953
C,0.3758793929725495,1.2229878205137463
C,1.246385035809925,1.000167278622096
C,0.7576979426182858,0.6541444038763613
C,0.7886731915791289,1.0683786771174841
C,0.9053800109793345,0.6216604106481242
C,0.3877163314903369,0.5383905774236943
C,0.5189805995519315,0.4815211876220382
C,0.6309245699896203,0.5522123417683246
C,0.5473976157325255,0.6351284081924131
C,1.0203465152581526,1.7085929973557112
C,0.7259092241916114,0.7650769597022825
C,0.6842146059175805,1.0420175064879122
C,0.6800112624282661,1.1880178490804432
C,0.6669354544074222,0.7535571950865457
C,0.8706576781544347,0.7325960497854181
C,1.3737142547031747,1.7298189349861213
C,1.0728790657914626,0.6186618147251062
C,0.5045515394002567,0.9922995586135647
C,0.504064766732469,0.6660748066374399
C,1.224862067429265,1.636436170493809
C,0.5057218754100457,0.3533455796335922
C,0.4372456558037151,0.37921035615270116
C,0.8712551622979506,1.7242892989015686
C,0.5804076873995512,0.25549068117652035
C,0.24227837255678183,0.4123222314368782
C,0.6131044222952436,0.9319505729932602
C,0.9759082856105702,1.1692114154432933
C,1.3727363640513073,2.4676958343821105
C,0.3816947396476763,0.2779726393807839
C,0.5324338147084895,0.10607571961305028
C,1.3235047821408312,0.8880864166953576
C,1.1732010195641018,1.6280486593145012
C,0.9280334932604114,0.8591999222898279
C,0.5793291013280123,0.6267893743907891
C,0.5505476983505836,1.352132213655692
C,0.5664027675758344,2.2310990757367577
C,0.5630590133430747,0.9379100120597162
C,0.8717373233514238,0.27451245445618044
C,1.1076793992015572,1.5397550215006548
C,0.7136869811015302,0.8352352696909247
C,0.42906177054211875,0.7658577842492793
C,0.23779645424725182,1.1316906096721733
C,0.2125741157008512,0.9968840446620143
C,0.4737943517302639,1.0663830645109846
C,0.3417676609581073,0.6785897543827111
C,0.3424956819838657,0.7531765337539094
C,0.8819001814374146,1.522493319618245
C,0.7033159945551009,2.2751385984711927
C,0.6333689234062989,1.6871470302020335
C,0.693616699729763,0.5500292496862289
C,0.4180489679882129,1.06005041917815
C,0.5656016760447483,0.3805662246501366
C,0.8150533651563379,1.3673876306666823
C,0.4555652700759239,0.9551372666502881
C,0.5199111537615105,1.9262184092333394
C,0.27779766326435795,0.5529746290892765
C,0.3016145076530141,1.0735710983458933
C,0.4814988954165014,1.1024134722607104
C,0.9314715927486448,1.7465725549652273
C,0.6949300457915271,0.813215288690938
C,0.5845597527881639,0.7630548253751263
C,0.7909085892078258,0.6794190554902875
C,0.4505438432084063,0.6757628605532031
C,0.6908432496858514,1.4737388571637189
C,0.46105007109464374,0.8154062005281489
C,0.3903605448517146,1.5836836409832307
C,0.8046704599955453,0.8496224634701717
C,0.6343279256738639,0.9690511351994662
C,0.515284903672045,0.32523152943987
C,0.6091476072838569,0.14669208736873493
C,0.9211064995323867,1.3407958201226546
C,0.37246012567188874,1.6101622253944357
C,0.716313350810338,0.42548653895981603
C,0.6814927701861014,0.8299971378824959
C,1.0083357340008432,1.5060466936419905
C,0.470402866733746,0.6506132698180477
C,1.2525483541633027,2.2269841144855778
C,0.1972635608312843,0.610621956815468
C,0.43606612284602864,0.7559694144528325
C,0.47448812894608344,0.8354225538615676
C,1.3352336429139933,1.3871427956887026
C,0.6059712184340085,0.540189763981085
C,0.5311253189800095,0.7170257195108533
C,0.943655137123284,0.3641646130528318
C,1.0097539109117124,0.9393169409546939
C,0.6720893921976311,0.7943215047318597
C,0.4574166634448421,1.4489868866799525
C,0.6276495598418113,0.3142960297723767
C,0.7750595639938028,1.581537150146981
C,1.2531894065174678,1.5186788797810826
C,0.37539592971877717,0.7104027827822598
C,0.354902191148243,0.0716521701129473
C,0.7328726003949037,1.7303291261002023
C,0.5233537790013869,1.3323623252016703
C,0.6114080557771401,0.8541841118536486
C,0.10560882831496177,0.5337931449136091
C,1.2399711123382038,0.7324681241119114
C,1.2427716766143873,1.3121175987807472
C,0.7721699364759161,0.5714829415192797
C,1.0024182477873664,1.349755838611598
C,0.6254121834317781,0.28600732034477033
C,0.3776607970668325,0.34041210990589066
C,0.47771652161109474,0.7640861006755054
C,0.23890438096300506,0.4043862123754615
C,0.8839122758885843,0.7523183830655498
C,0.4512729063246207,0.18073698471830835
C,0.3220268328189562,0.207836363690897
C,0.44776128020111194,1.2596377971436055
C,1.1690595253695635,0.3990260025149323
C,0.5454007067100552,1.069236635929428
C,1.1677900178933942,1.958765267935935
C,0.5071073695577225,1.280181249640375
C,0.9461671172085117,0.859457522679077
C,0.41059772226782126,0.3806400679726203
C,0.5408517311739992,0.9433610116097781
C,1.6425372602123,2.178589150467225
C,0.6181171561673477,0.5585324904662391
C,0.966141363053784,1.0353305153176569
C,0.44337076843783446,0.903172333872924
C,0.9663469387299359,0.8930393785499192
C,0.9269321410458548,0.8671354117442384
C,1.1870417018657484,0.24101638782892393
C,0.2504730983291182,0.5235667545575852
C,0.7377898394443001,1.1439902931526005
C,0.5142353538921328,0.8678673910988425
C,0.7020963923566077,1.0440928160792473
C,1.19022515244359,1.7511745138043842
C,0.7919897574970854,0.47008394411608617
C,0.8377508661923766,0.8538714090377503
C,0.4394867981817197,1.2327454074608626
C,0.4847898285788027,1.133183785913812
C,0.5616622082117106,0.23238742180255242
C,0.8698442733252928,1.190051612271072
C,0.27976658313311326,0.2564928813651151
C,0.5011226906235379,0.612504272887659
C,1.0346000900881935,0.745401343068008
C,0.7938315206313417,0.9690560991732777
C,1.1558149006502993,2.031486377333259
C,1.0742254805528477,0.8194890066025213
C,0.9915694942481263,1.269924269771134
C,0.6138904291151716,1.027560612337925
C,1.309312101264192,0.5322266629006437
C,0.5489996732269798,1.4375280177482264
C,0.8331353331248401,0.50248269246941
C,0.42516557659239484,0.6431852800139936
C,0.41691309827226863,0.6460800539165351
C,0.5128971206617416,0.714208958867986
C,0.3513231210707999,0.4637519992628871
C,1.215472241444567,0.8075824037233518
C,0.3133027687216007,0.3900112754084908
C,0.48649688960786197,0.2606614656117651
C,0.7856762800308404,1.1067702590963502
C,0.6144136727465511,0.7381474855240742
C,1.2488557581861295,1.8656921269181346
C,0.37230464772262584,0.36628515639123443
C,0.9277441131247435,1.4464198100818055
C,0.8345497046703414,1.0951981691034707
C,0.7462102889176097,0.5577919883834868
C,0.6472923622573163,0.40316356114883295
C,0.7000124815247551,0.6825671163854313
C,1.4132611659771328,0.9063950014339289
C,0.4792659726874194,0.6846906131887597
C,0.6569617070259637,0.8781327619680535
C,0.6203286455003907,0.887751279212939
C,0.5466320509469046,0.8874313264816903
C,1.3604785044988852,1.1822468035135838
C,0.7255601937899449,0.5891560889136865
C,0.7803241756770657,1.283623043364417
C,0.36081011270826846,0.5717237569922379
C,0.23877262147818562,0.40920987716449236
C,0.4618254031547641,0.43903131082027214
C,1.0380765856789955,1.8541110520446493
C,0.8680211076662763,1.5079950278894472
C,0.4573091675658456,0.29058033387985754
C,0.6725229859707843,0.2132924728617839
C,0.3689337011487152,0.4525675810794726
C,0.8766482985560659,1.336812939558172
C,0.5768100068784743,1.1203203559490844
C,0.6290060213998839,1.070224089353794
C,0.7892202295358175,1.4231134175269022
C,0.645629493492553,2.2865777179985574
C,1.2553145361794897,1.79592118689001
C,0.8656747993055861,0.19663181594069906
C,0.7248198796117091,1.7265723950574559
C,0.647190324256005,0.9036734014222728
C,0.4990120273683896,0.6457775891028289
C,0.6278972806340755,0.439916740291035
C,0.4129755202786024,0.8492821500003711
C,0.5984264021606377,0.9454508713069357
C,1.3623140700050629,0.5504447309975966
C,0.7395886008406245,1.29950487132107
C,0.45313005579204246,0.8443575389356947
C,0.7227290872113765,0.4772560649553619
C,0.47390416623851433,0.515340234583852
C,1.1736982982548922,1.1460703660406033
C,0.580264787779215,0.47690093737141914
C,0.6452861626782549,0.6625325314967254
C,0.3259258156195005,0.8952095464409057
C,0.6549459727245344,0.6931334674228206
C,0.9786789117759327,1.0488738721069342
C,0.8713217820824689,0.6746205983183494
C,1.0005006913272227,0.7279025226696099
C,0.35170314608691966,0.9384573891944348
C,0.4837597261948231,1.8352677478357171
C,0.49243416494219694,1.577889110182222
C,0.5265163031883106,0.3940611641478207
C,0.7816269217297238,0.7814060253269834
C,0.845260861381442,1.6870649141768204
C,0.4675037643533012,1.0470781177780342
C,1.131209550402024,1.1350357823550026
C,0.2299151578588666,0.5252049935649424
C,1.140640569221258,2.000004442232952
C,0.6215345162658498,1.5641948365341136
C,0.3384004948361866,0.4165966377822281
C,0.585310971549706,1.06499226137522
C,0.6450093351218762,1.6084592016624946
C,1.1008223570424696,0.9290948560876364
C,0.2258839018659484,0.2853039193721349
C,0.714634628304543,1.086696590916254
C,0.7326270447936335,0.8523805864758484
C,0.8465033624554131,1.1944312952065292
C,1.071596125652044,1.759652130359104
C,0.49919930156516584,0.5944829808358798
C,0.44218148696526566,0.4127772995184211
C,0.7376106372598871,1.261208402652257
C,0.26209167583393683,0.5929602475212136
C,1.2882607728905024,1.0428044932010252
C,0.3244162125165991,0.23499233568035063
C,0.9869902840475029,1.0362135075843208
C,0.8210586875521521,2.333433155041323
C,0.5337619259124008,1.2487499713822972
C,0.586240046020571,0.676265206092378
C,1.0015557994624014,0.5472016635211565
C,0.6479918122722519,1.3289348199801096
C,0.33579754191748,0.31865553457672935
C,0.3768062779575937,0.367242445212451
C,0.7803465734328174,2.4823160627458907
C,1.0471167469562366,2.337338042128208
C,0.45953954182967505,1.1290746940690768
C,1.0889421787067308,2.3760558716032847
C,0.9241646689102708,0.8884483389762545
C,0.43798070850063564,0.655805908522577
C,0.960970201604154,1.3578139437072059
C,1.0304283895232451,0.41577538863232133
C,0.5080316376859492,0.6165845589508983
C,0.5858770374560058,1.3562983446821693
C,0.8564209196897267,1.2182878545588762
C,0.23188027779671638,0.7792159294578681
C,1.1239452054764438,2.0603435256498517
C,1.17222296664482,1.3954034941800246
C,0.7746234547374986,0.3960388922534678
C,0.5122315506673292,0.5129315346846693
C,0.5411372746018408,0.9145821087023471
C,0.7656548559690974,1.9765058694671147
C,0.6278475581567541,0.838527246321081
C,0.8848823948402892,0.9964465173065699
C,1.2341732230342084,1.2236272332119777
C,0.3376426305777989,0.5463063227264309
C,0.6327286671686417,0.5384240392650659
C,0.31634043819801094,0.7764047773116797
C,0.5734533587585775,0.40724283762497654
C,0.9384972652433533,0.7418059561923462
C,0.5066627134282622,0.7711727007997573
C,0.5894489195760508,1.4487040552327268
C,0.8322206504519635,0.7598157363646864
C,0.6436773955295283,0.2577758914106269
C,0.6219194721619811,0.872300689392606
C,0.268871952139024,0.26297853249098907
C,0.423878978945412,0.3646967929298839
C,0.5195989657617525,0.5790720663445671
C,0.5869390196381095,0.4056522725810878
C,1.9234662721290734,2.6267881900957644
C,0.1334174588567261,0.8297892460086903
C,0.8423055711534739,0.9757493674381639
C,0.6410248572062612,1.572013041791476
C,0.42463419665419366,0.32009008619566687
C,0.5681273162649741,1.255436332223052
C,1.0412014855235703,1.3610839515859086
C,0.4401300086028727,1.3141108102166752
C,0.9205357917382861,1.0842470634284467
C,0.5014972812011596,0.945001020035027
C,0.8310395362286488,1.2343046393109878
C,1.0712877812503832,1.465974128527405
C,0.6771778643298607,0.6770437134919881
C,0.6907535752416452,0.697644940671306
C,0.4346617377615975,0.21138647552700265
C,0.35405186791704624,0.7439927155292466
C,0.533083638915461,0.6287974968139918
C,0.37264800377424817,0.8924049068849141
C,2.491511921320206,2.808889139449457
C,0.38458440652758125,0.9297821562183897
C,0.43082170661118147,0.5822561025555724
C,0.6334224961413807,0.3630927319953267
C,1.1666587981638312,1.2620034529314232
C,0.4489058493534764,1.0732764619576425
C,0.6536428974255165,1.4590673265937102
C,0.9330933622554192,2.0532282842388097
C,0.46304358894945247,0.45511374772365676
C,0.6670045530399599,0.5321106771820231
C,0.8114426055579793,0.6219557550953446
C,0.2999205765947029,0.5333098558902865
C,0.75386649241158,0.8425281746044647
C,0.5427830864244475,0.10615256386736012
C,0.6911883293700378,0.8457156563964545
C,0.7638161897607876,1.1862274271221493
C,0.4767034723812823,0.37883686761444046
C,0.6572030606705757,0.7749022835476816
C,0.6004218463408058,0.9527381114779729
C,0.37457865103279675,0.807017913686259
C,1.2172194458298733,0.8197443154156707
C,1.0611267983877695,0.6034358134306618
C,0.3225683366395793,0.9671433426017519
C,0.7281720055177782,0.7619769111084048
C,0.396235987611657,0.6328363922908878
C,0.9294820509432289,1.1766581314689677
C,0.5877232349954306,1.0040037621347877
C,0.20911356964766556,0.40781402975237707
C,0.5047383486521312,0.6467437320256179
C,0.7518387682675537,1.1900664008195774
C,0.7868877899624395,1.358102817940395
C,0.3480160647037082,0.8763071544283567
C,0.8942202618341332,2.1111096678346484
C,0.7954162327974008,1.3808433741673078
C,0.5811714708761054,0.8137373493208543
C,1.2536389490562596,1.0668651058390408
C,0.4615433075679262,0.868617920041944
C,1.2417323014365977,1.5562018246597196
C,0.4926663993238415,1.7928749763455265
C,1.1354721502883747,0.7429710118766035
C,0.27894086377532173,0.23423989452321906
C,0.4779922267281374,0.9397354759450094
C,0.84086957070226,1.6714593881380886
C,0.3604853468862721,0.1800556687237319
C,0.6587317590295209,0.960045719723744
C,0.828487494842153,0.9507222723686394
C,0.8100285268745296,1.232055009745746
C,1.150254716524451,2.2362623360775404
C,0.442265173459647,0.7071726808549591
C,0.5466668019641844,0.4903758953818452
C,0.25178930599713556,0.6875625841081021
C,0.38616855810776163,0.6869745871532914
C,0.5987727704942549,0.6319360563193422
C,0.2858433503905789,1.1477976189243886
C,0.7699868803949615,0.8548841996026164
C,0.34779894501122904,0.37327437286117227
C,0.38807457832196246,0.41133744794071525
C,0.9655114561265014,1.1756207888953123
C,1.6748579219377415,2.478733975807757
C,0.7097824059395976,0.7729849956253039
C,0.907412051176481,0.9172532724210162
C,0.9314528678801445,1.4851115003361248
C,0.4383331484055614,0.7602483692998918
C,0.7670245418837122,1.2246584541503989
C,0.8609355493326907,0.4880007330803784
C,1.6262635446104625,2.101419384223304
C,0.5879054564841817,1.0115498608034954
C,0.5322223180407047,0.9330627668658946
C,0.914406097856079,1.0642349768138186
C,0.44220659514913613,1.3022896322081063
C,0.4084703101967293,0.5276816976480879
C,0.42085787927208235,0.8971518120562737
C,0.6429530348917997,0.8906912573751103
C,0.48226473029968403,0.48665886924749613
C,0.44886679490040315,0.8090817998090017
C,0.6950468460393555,0.991820350518883
C,0.7744414709882561,0.7301274420576611
C,0.34140612286010286,0.27937758100426524
C,0.4905755247597076,1.1836648853583145
C,1.1093489055972263,0.47722930841111355
C,0.4919682139983741,0.6964957320725383
C,0.7921084228447597,0.8868196459323501
C,0.48227247671188694,0.9186280568751871
C,0.38874954009980983,0.39352717128330944
C,0.30501165196766383,0.9525868872366644
C,0.4129268571995965,0.28771057450437754
C,0.7365460559123902,0.6910854304421018
C,0.43224355413087595,0.6045238336731652
C,0.3973970051844189,0.6465663326487757
C,0.7542730649770885,0.4717305035207891
C,0.8097140101497686,1.2318404378315637
C,1.000621382427354,1.0719626601205403
C,1.2421483305451229,0.9066459708905017
C,0.6592611333138276,1.0240171233929147
C,2.1390209161810887,2.5351067886216656
C,0.8926248023841526,1.5946353961820674
C,0.3981565257757346,0.4823910245487341
C,0.39962707907405026,0.43880616560592717
C,0.6450422082336281,0.4997210358995667
C,0.8581857001358056,0.5402377114781778
C,0.39183473259420065,0.1744135812919936
C,0.278123033126832,0.6929952454008846
C,0.9574342395821821,1.0708268001986287
C,0.34598391870112766,0.31398442978772617
C,0.5876920365102446,0.5674096769309771
C,0.48030481288431714,1.3606798008058616
C,0.5258291635984496,0.6013198704260887
C,0.3310936663948927,0.33476244168673
C,0.3532191970250855,0.41293434833948156
C,0.5529817292673088,1.1426242322580498
C,0.9250834308613847,0.4962186715804114
C,0.9047287927146903,2.1997641594726107
C,0.49055646489661386,0.21391350732163117
C,0.2865677045895188,0.6036999432820686
C,0.30223086684900685,0.29047254238191844
C,0.3509908893440317,0.2990779077296285
C,0.3410262492286221,0.7115217505542968
C,0.8603633525176703,0.697338413182604
C,0.49249348532478804,0.39826027043508133
C,0.5561031761690529,0.8124866026094618
C,0.5484703913607617,1.0819276255958772
C,0.37970967377225506,1.219522128764459
C,0.7772518544384687,1.6807564806754456
C,0.5152945799479302,0.5081884806958437
C,0.5237269564695483,1.1100898508398263
C,0.550669621584528,0.4151108008603003
C,0.5214019519102566,0.2729917352685871
C,0.3928213207996633,0.5724334265956348
C,0.8119480679789963,0.7268838123958535
C,0.831524200871025,1.245247681585532
C,0.8495498232461074,0.9522396256485588
C,0.9563719989969409,0.8273542470528228
C,0.5593914504091311,1.0361355358918702
C,0.662605758252161,0.8996483091788605
C,0.6154247868842465,0.5876839751019187
C,0.5479845071329615,0.8225132036467323
C,0.5167821168411355,1.161218291872106
C,0.6170556178977407,1.486789142702413
C,0.837165240143369,0.8981452443051838
C,0.553684768131606,0.6485692279535319
C,0.7228080968625373,0.7660883714262422
C,0.9335643769764336,1.301499091341778
C,1.1187676940900744,0.9629913080643747
C,0.6535635699304791,0.1840238753131415
C,0.6951819403589684,1.4000912089280038
C,1.1380577555351636,1.7136420182454983
C,1.0116649930770796,1.6832031727658587
C,0.7368195931768143,0.6382554775438065
C,0.443473920909672,0.3058459814015229
C,0.8633530893579526,1.0302048353599376
C,0.1849135736266298,1.0786694312582623
C,0.6918665101804949,0.9030946215605916
C,1.0528662652783323,0.867005990874628
C,0.9110142502933024,0.49220645442687627
C,0.7695439298176578,0.28841713850361456
C,0.5549362629601959,1.136830908032646
C,0.7994237973422659,1.261406971539285
C,0.4094567865380753,0.4220114012309512
C,1.0462954609973036,0.9011022640881955
C,0.38815083966816827,0.3954642192948285
C,0.7752561694664316,0.7728022273891609
C,0.5628032557354122,0.7821014436865601
C,1.8796625275083705,2.4925973290521766
C,0.9831294682508813,2.1243242451421787
C,0.18970969084662917,0.3231477716946386
C,0.5535519852767362,0.6296573160518273
C,0.8736202966951114,0.501149051625678
C,0.7159397205624533,0.8473142278916098
C,0.2730442051995488,0.33050067546611867
C,0.2730254464177398,0.8196884973538398
C,0.9912564669378718,0.7656825734440083
C,0.9610582450626305,1.2600339193156047
C,0.5613527700566318,0.3797474081547635
C,0.6415571560918989,0.976805732506894
C,0.2612763662474189,1.4770920587968526
C,0.6633859357151701,0.2543903838913748
C,0.7852509200730033,0.518826086275162
C,0.3928944628334183,0.4912966580520042
C,1.2958451130376105,1.7206637103397746
C,0.43364360703628774,0.3510006224502849
C,0.323387564408078,0.6715335012144318
C,0.3609652098327653,0.48602874259825346
C,0.6580262282542924,0.7459199954335692
C,1.667863733716938,2.0116800593118507
C,0.44100425310316893,0.8463278020622467
C,0.67462129254927,1.4867315021231988
C,0.8888943856476618,0.8934906640330624
C,0.5356086632091811,0.958252861898034
C,0.2721531512469326,0.7004258239560048
C,0.24718742322357315,0.4042788699271718
C,0.8291875595891922,0.5437823685860883
C,0.2355079565313295,0.7365233750251494
C,0.8957919811075193,2.0859660852310733
C,0.4497681990953009,0.3667799578915483
C,0.6782286833533787,0.6343654428480512
C,1.1682304363930058,1.3247294182991312
C,0.955918174591891,0.9671924585680578
C,0.7699555405649608,0.5548611493548754
C,0.6550020581895477,0.7981328529369909
C,0.4983968251639899,0.7906178548451096
C,0.8902758018958777,0.538404408058796
C,0.4466349079245754,0.5665007854118583
C,0.627540683577432,0.4669447291916706
C,0.4723285632193033,1.004158772027367
C,0.3841161965605556,0.3820747550858234
C,0.5706253710786621,1.0757019930451184
C,1.5164390596197308,1.2522525353192464
C,0.7578805039857314,1.1301478867287027
C,0.7807872812687442,0.6035959460536173
C,0.8435887016466495,0.7033958298141848
C,0.257393340278887,0.721914200992862
C,0.5081158951041556,0.6294440415546445
C,0.9753309566328345,0.5540032838893586
C,0.5016302411063129,0.5964386296683644
C,0.5950306894157837,0.6916870600672572
C,0.6937199726160669,0.779430304511112
C,0.2675168020559115,0.3451620240498235
C,0.6370151019940883,0.15413816320739376
C,0.6159015979599561,0.5974544200104226
C,0.27982186334887915,0.9166838448311891
C,0.5580481345302134,0.8297297866496034
C,0.6992394651858062,0.8547255897375826
C,0.40288963685094814,1.218224266005489
C,0.3818126064037389,0.537076529990023
C,0.6444667912805685,1.4237258895155966
C,0.6516324294670744,0.9164909772131337
C,1.1478672344862364,1.5593768078250967
C,0.43726957505936886,0.7165126202131322
C,0.7534723783955594,0.33473721495583014
C,0.5879900436021757,0.56089884444849
C,0.4997956154295935,0.7399431942323191
C,0.6485852879923691,0.370794018772017
C,0.8634537253722768,0.992724095256921
C,0.7619658008362746,2.0219844059410255
C,0.3706374105308933,1.6576440801165833
C,1.1085274609441136,2.0707812870377764
C,0.7166765450381368,0.7871941923080248
C,0.9052477508795546,1.146993316313607
C,0.26310084647149085,0.4744513668091841
C,0.3951148687192617,1.2021876231999595
C,0.47407703992706807,0.30615233622185484
C,0.44376635065682996,0.8227204172355259
C,0.5711216957797018,0.4447667439225774
C,0.2512271487004732,0.3244081227056116
C,0.5575749585619945,0.8878242966729681
C,0.3292978286263641,0.5372894450978084
C,0.6107764742858808,0.6792806331149981
C,0.38637998981539107,1.4026034417790687
C,0.5446694706950954,0.8552189369790564
C,0.6269566120682694,1.0940141661330423
C,0.44145572440257563,0.3573390729349878
C,0.36716982466942377,0.4190884767438969
C,0.5121724566672211,1.1993847944740197
C,0.7538344510137072,1.3006407392455022
C,0.459478112909226,0.2450950317719239
C,0.6766676920858581,0.528675445683392
C,0.664511672910416,0.38189990141273955
C,0.44767228740238035,0.4271046652452706
C,0.4031435603794335,0.8397762833301903
C,0.483706016411792,0.6963699786921363
C,0.42949821704980035,0.4409071263035705
C,0.9308491451488684,1.3741817032628814
C,0.5447058552318016,2.0090095143006033
C,0.716144286488632,0.5672215163248808
C,0.5146123646687165,0.4971033766308091
C,0.619860137083154,1.1836869083442731
C,0.8900163661951354,1.21868200001153
C,0.5653896454710269,0.9084199615603612
C,0.4860306749245069,1.1290540791925083
C,0.5518408788356072,1.5407517305748122
C,0.47440560597966747,0.49680322571493535
C,0.3759459094450624,0.25058332650883963
C,0.4136389013729441,1.5608808805828671
C,0.5455853902992394,0.8308686932038462
C,0.5884641428608954,0.785852687183239
C,0.8941071482395214,1.7763316752886638
C,0.45485147696600936,0.228881253285981
C,0.6294640149077577,0.5894154314532913
C,0.5601343993931928,0.9761055964516971
C,0.4561234833996867,0.3898028978062468
C,0.60754348239459,1.1903043982981503
C,0.6978408249418008,1.0894678035943488
C,0.7088746714428216,0.48416926222648254
C,0.5759941441753906,0.4006055518567443
C,0.8041163016448317,0.45614887575972496
C,0.3361592022147367,0.4993867291099609
C,0.34368250536605377,0.31313551689867725
C,1.0288115885341578,0.44462109422078305
C,1.1444717595962524,2.3608275091170206
C,0.6208326513907069,0.16245254332410194
C,0.5858266230077386,0.9309618728848729
C,0.5591286070319478,1.0148611212779426
C,0.6471909089245667,0.600738165635241
C,0.23061058895774741,0.9633170844880229
C,0.43670049931697064,0.598464939002507
C,0.45221806520776187,1.5247022962123162
C,0.5083874044366239,0.4847397530945699
C,0.42182953133862366,1.3714398789399924
C,0.42688603750743176,0.8296530889758942
C,0.6106890412890751,1.002063163830366
C,1.0530529294876407,1.1771249229646819
C,0.40072495654950824,0.5896056056648986
C,0.4484564585165639,1.5498166034749086
C,0.21087750748136883,0.5168481088921643
C,0.890260446441969,0.6761888403532912
C,0.5210697763266298,1.7298086747180264
C,0.47194852790484326,0.8311607278961591
C,1.1342770807525497,1.16356295468094
C,0.7712307585278287,0.7305812132097489
C,0.4045541478214104,0.8793275642683842
C,0.48427513059563804,1.020086502263341
C,1.1466064064413537,1.498726827094079
C,0.8971199742346764,1.0269475160162922
C,0.8368701488711232,1.6391291223655426
C,0.43026003829458453,0.5361421005101943
C,0.5757398322665797,1.3044659341769373
C,1.0157867352198113,0.9891866519404596
C,0.6531075274165609,0.6493664544065817
C,0.46049863477833447,0.5789125131181593
C,0.4661959279778474,0.4271107135068791
C,0.6125447565644934,0.769026621202376
C,0.6520308640850851,0.5008353340359907
C,0.4688222706468353,0.5697460059272303
C,0.3196339576949315,0.27446856549358506
C,1.035020570458457,0.46422526874639275
C,0.8279232680429336,0.7438851066733595
C,0.8000609201490705,1.4102490251567392
C,0.6548124027068932,0.34090728268662535
C,1.277388796491011,1.1558095136704978
C,0.7488724785492082,0.9424268919900218
C,0.7982631793438186,0.707491760280924
C,0.3451901718828318,0.6128878146056458
C,0.8518323355837715,0.8432556567589504
C,0.3742697230971789,0.717768183346382
C,0.556195729441621,1.1056871227665288
C,0.3757551036005791,1.0423206010854338
C,0.547504158461406,0.7845034866601011
C,0.16684535468755005,0.3861493934599058
C,0.8688561260194183,0.8990424733922774
C,0.991165925780442,0.23795371554735031
C,1.109205075557912,0.7523979401578282
C,0.3468291796290274,0.368753113684996
C,0.522160983337637,0.7400382742332351
C,0.16972496963538825,0.3261332052275893
C,0.6717212894493781,0.5755828800939726
C,0.380683245066896,0.9314045686176811
C,0.45868289176251426,1.1317309893956138
C,0.5703115347485379,0.5143452613622648
C,0.7522149407419931,0.9327532228756663
C,0.5104612910346626,0.9020765127008614
C,0.4191911395393382,0.9774415685198583
C,0.22462878851898738,1.252127578059024
C,0.6299146790055566,1.1065800839059565
C,0.32127091738299807,0.08758487189075027
C,0.32666922984928176,0.4451245556281327
C,0.32878224053607147,0.8100765012586243
C,0.5406134533267959,0.25941160769938665
C,0.823571232682024,1.555660732623769
C,0.7261937749605768,0.835119202768925
C,0.36474192548279055,0.34501573789483975
C,0.528095897258308,0.35177848435345693
C,1.369163727505126,1.4243652965199014
C,0.3569533484707311,0.3234729990971872
C,0.3446580052482799,0.9521443524336973
C,0.24354802799357286,0.4358877526527558
C,0.4307868277795524,0.7130029504871991
C,0.3535061775117412,0.7123391084154517
C,0.9436544520193029,0.7925329543737702
C,0.5904529415999009,1.089695011915529
C,1.1507629216316342,1.59712977297248
C,0.30769662858016406,0.4445201227042262
C,0.8071636565857344,1.0391742492199725
C,0.31156758689805036,0.5603151637103034
C,0.2651143376321969,0.9760121818645034
C,0.3791746818217506,0.3676119698449208
C,0.5301885451060366,1.2030507146270635
C,0.49572972065602444,0.6996186389319249
C,0.5672002917313844,0.20746580915052087
C,0.9012528547154511,0.49361912007998016
C,0.3517267859053414,0.5576493011114294
C,0.6915768054751635,0.8966780769928551
C,0.66711440675541,1.4286066307669658
C,0.46134633526100144,1.0699560165946402
C,0.3768270891393436,0.5849925518876917
C,0.6636308234883292,1.3440546315663369
C,0.6012845027457703,0.6805219908460358
C,1.1586189290773865,0.699260065971737
C,0.49926972735296093,0.7030526916677579
C,0.4079627997768353,0.4669208894517152
C,0.7090565446160202,1.5088731066863788
C,0.3828227321989364,0.4367881511371027
C,0.22869275415212023,0.8919218366098529
C,0.7015912111924679,0.7506256298604691
C,0.5555701717500152,0.7381263956783604
C,0.5409578633639801,0.930542545801302
C,0.6563677276890812,0.5949161681425165
C,1.0553085925877632,1.127896455140061
C,0.8847791707836845,1.3954893569087927
C,0.799225965037835,0.7422378086493493
C,0.6858089933632233,1.4691256472224818
C,0.4325714276745689,0.9210694231826992
C,0.6735107414987437,0.5821112188070803
C,0.7095150959720808,1.0117163556985038
C,0.35702472328866985,0.5617924533133847
C,1.1142619522349022,1.0115661460984875
C,0.4920018376904104,0.2739176296983496
C,0.6960454074978705,0.9890496755993028
C,0.27967077198347984,0.6087991185679683
C,0.6278854465819567,1.2480102980315226
C,0.7086507519861868,0.6895744744108588
C,0.3236617506645657,0.33417330321766053
C,0.8359977722287492,0.7797089397071457
C,0.5293302609832109,1.1451880480935464
C,0.596114551584689,0.42479809142526337
C,0.569815233745091,0.7392363522327194
C,0.6753128785905824,0.6815242010131759
C,0.5997254103221304,1.4727937331318945
C,0.6634738843924455,0.5965366734082497
C,0.5785157671278662,0.3792732761520434
C,0.3892571658640239,0.5976820451533276
C,0.7274957662464456,1.5210039053379991
C,1.2956849923980132,1.7261496604741289
C,0.458749393978461,0.8722043567793017
C,0.560982981148282,0.8798352275245538
C,0.6833136232088223,1.1295695280665372
C,0.41794025682126307,0.4528286235768412
C,1.1486059656770646,0.9594221855232049
C,0.587785109479063,0.8120154272173129
C,1.0654876759875578,2.007826730997697
C,0.2905641804293265,0.7980866711014367
C,0.4396717645159933,0.574327655645889
C,0.7028481684870922,0.3930844322571699
C,0.5296477208232813,0.5495709186187248
C,0.9488179321063555,1.2255736588488244
C,0.4177112043076375,0.3147114160968846
C,0.831680627894071,1.5165385390685195
C,0.5489289555286171,0.5001797570185502
C,0.46803202387056936,1.176579961956973
C,0.8061583390523225,0.1874801352180281
C,0.9096915615477194,0.7795598293202048
C,0.35450519024339217,0.7736310034923064
C,1.1109422789577108,0.926687383443938
C,0.32239220768633986,0.5593989714454504
C,0.5525574371468961,0.17673552266252765
C,0.4478553699597522,1.0444611316659875
C,0.30656638418407484,0.7163053602421212
C,0.5198443808715801,1.216848686006638
C,0.9524686926355892,0.3104587926565768
C,0.37552649907282815,0.3634809219492441
C,0.7931225846525057,0.44674984760134767
C,0.6999944607990356,0.5609348106440396
C,0.57230082337694,0.4798591321922113
C,1.343209701068533,2.6471859785525513
C,0.6836438663422335,0.6882719269805941
C,0.9450080946657929,1.2103656638094793
C,0.9048934050362879,0.9263628740694805
C,0.8338366512061574,0.8695287022526592
C,0.4939582387953524,0.7738272286316427
C,1.2044770082722163,1.1116279813228982
C,0.443620465018367,0.8592827597205832
C,1.3294887763127023,2.0559666313557905
C,0.7143668153893644,0.552297739243031
C,0.44480100935433253,0.3852306771440654
C,0.5511972911880479,0.33251531909239923
C,0.48423123205720164,0.6160511511050927
C,0.7013004719699074,1.6342317468704997
C,1.0772470499902245,0.6434867588543428
C,0.5602283442809765,1.0938884345512625
C,0.5779871557742449,1.1302237178308978
C,0.3185062206253831,0.4647057749204757
C,0.4176067094157408,0.41295470459242234
C,0.6750785223555029,1.0716163159258727
C,0.35273401969605345,0.16473338657360992
C,0.5640022119380784,0.9206361018402169
C,0.6675537431297354,0.7252439489533086
C,0.2302669915254429,0.8352246117779679
C,0.7279061625658292,1.206399044117308
C,0.47118120949104164,0.6868322846030881
C,0.6145285480244689,0.44684783322297533
C,0.30846008876820386,0.7491671194869616
C,1.0852051385311985,0.32053224263047275
C,0.4122314310419676,0.5217688317080883
C,0.7723309243785588,0.7146513913793251
C,0.7284031557566497,0.8985579177484534
C,0.7299923595278142,0.8355576092643625
C,0.3955698122214548,0.42120734508925356
C,0.799907823816926,0.6688075107807726
C,0.5227800620098328,0.5556582026326778
C,1.2158439271683905,1.2665171254810044
C,0.2900827948280065,0.922069414143387
C,0.21113473832176585,0.704833535246342
C,0.2756500945880252,0.48654547920488883
C,0.8334925464587633,1.1481201882986716
C,0.23912039401480395,0.3329178374016458
C,0.5824648015304761,0.7395686637382816
C,0.5120269058988978,0.6194289121296154
C,0.7350647822892249,0.5661469704858983
C,0.6758338612370172,0.6532722343874973
C,0.5316172528405573,1.0140751446284832
C,0.7767013672202704,1.0224908985269743
C,0.9423802570795795,0.5742628856196318
C,0.6844675615788985,0.9811678663763517
C,0.47723743550875053,0.6536529108101812
C,1.1306345675346274,1.8151423311789288
C,0.4259429306863696,1.2779989394091729
C,0.5463904812321395,0.32522887626356595
C,0.49015938236100687,0.5931956175120342
C,0.9122896311054266,0.9679085757982291
C,0.5314054060038631,0.5034320631559535
C,0.5270682259279221,0.8495139637757512
C,0.4613179186675457,0.8635316000292254
C,0.7556660547988443,1.3058061582250295
C,0.6079454349658716,0.6106428129612927
C,0.6442740512746156,0.4602294569271451
C,0.8997341448692043,1.4695703323917013
C,0.4179808139502975,0.23186515446145156
C,0.9704858295184335,1.4423830720474575
C,0.47508212893844265,0.7600077007683952
C,0.47993030163969946,0.3232355897024682
C,0.8106897555102933,1.3376838433128129
C,0.4457445530511146,0.6806654656978751
C,0.5738667009485018,0.7869622842349003
C,0.40042784484663924,0.4205479420921606
C,0.40707030659535004,0.5782781569617613
C,0.25825570834232614,0.8539551454616446
C,0.7947533970968491,1.2263460035839473
C,0.5996198081828888,0.8060759554676279
C,0.4101681897436999,0.32864787459307065
C,0.4987531085614846,0.5660533052068589
C,0.33032642841891585,1.149143231584981
C,0.5450297459154387,0.4876864023837486
C,0.22914841184060053,0.3742871570345712
C,1.0956747740498964,1.5860089663331338
C,0.9084104221119599,0.9395199046859032
C,0.5774218504436976,1.0428618056467494
C,0.28541402493413653,0.8269641825539924
C,0.5960648888426591,0.6220276377971158
C,0.6694497484954413,0.9050715770411001
C,0.4339300675814009,0.3697161168997516
C,0.47900992978419443,0.5570294776878852
C,0.4088832044379001,0.9844135067979359
C,0.36262209217524255,1.2715520683298478
C,0.8513026523244175,1.8067757269694014
C,0.3135199879256535,1.5847854662819478
C,0.6507859156895206,1.1180057754388095
C,0.3359527472756308,0.5461945826778601
C,1.3855376750970847,0.9808647219765335
C,0.7157755029345925,1.6014860256760435
C,0.9625441955013857,0.7780711488588414
C,0.676097695943197,0.8040262083333083
C,0.9269196779016126,1.0426285242208762
C,0.661350991417745,0.5575439040344947
C,0.38334555933444026,0.2861464143114334
C,0.630172908080439,0.7414173447188789
C,0.6239021486825094,0.8491892647113302
C,1.2731441177789855,0.9155689253900399
C,0.41622609832720486,0.5162842440421809
C,0.49308581238017174,0.7375046106231161
C,0.5164256325716254,1.1099746343471628
C,0.22336094813111132,0.30477653874622124
C,1.07043280580313,2.1266085123841907
C,0.5542215809693897,0.5682724024118773
C,0.7696047298391939,1.4844313343166506
C,0.6073631729840306,0.6307564837494206
C,0.4960001679937288,0.4353832720730313
C,0.6096662270382028,0.8503532910671742
C,0.45971445080019435,0.3218354419692697
C,0.6371392048635125,1.0999526074473314
C,0.6084250639480135,0.7535951776964701
C,0.5377686937824177,0.8276055459321603
C,0.3390679571259938,0.0985448637723674
C,0.5256952775071334,1.1628508103000363
C,0.4299443820431782,0.353062016123777
C,1.213447043595033,1.0646810693374853
C,0.4521128086987522,0.6131932718461917
C,0.7482985751535395,1.1037672705960067
C,0.8540431835128407,1.2312724528603403
C,1.0846441829848885,0.9608935514449375
C,0.7963205943903161,0.5485789717780462
C,0.6615580785165157,0.7357410283050629
C,0.3257823030027154,0.98656757627932
C,1.0887112277154585,1.6394899734123793
C,0.7041795354856498,0.4794260603116584
C,0.2992674844566443,0.6909708285733589
C,0.49575870452501475,0.9575596393070879
C,0.26599462752567005,0.17002941122592183
C,0.4037570297114647,0.8120353713709245
C,0.325871064618451,0.6204863659351033
C,0.4360433395480303,0.406147682316558
C,0.35958222295662756,0.7184054015688849
C,0.40604375310180135,0.5047590339111719
C,0.4346775293232448,0.5773673402186216
C,0.6378457882342052,0.6815135532411276
C,0.6922203044950649,1.7687401526831612
C,1.1554365495786358,1.0968451321636885
C,1.3313445123192553,1.1829339124078924
C,0.4230069193684855,0.3294824073653882
C,0.6210818261804201,0.6378077699988515
C,0.615384568218139,1.0859261543816277
C,0.919825027869672,1.7676811374945993
C,1.143412089394423,2.138654252987896
C,0.7836556457166225,1.628636404767424
C,0.6532254090000806,0.22216910478771085
C,0.40413824082960026,0.47532453579945083
C,0.42802834882798385,2.059564870920083
C,0.3870220389869698,0.6540742285376849
C,0.18769449587117218,1.0349892430938057
C,0.8722014434340551,0.7593778276615987
C,0.6422717451906566,0.40872198481652317
C,0.2817884168936439,0.5292437188791569
C,0.18175828590790166,0.5560895272844211
C,0.4631000292524762,0.8810374381788333
C,0.3501420688849218,1.5335305954915184
C,0.4763092313893435,1.0660226926957148
C,0.29635373844912594,0.17013328455882498
C,0.5166022093251448,1.1417004317031754
C,0.575747478779005,1.413403981993523
C,0.431646416092553,1.159058693667371
C,0.7974920546560189,1.2194808222926459
C,0.4794657864249528,1.529465303199667
C,0.4159348200544358,0.7517429283651861
C,0.6772908865168232,0.6204626534492592
C,0.35756395529312623,0.7622728102778702
C,1.35781240035104,1.6225292894684002
C,0.4884826443520189,0.8738645078989444
C,0.5762914840554437,0.618622930665577
C,0.6473627846154368,1.325720862434714
C,0.4400957421118891,1.3353169491689838
C,0.6239917152624069,0.20083558042211708
C,0.6249297550789054,1.233775959866774
C,0.6827758518787721,1.048164228525112
C,0.2756773976908884,0.7549560771060077
C,0.40924389191243593,0.8115143309252718
C,1.18222516292504,1.4452409114542903
C,0.5537890932424843,0.9627115513435681
C,0.8380981879390135,1.1538639122700576
C,1.2073728290796621,1.9833436008202532
C,0.5226556178775204,0.5822263799026963
C,0.8219347191450878,0.8910357833853301
C,0.3225716974875901,0.6230659023257799
C,0.6650563555845871,0.9389456312055116
C,0.5128330171614573,0.6585654702789034
C,0.3963766599650332,1.2415290116248352
C,0.27466310865085797,1.7802668288301784
C,0.6350876652514112,0.7868078551289313
C,0.4750675793192434,0.1385052021184529
C,0.3293064561716545,0.8665238490532513
C,1.0988371927482354,1.2056282139489845
C,0.6286621228344614,0.6347506969003585
C,0.523198340048179,0.6426713114119814
C,0.6532567937947714,1.0077345053780997
C,0.37831925664161054,0.8147814875284136
C,1.0901448353968841,0.6597271364860541
C,0.684889603782186,1.019933143906989
C,0.7367056717898004,0.7222382511982423
C,0.618013741301669,1.4010199625526354
C,0.5047109987774435,1.4818487615297709
C,0.238725355120894,0.6411765432717145
C,0.4785592606687303,0.488772426241477
C,0.5529678211080802,0.41158813362937025
C,0.20591914909501646,0.27459689996056696
C,0.464472292807246,1.0638263399038934
C,0.2584074562404507,1.4392687958482977
C,0.8861352679280142,0.16248564807361437
C,0.4179769514585494,0.9841453160999697
C,0.8816019487871922,1.5729011327697735
C,0.6432095280568149,0.4027846942373978
C,1.4702030794340528,1.004623895063522
C,0.6055844188842028,0.48741721171466634
C,0.9519072599831065,1.1616235779381159
C,0.5386850403780212,1.2228319760849216
C,0.4393197806143893,0.8928686893869523
C,0.5893662591803291,0.4238871011595301
C,0.4493654492402706,0.4878382806080116
C,0.4442669203245571,0.283166053518213
C,1.1118183810475202,0.7453818130369958
C,0.5753226376910435,0.5816334296141673
C,0.497171386907588,0.6346445034252592
C,0.43932520649447915,1.4148330803233615
C,0.5247478650146988,1.3646107549201998
C,0.8247486221037106,1.0499571126403693
C,0.8126119762944819,0.3817731847009712
C,1.130150256779466,1.0535957448070499
C,0.3585679414254144,0.5130356246332256
C,0.6470450900549114,1.007219068519719
C,1.028490700112549,0.6355212575476472
C,0.3687299873222197,0.42587390017663895
C,1.5415847655978474,1.716686828941457
C,0.6541476829914739,1.1089032811690358
C,0.44346838995636767,1.046843401767462
C,0.7020605872667041,1.4488745178357905
C,0.36300028900091913,0.2721868790673067
C,0.3491723108375293,0.5309622732248864
C,0.9717217644931477,0.9684276114588788
C,0.7573076016085474,1.5214302769183505
C,0.6562209281920327,0.7127353152868287
C,0.36742950952747033,1.2217623149337251
C,0.4614549916086799,0.908937096314889
C,1.1421561628830479,1.234618189991349
C,0.654444441922933,0.5826204659325631
C,0.7783033530540829,0.6100000679712592
C,0.31332524765827124,0.9600403220908977
C,0.7585857793807224,0.5748888605839755
C,0.7387489258754781,0.6197353328221397
C,0.9244481943856164,1.626075527362541
C,0.5529168956087351,0.34426937274052505
C,0.9532753979809426,0.7819860193555741
C,0.39129137821113835,0.5772403735939255
C,0.4819087182611276,0.560538106013301
C,0.3695149029157745,0.7892706874677429
C,0.3223708321512575,0.6877490033796616
C,0.312398211084414,0.8822111244627462
C,0.7078729112206101,1.1068304027824893
C,0.5842411991122328,0.8468399763413537
C,0.997847754910722,1.2543966750092692
C,0.881029487501403,1.2533781607850292
C,0.7472630706358934,0.7568364540350543
C,1.103168683253342,1.7463111039927417
C,0.36302371837279046,1.1415294905444864
C,0.39976621318266026,0.5691791400947994
C,0.8232945292522649,0.44470592536505943
C,0.3506844034499211,1.7308642868991697
C,0.2881512427444052,0.3837752097775654
C,0.9000056004398526,1.09879094256594
C,0.5458200991075679,1.5782952177811005
C,0.7293214549529603,1.30360527805706
C,0.14435317147175014,0.6714208570554708
C,0.6601847314807168,0.3580877182684733
C,0.33677195816725414,0.9509441894808646
C,0.49632939807034054,0.9016267370400761
C,0.4265390597326525,0.6471843220684127
C,0.546792435762228,0.5307224111668939
C,0.3250904345614273,0.26703841353472707
C,0.46530358176909775,0.9055747824313297
C,0.6257355891357894,0.9222001076679248
C,0.556096336232134,0.6942852263456755
C,0.4928907840184618,0.6451166493707151
C,0.45352332381936256,0.27611713443382674
C,0.4310273073588481,0.5225457910307908
C,0.8507214738210929,0.9106080929571652
C,0.6040816952440677,1.0285175257768522
C,0.5113355923579784,1.2075807655408741
C,0.6388240665341669,1.4313260603290463
C,0.4040483531244409,0.43129436569699026
C,1.5618205910034855,1.4951473864859612
C,0.5705086200398564,0.6423407857808745
C,0.4685425581353365,1.5615765524794072
C,0.6616356456479744,0.5560373366142355
C,0.9371243660296202,0.1860541353388673
C,0.4935282474482711,0.3802064596964055
C,0.3685222245743185,0.5948200539485028
C,0.3851623025303535,0.5979700732281886
C,0.6869736092801577,0.5965113321462981
C,0.5479766748728361,1.6316440310042406
C,0.7481371868417653,0.6607268668329538
C,0.44360207701769916,0.6118304540615417
C,0.5673424912642109,1.4458238958976495
C,0.768392289373017,0.9995502606670831
C,0.53318161803606,0.4128757273837182
C,0.3073224772864117,0.6486436748955868
C,0.6054732009237089,0.8381495359740339
C,0.8185063519615353,1.6515360019765184
C,0.8587460287252151,1.2193952464287963
C,0.3896323644312232,0.6836595266638967
C,0.5927657003279215,0.6812109007346495
C,0.6514008115469263,0.7643085060257006
C,0.356265400334225,0.7143630296141614
C,0.5433533207937046,0.5007286760863658
C,0.35957873557723874,0.47616060003935207
C,1.1143467567403202,1.4534977635717894
C,1.2698291080222948,1.2982638382584515
C,0.3891621387700623,0.798862450668326
C,0.7934109893356072,0.8007962632091161
C,0.32277293817559277,0.39819931504293804
C,0.5177467100497811,0.8032947018865567
C,0.45308563413464387,1.3452318293913836
C,1.7933774713631,1.7763908869687568
C,0.6771385301302312,0.5837556801718884
C,0.6328581828077536,0.3263275008236906
C,0.9093502950195825,0.4239430492093727
C,1.0102225942021412,1.2498476817814683
C,0.9042043054738803,0.8514200645619188
C,0.6610581727325722,0.9743051344056429
C,0.3409999123314316,1.1348430920107349
C,0.5537508672093925,0.7454575545022388
C,0.7194942669819361,0.8789050720035478
C,0.43398321598777617,1.35223491801295
C,0.3931544190362638,0.663673179966401
C,1.2699675694457537,1.6163900718710065
C,0.34679680716781286,0.4541145881172935
C,0.7859488739586257,1.2751208793740967
C,0.6528662281112257,0.5501522563623242
C,0.8360631778466904,1.1866938040441488
C,0.969456800420628,1.4742258938374095
C,0.4893255190036196,0.6378548538827344
C,0.26969193411891423,0.37437420273413596
C,0.4092371517652909,0.3283767063023552
C,0.6151294570391709,0.3645387371393815
C,1.2094490528869255,1.6117387604154587
C,0.497130766205175,1.0049864264289634
C,0.9320874560255826,0.5198935780097058
C,0.9640087492444919,0.6371826511670139
C,0.5583908176168204,0.5897024709945451
C,0.5257689483615267,0.4095840547614836
C,1.0777720570848608,0.48007071829349857
C,0.3557579587029254,0.3065448961630399
C,0.688222041558304,0.38322466613656336
C,0.7036650786730531,1.2535866534041449
C,0.1576070148151942,0.46395887640495637
C,0.5545980352676321,0.5713722753497876
C,0.4491930485276582,0.7156623179089168
C,0.830683618334242,1.1280550564042742
C,0.902931425467799,0.989505646497096
C,1.2237015145253336,1.138991033511215
C,0.7583395703267652,0.39994689530549377
C,1.0774336897152856,1.7338282340309443
C,0.5938433753767546,0.5693701327451598
C,0.5933666226646609,0.9525167026195529
C,0.3679174585323571,0.4874036901360309
C,0.47329703501811377,0.7951355691117236
C,0.7453998261977773,0.6041125892128121
C,0.43634343126105285,0.6418582807415981
C,0.27086977670615003,0.5938491119597253
C,0.610624323911659,1.5232462586302682
C,0.6320995973751011,1.439562366088682
C,1.366111606058702,2.425632102273947
C,1.3216204122159652,0.5692254406879532
C,0.683105364788344,0.9128476825554837
C,0.5538294745040788,0.6715251870324539
C,1.7358441519120247,2.1759514667156155
C,0.4178531864153506,0.35779058811851255
C,0.12130059209582932,0.6972828317226929
C,0.604594944172201,1.1191229468207262
C,0.8144359613082335,0.4026835788648059
C,0.7761035254378094,0.582206525448028
C,0.6059599862059855,0.4217860702839016
C,0.3640763078743185,0.551247472399547
C,0.8535871383275541,0.16515597497373294
C,0.8011118401220273,1.0143888450943372
C,0.6060499242216979,0.885291730535734
C,0.6146953776614458,0.8170847103360482
C,0.36126566785319336,0.28187103444889516
C,0.5799954233839486,0.5057788494926848
C,0.6251773208817328,0.8520004046092405
C,0.6837755031624573,0.7410431227709041
C,0.7050222330341612,1.856895415993064
C,0.7537246665612377,1.1084538573569582
C,0.6272132750266182,0.2649649047917643
C,0.6924455253673566,1.0850634279076745
C,0.4229116493591195,1.5347662413385095
C,0.5578271971015546,0.750035285365152
C,0.47920155200740494,1.52416506741659
C,0.4769897546724709,0.5785354374807684
C,0.48394787075833956,0.6533445693025032
C,0.8022280620888607,0.9479489828655269
C,0.5075457705313565,1.000857604133285
C,0.3586744933739023,0.9976483199799957
C,0.4326846180200265,0.8526731525487514
C,0.6500221136262377,0.8981220895904497
C,0.7163955189686751,0.5831437834062875
C,0.7374075865229802,0.699901671612419
C,0.5060597774522052,0.8139011362974903
C,0.569457548950553,1.8752536666595812
C,0.9148540791720977,0.6524095545536154
C,1.2297097788794593,1.7291835941040723
C,0.8771625473649037,0.7606077032603402
C,0.6137560477412648,0.5318485801435121
C,0.5930135615754544,0.8771261703086238
C,0.4946116225181283,0.2569307650409208
C,0.726666449544827,1.0526979987468443
C,0.24939217851455756,0.49506855616511586
C,0.5373828847340641,1.2458552606056874
C,0.957948100232565,0.8188857413314203
C,0.7315413052530793,0.9861293108147254
C,0.5058558693072776,0.5291516821929534
C,0.5061165763327028,0.6230831295770829
C,0.3160156459836662,0.4971855019137091
C,1.0010157818731098,1.1469800110703305
C,0.6838675098841145,0.7919419309188133
C,0.5047879208083322,0.8225910829845537
C,0.2721758895251418,0.9687974001801991
C,0.22850059795591648,0.7740979962456292
C,0.32402898909404804,0.4351975581164702
C,0.39094811085811226,0.39218322094062535
C,0.6150894355331404,0.7855096229840892
C,0.4973844572329169,0.4629486562664062
C,0.20954606095657263,0.7197296383190587
C,0.4913951301966498,1.8154290164135958
C,1.1961787536507393,1.0515008701503525
C,0.4589616498855177,1.203859883637893
C,0.7694450162403396,1.7916628159447243
C,0.5958090177984383,0.4610306873592498
C,0.2763590198375113,0.73479440069522
C,0.39685908023900807,0.4432002477982124
C,1.1641452464209279,1.669818156471559
C,0.49903300606460954,1.1507143542729874
C,0.3929227635480784,0.43894880163642774
C,0.3511617625194452,0.8791221256103735
C,0.4066310268588342,0.49975263839073975
C,1.0765908825053832,0.6297681718292523
C,0.6823897270381801,0.5817540588088124
C,1.169503869658741,1.6926337571760135
C,0.7395134661496012,1.0871620951316923
C,0.7677290111504185,0.6751854017552941
C,0.7767165726951836,0.7180789792764202
C,1.0342377459075502,0.6216736487765026
C,0.4782016934946682,0.44454692162067055
C,1.1395686366672455,1.9160623183820773
C,0.8792050744219687,0.6257089790287377
C,1.0910180667795204,1.9481233214723894
C,0.33919237249196726,0.8983123791561688
C,0.6938991049951044,0.6693288063259881
C,0.6633455726563008,0.9108666191705348
C,0.9364317492197022,0.8538457608673572
C,0.5909285485959663,1.3593425183623336
C,1.0362481269443877,1.4864296638743906
C,0.5000497972843505,0.3683125606840915
C,1.0195270097261069,1.373475212665016
C,0.31004904974264075,1.0553656637908266
C,1.0070958635667002,1.312766828584393
C,0.3147403556900156,0.4683665932854266
C,0.4200263316645014,0.7679103964900932
C,0.3746890704177702,1.1372361428546154
C,0.2083090821263979,0.5156459636883322
C,0.7025814421016655,0.7726245270572377
C,0.6422190806415573,0.8471405451385984
C,0.1703625056834649,0.46275777922727696
C,0.7170608265607129,1.2422254344751316
C,0.582925687244249,1.1838008157116382
C,0.8669676856898214,0.8811406791476589
C,0.5739164499300636,1.0907687431065862
C,0.6418994025284223,0.9699569070388173
C,0.6511307780337264,1.161832022184952
C,0.21888812734525503,0.5382820405117182
C,0.4125728225150102,0.7449774742528232
C,0.45373465361905596,0.5870712566739305
C,0.33922901078375634,0.34413465328051146
C,0.428838312126203,0.9711853724858154
C,0.540798324807786,0.8473937383164659
C,1.0449966009273641,1.6582656797862108
C,0.48767948072039047,0.9225183825637272
C,0.43184840107341643,1.2881289231979545
C,0.387776702149598,0.5305015703853501
C,1.1317198041239276,1.4040516024686174
C,0.44419939882554244,1.1226308434194585
C,0.4250844643337497,0.23667371598034198
C,1.8832817075329193,1.9637563393583506
C,0.17766551716761128,0.5447198433247422
C,0.6496103677842654,0.490290237057394
C,0.8772129230269803,0.286274546725652
C,0.7019123860878749,0.8304300344934362
C,0.3590140202176921,0.6829774195940631
C,0.502167624636461,0.45455477055495797
C,0.5398471339351448,1.4788779605627143
C,0.47159043420767055,0.7353594056716696
C,1.386195494972597,1.6443462467378622
C,0.3677178788286428,0.7157680906680441
C,0.9787389283900105,0.9957338648718201
C,0.8262471367842936,0.2831374947654745
C,0.6789700277632835,1.2046088165570685
C,0.4239265164841756,1.2087720666353268
C,0.44665940796829745,0.7179149251645929
C,1.4172353882947635,1.601504783537363
C,0.800088718726451,0.2838878380732089
C,0.6174729171244279,0.5240575575343641
C,0.5813331352778915,1.2769386418033046
C,1.1193006537928072,1.9924807017506996
C,1.4656465580324816,1.951131059265732
C,0.40761066174654803,0.8524428755088036
C,0.8430461462646359,1.5728154847776812
C,0.277522589374285,0.5670409244041031
C,1.6245184156990498,1.0191571444104612
C,0.3530986840184835,0.3332111816392813
C,0.4781307894958531,1.040151345908839
C,0.514181801349538,0.6209569269756198
C,0.5595712165651594,0.41348707096984094
C,0.9620028555578863,1.0347257960626235
C,1.0285249736744675,0.7018692636038072
C,0.8003391830872372,0.7920292949030315
C,1.4120282984530732,1.4637615455524489
C,0.5334201381814844,1.4965736310675952
C,0.5714202715014951,0.969810698248814
C,0.5715850143630011,1.2284235015867755
C,0.7438965285884394,0.926166859870066
C,1.229715721378542,2.4369648227087715
C,0.5464419326034746,0.33137508817129496
C,0.706102761758061,0.4666373050504976
C,0.5116341303675953,0.8793714617289397
C,0.6375519728034074,1.3271569454376104
C,0.6743095958861387,0.6555751135542159
C,0.5805883267545234,0.848511933552121
C,0.8765808432251032,1.5520829683060702
C,0.6076057801749857,0.9305534170195471
C,0.9397516125453412,0.7681655414569998
C,0.8985864027171935,2.7586980268851913
C,0.5651147591111542,0.5252635214771738
C,0.6595433638138517,1.5984484048521745
C,0.8809573719984005,0.61349085065468
C,0.7946233974307622,0.9297079153333532
C,0.648922429024648,1.0776748705752723
C,0.6981484901312681,1.480236023561311
C,0.5263464912449402,0.19215625454513477
C,0.5844387379608427,0.6372137512789557
C,0.23680968026675417,0.5884831700338947
C,0.45841999268142825,0.7149485909130848
C,0.5442039973754926,0.9840664626359896
C,0.6757135080724235,1.2042863646767201
C,0.5291096987325257,0.4524950622821485
C,0.6942157887476978,1.0352291593685174
C,0.7125923104688897,0.6725508158338298
C,0.8255642680007795,1.7929576138564616
C,0.5996342197651752,0.5825368266832899
C,0.8347308749586323,0.5144759126260899
C,1.1124893242219853,0.7146117779542311
C,0.8170128031007834,1.221886081810712
C,0.7498090924229215,1.3168663201834843
C,0.580285625103605,0.8269425396046153
C,0.5861750401477016,0.5336895123983675
C,0.47451569951854705,0.3632028753546445
C,0.5879035852579965,0.6497886595081495
C,0.37376123461084987,0.6544115293984352
C,1.1072154995392804,1.4953019060311326
C,0.3235510477471566,0.4488979258147521
C,0.7283736432130808,0.8364737569364136
C,0.847874178291044,0.6717695939288457
C,0.6477992042481084,1.6071876621302246
C,0.570880229186354,0.6388756347803466
C,0.2782237410348119,0.5618716526637316
C,0.3750428507055164,0.2405909429085145
C,0.24917714179869058,0.6380407509668525
C,0.8073401155187615,0.5739857086866823
C,0.9135908139272494,1.305678265340614
C,0.5537517585220159,0.9014848060978874
C,0.43949831558583113,0.6992153551587047
C,0.6654270891530786,0.6745220844352915
C,0.3887007926615727,0.9050286812911477
C,0.2746753003840229,0.8065890875963669
C,0.47215967361063194,0.8603158930149432
C,0.2354009093400299,0.45294815597112503
C,0.5263573058177801,0.9982222353238789
C,0.8834792509765871,0.5375232352994876
C,0.39701183363491216,0.5322934632205872
C,0.4470910367699096,0.7573210184003539
C,0.7573252053077891,1.31187061472059
C,0.5216560299994425,1.4074038266955895
C,0.7709620903004184,2.1964730150131273
C,0.30577621467841665,1.0468884527868614
C,0.15118851681685935,1.3265269978140068
C,1.013605444927219,1.0297754282636897
C,0.4957202056753811,0.8004034460971988
C,0.3977125116047425,1.0468243936194102
C,0.43301212490094126,0.5333467710974202
C,0.436404853216909,0.5589787280902434
C,0.4609353208473861,1.5581608411632588
C,0.5789876357842028,0.7147590035922649
C,1.1608394882081177,2.4054189165340474
C,0.44933496812521506,0.8907600561323135
C,0.347533425781008,0.5505246951526027
C,0.31262408268103203,0.39597165208645413
C,0.28350628685190166,0.2126112742239541
C,0.6516503199239018,0.5467334596328278
C,0.7474214788885308,0.9425769775632892
C,0.9064467658925282,1.2414966555455873
C,0.479963362511449,0.43750471534403684
C,0.478942084955077,1.0411714571490986
C,0.675165094201153,0.5097053657675343
C,0.3193457469359431,0.8435088777617228
C,0.3435204890261386,1.2579158236306593
C,0.5687435403369475,0.8533000977207208
C,0.29136573919260617,0.46686624170774943
C,0.5190457764137587,0.845182375827604
C,0.36120947814479,0.09383205569770715
C,0.3752827132970276,0.7097606170854995
C,0.4556332581903562,0.8158287567577484
C,0.7958219802202183,1.2762420371320626
C,0.4107549078857234,1.3104902748250757
C,0.7032197537300705,1.0030798696423304
C,0.5043236369364985,0.8683360833619428
C,0.8080283695556079,1.2406813898166231
C,0.7331473280089892,0.6024904516579952
C,0.9651391408315934,0.8344562127272375
C,0.3424906943196343,0.5102889907027193
C,0.3802400611533192,0.8909175038354253
C,0.6273103268847902,0.5619575096835489
C,0.3737830201601297,0.2639834871312113
C,0.3776675164476715,0.6114048543089872
C,0.6207111050964277,1.0317756092934292
C,0.5928742047211121,0.6470549964630316
C,0.5684380475249319,0.21564137425853486
C,0.4638471397178913,1.1534813517033498
C,0.45667352699862684,0.5196684236586956
C,0.4038691687963988,0.44900028602113384
C,0.3176665079676328,0.24349624501580566
C,0.7264360931662908,0.3873321862662821
C,0.5838440805413759,0.6960719764253421
C,0.7667700009888896,1.4010342347976747
C,0.24612195573622614,0.3832909148766415
C,0.37538303900710723,0.864555120529114
C,0.4621936336593744,0.8040041276871577
C,1.031770017279816,1.2271094876703879
C,0.26721984884180194,0.7075268399353942
C,0.41426774023424845,0.32096662167409395
C,0.3965161180330641,0.5334981127432238
C,0.8399088629051775,1.5445078888222818
C,0.5503647495690019,0.7519078987382187
C,0.599684215299846,0.42001638141387315
C,0.38914581866689,0.3318803709377429
C,0.5257101106081135,0.828733176854204
C,0.5054702166797921,0.5201321533500414
C,0.490789625308293,0.4115378287630803
C,0.5166457797768611,0.37386603723002815
C,1.1528400472614355,0.8078028170063966
C,0.5281896526777224,0.4108739027546729
C,1.5359838805528263,2.273085792191429
C,0.5270023055087675,0.459511429624082
C,0.27263369496155215,0.3730018485741252
C,0.38864878066444264,0.28964692992394137
C,0.9850424966165472,0.5073258178727741
C,0.7311405826629312,0.6487395927710085
C,0.40358235748001237,0.8395910405531365
C,0.5030767625209626,0.13915951497577744
C,0.41920931427085184,0.8912562590811213
C,0.25107452503961586,0.6178826274855026
C,0.9024285133849267,1.7435645507613842
C,0.6344435980406912,0.332815963559591
C,0.36860499411704906,0.4747036117316808
C,1.0591528727055053,1.3338195306867153
C,0.571974142295085,0.3796506024433359
C,0.6689144275234782,1.2943154379518356
C,0.2680882734402055,0.43115265248626766
C,0.5076824221174244,0.28227653020741716
C,0.8345280786880107,1.0378415719226564
C,0.9880352995798487,1.5198261085829337
C,0.3457138345573187,0.7731840991145662
C,0.8035492951676396,0.45541354082692836
C,0.6942629735596976,0.538919434565298
C,0.6982241900463605,1.2441422614770794
C,0.589688746671656,0.8367809356944413
C,0.9250654131881764,1.1516148613531454
C,0.30055999960574953,0.6195224108126932
C,0.1463700949063811,0.2978801774870765
C,0.6597103546500914,0.6306285088463077
C,0.8681646959046754,1.6868628739638079
C,0.7305471151555932,0.97174438510171
C,0.7436724806719455,0.24255878042187604
C,0.6647384094940566,0.34340172304831507
C,0.3578527307560027,0.4602904561348074
C,1.1320407372449452,1.7981517534700322
C,0.23586906508568817,0.20821727314154695
C,0.46931641962673254,0.5358166541187821
C,0.4478187383423382,0.7460782993544421
C,0.6644471406706879,0.8948715165786514
C,0.49812845845915577,0.6810333089362636
C,0.93343454536453,0.7191341115971857
C,0.46350774804079475,0.7514880276990374
C,0.5136891956681263,0.6909385899565561
C,0.33921747916294737,0.6268614777921325
C,0.45084613334038415,1.0589434299512341
C,0.6131309315225792,0.6772380334837904
C,0.47978517369314627,0.9459270893620297
C,0.34848837959086987,0.6358658082893894
C,0.5546850015133696,0.4730012905390234
C,0.561246489330149,1.0379236288450528
C,0.9454902973684784,1.3848766215910175
C,0.49595498209015243,0.31202363105375164
C,0.19889329278191437,0.1684284011978808
C,0.6028876239464429,0.7967123608931411
C,0.46773864889358313,0.9434691845053466
C,0.7241603706048446,1.0461908992447577
C,0.6236994584349523,0.6122018447911045
C,0.6994823964948416,1.1827160594072612
C,0.54324243247068,1.1692993258547866
C,0.9692606636973883,1.2523286500078097
C,0.6213831353028596,0.9676871304332365
C,1.1689841981338285,1.1465745153394036
C,0.38387317133697724,0.2324047509786942
C,0.37294039604071133,0.560110454079892
C,0.3982723661008186,1.1364518491008855
C,0.4960049237839271,0.1772357670319222
C,0.75926933392807,1.1468848403986147
C,0.7240164526903784,1.0511252839795078
C,0.6610848926529748,0.49542771276519365
C,0.7126623760899897,0.9620508634606981
C,0.35770282834899864,0.38225423270248154
C,0.7080732370576116,0.5060773301257746
C,0.6848361209991743,1.122562797332922
C,0.7373624146209314,0.9606825589215027
C,1.1491625777638081,1.408865496716836
C,0.5446494621988781,0.5978040787877756
C,0.8829205351706572,0.9219634906982426
C,0.2637263567861012,0.23400024780176912
C,0.8197906024881675,1.3240184062193867
C,0.4599680620518851,0.6170170956511716
C,0.31112785744778837,0.5928475062490141
C,0.7062040760888849,0.6697715195173458
C,0.46545977870217053,0.12687909274923612
C,0.3830110084074471,0.6427490796627003
C,0.9024993314097475,0.637489101110085
C,0.5674303537971852,0.7224931140560503
C,0.40871866965115977,0.4240805564305584
C,0.817991579997075,0.6999049614952265
C,0.6414127938095073,0.848491188397777
C,0.7435385212047337,0.8703455254888378
C,0.46300962496833115,0.8465876932240664
C,0.31180241558960275,0.09169391714031822
C,0.4057466822796052,0.4970946877255793
C,0.5446188810051787,1.021867002958458
C,0.4455465306307723,0.6171417391502301
C,0.5055294360473975,0.5106499537858722
C,0.6752324811646525,1.1938125173730152
C,0.5376756698102121,0.5978104872263922
C,0.6880407687505635,0.5862221241885649
C,0.49261976910235306,1.040678785408183
C,0.163929303396368,0.30877936037957
C,0.38021693502264003,1.01980744077385
C,0.8892749881119953,0.6281603339171096
C,0.9386610028406113,0.6887021939243301
C,0.4365409874420549,0.5172370007945095
C,0.5355617960454737,0.7550565109255833
C,0.3554718994013136,0.9676272808906037
C,0.5962470741315834,1.0073128688284514
C,0.5092169162544766,0.3850597621462997
C,0.606563763509691,0.6322740409462535
C,0.3839983031867969,0.5258080372057281
C,0.5449838445762876,1.1386817667005098
C,0.381376932334046,0.33958364074936515
C,0.4085039166206011,0.3937903508390365
C,1.1079739550712975,1.4536370287822242
C,0.31530867515010386,0.8169946485781495
C,0.5508044747374681,0.5929225181718836
C,0.3483310451030648,0.12358359583889791
C,0.5433379138146324,0.6113266693988646
C,0.3900899683207187,0.18250804762650824
C,0.2640415219022106,1.456167298001526
C,0.44312199683636044,0.7386046941752787
C,0.42336762130160244,0.9077464180078857
C,0.39513264535354553,0.48587010261531544
C,0.6928928233749847,0.2717959170833101
C,0.9336493771443422,1.2787522053956892
C,0.62336011807076,1.203590067393388
C,1.322371175752754,2.5620040252440335
C,0.33847015134216746,1.2914924763805646
C,0.525291816713894,0.543554857061838
C,0.6150042473029578,1.3008927495443252
C,0.4846110519208312,0.1382216405720601
C,0.42761749366772595,1.1287132599972698
C,0.8681542554121855,1.089634725975584
C,0.9896784564761945,1.0258573512491291
C,0.7951465978572272,0.9404562604233577
C,0.7690109906334236,1.556539114897837
C,0.24470702769226133,1.3622951459972537
C,0.5870782573240206,0.9854489341303773
C,0.7944947459711311,0.9539996438351563
C,0.4827962784152183,0.3246536338283555
C,0.45961067482593787,0.5511723400832804
C,0.8697539217493564,0.8067143782966155
C,0.7801802019728491,1.2376027053912875
C,0.3363928554611441,0.21796178049952525
C,0.6588565216506582,0.2628554887429374
C,0.408640828682001,0.582159482114516
C,0.7833280179895292,0.9953729685148156
C,0.49340371827603274,0.7745480587632784
C,0.7397282222025888,1.5013393167832305
C,0.5214948630637085,1.613019091960592
C,0.5398828014266795,1.2922682911208327
C,0.5430744908484587,1.1371622295847181
C,0.5098808669954749,0.47565737527120133
C,0.6064588880520159,0.6492910854219387
C,0.6854806386862848,0.4438878852103393
C,1.067841825660602,0.7572078412244205
C,0.5085127731771372,0.9117762600243057
C,0.5104103353846184,0.8200236033169838
C,0.8487749888337146,1.0299540412891361
C,0.5357644056462906,0.4120761806626828
C,0.5664358945097445,0.5363037790935663
C,0.5911828918108049,0.28436869163925405
C,0.8590383077928232,0.6057864814260718
C,0.9557666109423061,1.5006223037679223
C,0.47029503844695936,0.6683524461391865
C,0.3411918400178269,0.5287936420404027
C,0.3610370098586589,0.8731112856102418
C,0.8097641849478192,0.7789468553505239
C,0.5793762892779042,0.6773388744214776
C,0.4346276940361625,0.4302140225466753
C,0.2627663173609558,0.3721442759671475
C,0.3970344088091279,0.5689711098834628
C,0.3133676935485977,0.5783417290926419
C,0.6815671591682219,1.173227484220768
C,0.6656706515539207,0.9783062694398924
C,0.6995324312502585,0.9610348692258863
C,1.1876998762829694,1.2802487384906396
C,0.3620716402587875,0.625398222247509
C,0.47186571155808676,0.6809807654778519
C,1.3800726976446294,1.3995901920920473
C,0.7446232972559065,1.6024165992913637
C,0.6821629003023999,1.0414559942191903
C,1.1465247436704329,1.0736106130304464
C,0.6870921291051216,1.424307562461658
C,0.363359690548674,0.45737730122364606
C,0.710703166212527,0.3857574728061019
C,0.5953477474056982,0.594498716528559
C,0.9128281241465955,0.7529101574532381
C,1.1427141870864195,1.4286673557242902
C,0.8003548144237771,1.105621194677185
C,0.4554316825831063,0.44678679042020175
C,0.7531920440911981,1.0125047498923339
C,1.1066695755617948,1.7160614566997965
C,0.46915706166005877,0.11448811240503774
C,0.5549455150911384,0.7738386593377266
C,0.5962206407114476,1.6429759920095357
C,0.6658590425710518,1.0976358076628259
C,0.8772413935119091,1.124327901720507
C,0.7753588694974045,0.44882713530402757
C,0.5853276927924407,0.2201038940797266
C,0.5955907964622082,0.6719011827869007
C,0.3174830666165166,0.5871297615881446
C,0.6501343171496474,0.4410462610811907
C,0.45494465241022053,1.0601145536394494
C,0.27774851145474033,0.810812146331255
C,0.5393815964026956,0.42703897646152594
C,0.7814545210601078,0.9993460195853449
C,0.8447054476648778,0.5425576821880242
C,0.6724652085571429,1.218110443085813
C,0.3839566112622898,0.6737581334380296
C,0.647659495804627,0.6091659980983594
C,0.8673444549413024,0.5419223243010701
C,0.6730429902344176,0.9412518405237607
C,0.33667200391059304,0.6203306932666542
C,0.4542157764962904,0.7161488355442872
C,0.23736802342360125,0.4841494895352167
C,0.37161418423172504,1.002575492476696
C,0.48159412602638313,0.5696288621255571
C,0.8399118458220358,0.42547588236391093
C,0.5059074302097344,0.6578174264906747
C,0.6822117500347882,0.20362061525671507
C,0.5650085905048232,0.23238874174099156
C,0.28870606587741476,0.23168383601310527
C,0.33503710102581846,0.9822711272203507
C,0.6461728515032711,1.8898029210535026
C,0.26439887249771055,0.5170764894926885
C,0.688900661086366,0.5125925267126457
C,0.5187838406077072,0.3797873437914068
C,0.5785255205827381,0.740581135637572
C,0.7187849157011913,1.0499648323064217
C,0.7207929685520704,0.6948025988218929
C,0.4771927650623177,0.18160751419799895
C,0.5009519001341669,0.6700964757089684
C,0.4487826580709827,1.0512218204112926
C,0.51712224147069,0.7960829418176693
C,0.680506833617855,0.8981864180355833
C,0.2327542506271059,1.0225467811784903
C,1.0249115995096532,1.3385163796167032
C,0.3985586644714423,0.5696311960870432
C,0.3560241976496846,0.4069910663296518
C,0.690143597797378,0.8958696203485946
C,0.24214946804625465,0.5611964516542944
C,0.9674181886920362,1.2487105160389236
C,0.5445861973562326,0.2030495758176929
C,0.720474872461411,0.6088313463991116
C,0.27873700270510837,0.5529943089161686
C,0.5780419294341457,0.47234562919070894
C,0.888644471024538,0.6070160438021758
C,0.9561189996273295,1.4485073166614926
C,0.38881945082186237,1.3709599519691302
C,1.3920038341044432,1.383487839224244
C,0.5966604121202254,0.9071539280399298
C,1.5016977033298191,1.4753322974202099
C,0.3623257329695653,0.24106893216800765
C,0.7030172176433411,0.742404485717249
C,0.49805735335131146,0.30374720801242344
C,0.9951168379087596,0.7272053260256839
C,0.33911379740280295,0.8821291954195576
C,0.9529271143654781,1.5264737791782605
C,0.5759623153220231,0.9494249349601519
C,0.7302480178278512,1.7674550968215597
C,0.5668644791524682,0.5669342087289159
C,1.0971508691461418,0.4393293525197032
C,0.2064299750588099,0.7158446472488498
C,0.8247954284138233,1.0870416760831898
C,0.49509215177890836,0.2893493651762599
C,0.400113802986824,0.5227294536014173
C,0.2807678347277313,0.24562796081613666
C,1.0966852093012744,0.7553915998359835
C,0.17533232204252708,0.479868964127779
C,1.2650044453519673,1.473436411190221
C,0.40609356898246574,1.2014566712113026
C,1.1712648119580111,1.745906954835726
C,0.3136917907958116,0.5931267047941716
C,0.4413971093274025,1.1001148867492594
C,0.607777327782165,0.8447001397673771
C,0.3792525309700352,0.16818824945292793
C,0.24906546947510083,0.4327617553169292
C,0.49875663069212267,1.0537072374152985
C,0.6887757379441859,0.6448089889438547
C,0.37588241337338696,0.7678296939131155
C,0.645873645183995,0.49376156652006903
C,0.6594370534426046,0.927400186257102
C,0.21334486879872355,0.3944509405569283
C,0.5477554560446478,0.7271278589247978
C,0.7446395483651472,0.6017144884210491
C,0.9992254923973078,1.3518780172014901
C,0.5765310938895335,0.6329105623960102
C,0.41613629748116526,0.2138904106467844
C,1.4913443228804515,1.4037746653119667
C,0.5454013804752558,0.5229651468698414
C,0.545722006745942,0.334063618188776
C,0.4537531252010976,0.6061973486430012
C,0.6551673024432525,0.9649288930676625
C,0.5770558042782994,0.6349328279650337
C,0.6169327718787381,0.8991619756098889
C,0.9834656465955699,1.4681447167096164
C,0.6720190315970707,1.188159251670976
C,0.590178958608554,0.32946479684640656
C,0.6224594269281463,0.6365506607078795
C,1.2521682667792566,1.2864901012463639
C,0.7266618548647139,0.7942512018437226
C,0.9144312169514849,1.9894614482896658
C,0.7581885117884338,1.3112122235383903
C,0.41832820660228004,0.8451874247857221
C,0.4295671037189984,0.4759526023352827
C,0.5771309496294663,0.4813692923269288
C,0.7118292687597476,0.6837669010213137
C,1.126868219750116,1.6068033171455927
C,0.6695187631030719,0.6440454444556888
C,0.6784650645034334,0.9598864827998104
C,0.5517890139596242,0.7298029002917094
C,0.7429273623724233,0.44024774549280404
C,0.4270019021583526,0.2724621227195811
C,0.46048870120291874,1.5111932988197196
C,1.079321745347601,0.540549429425372
C,0.4306881985584934,0.4490695287796749
C,0.8508428756691853,1.4531054103285357
C,0.2996975410361652,0.9802206343115454
C,1.4608286136865791,1.6611273277621228
C,0.9257557050842738,1.0207193941052306
C,0.7007227068124486,1.0312608508170615
C,0.4689745551990965,0.823810234633215
C,0.7184979943285773,0.7370095558658828
C,0.37210555837576925,0.6841729208934584
C,0.47671711626741475,0.7892433990462918
C,0.40188625721040133,0.6631424529714168
C,0.19190979900484703,0.9997344835641893
C,0.5188466010081687,0.45377994745192773
C,0.865052093511479,0.9278899355132199
C,0.24769169484971926,0.49374325456530765
C,0.7970330920663578,1.2859343016450338
C,0.7107226896222328,0.684085740227354
C,0.8143336264162244,1.0324993726209195
C,0.7083282462915983,0.8148780834830591
C,1.1342766754879101,1.9351392014619748
C,0.4695362181243842,0.23853059816271543
C,0.46330698910045276,1.097040578506739
C,0.5768222803177769,1.2965317437586106
C,0.281930978545241,0.45976068931883257
C,0.5495108376637677,0.4261865483936908
C,0.9229446700156304,0.8609100107943174
C,0.5473057456930439,0.4055825135612467
C,1.0292632940380673,1.1528159474125697
C,0.45502413953787024,0.17658117826535497
C,1.1061464009166293,1.1209613503362827
C,1.0483209238377578,1.3611399224102307
C,0.6662148423381793,0.9632197222778079
C,0.49264823491059423,0.6524781249514244
C,0.5669440845282457,0.4403512735178674
C,0.6015477615882148,1.0847752071084968
C,0.2552105436130477,0.848854192542509
C,0.455339345040491,0.691380450599818
C,0.48020213629312625,0.2148627663947669
C,0.5947843957303925,1.0616656119281362
C,0.19784040853681673,0.2870651254054041
C,0.6121425122831952,0.40031240877007074
C,0.5773769202550648,0.7887033706722357
C,1.0002425577651402,1.6931753360120454
C,0.5118460330218839,0.6281006960268172
C,0.7550791838505403,0.4030285329000392
C,0.35695132801805846,0.8857237991766823
C,0.27243467210441746,1.1864532829926469
C,0.48842455704192833,0.6841547964959447
C,0.569840541058542,0.7363337460505868
C,0.36454230188377995,0.4367310695833379
C,0.2570444854831695,0.5791761981310208
C,0.2821977349437962,0.7287715392499978
C,0.2617837258259682,0.494380839306132
C,0.46910989844661605,0.8905118901315158
C,0.7752435189403986,0.8926259736646788
C,0.648499041268543,0.33002718470763537
C,0.5722812395886873,0.5380977850671346
C,0.41514660405245346,0.6179128329076992
C,0.5959862308678587,0.49919100283620377
C,0.357287920876613,0.5354574358632349
C,0.2633276576965667,0.23862964957682295
C,1.0345243808708615,0.4313300382752868
C,0.5005815959966231,0.6946159291964505
C,0.5354630322072866,1.1044827373312802
C,0.415396281677742,0.8613408587894041
C,0.9064292789664735,0.8141224932194425
C,0.4137659433460343,0.44043855317304165
C,0.612487612698565,1.0070461068701069
C,0.5006671764474175,1.0162790114006017
C,0.5302559753478675,1.4078169090340014
C,0.590478669552157,1.151925621053072
C,0.40766505998296265,0.6012949356996529
C,0.2721997832348605,1.4073992848397043
C,0.35322572246942624,0.8598518081876483
C,0.40484759305099166,0.5527194649464562
C,0.670197860461856,0.95185855270862
C,1.1310060977142136,1.5470945774444387
C,0.5978626989989104,1.3351558092116804
C,0.7240733314473703,0.42663841457841767
C,0.6477879437211771,0.584179119818007
C,0.3029751909433626,0.29838134764817253
C,0.9063077190888275,1.1869802344784268
C,1.0708880041620483,0.7915394353752432
C,0.7489084673597349,1.0126441326648168
C,0.8575725499131223,1.5687420992797139
C,0.3268056426387562,0.3529152351655173
C,0.665733413851015,1.1985717051670077
C,0.40555443495062976,0.6482303205925418
C,0.8322580644401547,0.5363070253941723
C,0.5747335924415696,0.3138000506918292
C,0.47387628984015534,0.5307568350086035
C,0.8865876929253632,0.6748552139500439
C,0.6710580043539709,0.3196703730763347
C,0.9851130994263785,1.2639928069827824
C,0.8754955950349728,2.1593686867708626
C,0.5456413121123255,0.373020617272319
C,0.7962830643367304,1.0432031579117063
C,0.5045711211947742,0.24448295985722424
C,1.280679846744543,1.7453623086644636
C,0.4009132300849501,0.7524790802524228
C,0.5515381503732711,0.5447457046688596
C,0.7115798856821759,0.927760229389789
C,0.7694956176604051,1.3095961343177038
C,1.1037292405111372,1.4781791084817768
C,0.7482192285258178,0.6753513427099176
C,0.6423160367939487,0.7298704539693696
C,0.7728617857257868,0.6642810678378834
C,0.6130404046398853,0.8233064416593129
C,0.4110250859612093,0.6222256607489288
C,0.3277219961203739,0.6560133373146195
C,0.7774957248023615,0.5607259859153483
C,0.6789449530272655,0.6181400428966426
C,0.6424601535332395,1.2176670009059067
C,0.8416769491440912,2.1851375332777354
C,0.7266509484435195,0.7790259535855489
C,0.40727580633169225,0.7493931254313917
C,0.7202607533381364,1.3225697865090806
C,0.6735182726959288,0.4762009776913493
C,0.5023745703520833,0.9759891868249321
C,0.6882866677913101,2.025448000046724
C,1.142465969356189,1.2482137968368994
C,0.6791727362475117,0.9620890514413282
C,0.49498126914059365,0.6001241384176381
C,0.3210047557836945,0.45148510286322596
C,0.6254742981291018,0.7707795169252145
C,0.8154401357135469,0.8007744818498209
C,0.7123535786492661,0.45325506099436647
C,0.8974604602643489,1.0638823015390242
C,0.31551913592313147,0.5294899739095943
C,0.9059345315970997,0.8844244302068058
C,0.3584256053885407,0.1305932701245619
C,0.5257233220810011,0.42097625497686386
C,0.5181765842857703,0.1878548273662176
C,0.5017564890243834,0.41575124788172735
C,0.2691567174216087,0.35685864017174657
C,0.5341105226302953,1.119557491517473
C,1.3908739282945517,0.8583435153654526
C,0.5565567005634997,1.3817688950336247
C,1.054736763582494,2.4678644472410483
C,0.7644699991011555,1.2428169272559353
C,0.5383620538176314,0.5913151998589846
C,0.7478697682751483,0.721516047362793
C,0.5961240747882383,0.9874757184411376
C,0.9439330918442275,1.2010508375656967
C,0.3756100839471092,0.7183988621769376
C,0.4218064604815191,0.9468231249150463
C,0.5288278761479673,0.31487496770157936
C,1.2259558055871689,1.2836740894845613
C,0.38256286796828637,0.6337247611659619
C,1.0229877511018004,0.7881392413767238
C,0.6662937882548069,1.6738986052815896
C,0.5082365578071107,1.3262962943972085
C,0.8481484060503298,0.5521751053593549
C,0.41254142571321856,0.5550196851457475
C,0.2610635146052287,0.39094401428443215
C,0.3900615639575431,0.8576192940679462
C,0.4657763006362656,0.956400758591792
C,0.2966549948293487,0.10691921496790084
C,0.5407058905164053,0.8176346516448061
C,0.5898629710995349,1.0722630146593353
C,0.4332760185001628,0.44857455980493116
C,0.7860690592819782,0.79146441573355
C,0.5691080799768627,0.17844148324992845
C,0.6399982153971363,1.093901488034831
C,0.6337195344023261,1.5735770815491463
C,0.7630098506004683,0.4764651737849222
C,0.655105980086419,0.12080535652809297
C,0.7780741613943156,0.6151047625924818
C,1.1746242913162,1.0026319298093092
C,0.2917315470621846,0.4878484473827187
C,0.5116766932021897,0.8380251348882577
C,0.8729077411306607,1.1247278666031104
C,0.762008796363731,0.6613941958151481
C,0.626557958906729,1.467127095519964
C,0.5470787258056549,0.9827921685395632
C,0.4097103160122901,0.4647736431464859
C,0.5791925888624636,0.779850594142144
C,0.7074651271486405,1.4682088305746248
C,0.3661461489280828,0.6698007749781645
C,0.5985560470951786,0.8262768075100829
C,0.4730488660769334,0.6600320696000194
C,0.5436015659780254,0.4218595418693685
C,0.8486531481181403,0.67330109327895
C,0.5267237716740273,0.6615226807684256
C,1.022065409241564,0.8655733043826778
C,0.4701575326678827,0.9706445977427951
C,0.6891779645534882,0.8745270189267653
C,0.8459818001251826,0.5887378355044214
C,0.45927407714468427,0.5468649339369158
C,0.6781580818709733,0.6062353248360325
C,0.6147422579562631,0.19940527509321337
C,1.152871353433233,0.15617952346078529
C,0.632565979962847,0.7208149490326117
C,0.8864103442332768,0.5762304310206993
C,0.44269697352514575,0.40608318730282683
C,0.35967336633828406,0.658776549062784
C,1.160479669660257,0.3047294346659116
C,0.5585836220336865,0.7163473369872336
C,0.1905209622503101,0.48899657572946653
C,0.48722870370404386,1.0817409224199912
C,0.35619521206661825,0.4958370376988952
C,0.34618435534809566,0.5644280070708259
C,0.5778491640609861,0.43127998325366984
C,0.47172321731152445,0.6456567120739308
C,0.9835703332344591,0.9146044107962024
C,0.8645408984334375,0.9597889205680055
C,0.4400701321859266,0.29702183126281867
C,0.5766751837138958,0.6290633529338808
C,0.4160315920002337,0.2595241863294663
C,1.0328830909407063,0.657819366417706
C,0.6353885234606838,0.2460848404706265
C,0.414552447101896,0.5623393830851878
C,0.4411903797557331,1.0675099848590885
C,0.47774691158205185,1.073496861378569
C,0.9133165479532269,1.1613176961946476
C,0.6996841953631644,0.7977743835562683
C,0.6134875791700398,0.3979765991783858
C,0.5764457675664486,0.4437472040141904
C,0.4147943476772836,0.9393211743613901
C,0.7174320266132335,1.357813228642438
C,0.700829811829062,0.37378654598306005
C,0.4904460462909545,1.2896079000176586
C,0.3287332247598596,0.6871992094559244
C,0.909017793842761,1.2304785868884565
C,0.2695402509092531,0.3366670123021234
C,0.37879618744810706,0.5448153067427842
C,0.7078388349120798,0.5281758218967336
C,0.6185593002284199,0.5913051398061534
C,0.690397485071667,1.0539469731818563
C,0.4557859744275365,0.49645845232841435
C,0.5464017732061689,0.9917282725790594
C,0.5608830346297748,0.43184369885022594
C,0.695067794405895,0.31562121883184985
C,0.27122146553730275,0.4707293368150564
C,0.3919063912963193,0.7662989606789836
C,1.9318342567589066,1.4049817713778183
C,0.6973523908927775,0.6545391751804681
C,0.5567599551419409,1.194581033643651
C,0.7657466743867145,1.4232485337008838
C,0.535266747043469,0.40963401273737066
C,0.5341099487560383,0.5834191511750317
C,0.3696708557419302,0.3686414850144021
C,0.6110579653680539,0.4681735167390845
C,0.6996513893988108,1.0256489775669355
C,0.5786990854918913,1.1290774260729228
C,0.863435384155408,0.4089059481915817
C,0.48242489233919195,0.8593306579341047
C,0.5054992362240525,0.3812647902696543
C,0.4098209740041937,0.40982389531772956
C,0.5556036238752754,0.6108277728419972
C,1.3143986360346012,1.3617924103041046
C,0.39794463633041466,0.4875195138797063
C,0.39345985139334155,0.5093551709137774
C,0.2917622730484218,0.44710052729374133
C,0.4041698222297086,0.908236820478974
C,0.5636391909559326,0.6539422241964618
C,0.7504496567888927,1.1061728948310958
C,0.5070925271243771,1.2573150021461263
C,0.3595847456594654,0.45589755990684666
C,0.4872905334041524,1.1620034998095157
C,0.6437801100960958,2.1804331863682926
C,0.8190206327026966,0.17193742176209306
C,0.4467503837696255,0.4794222287394993
C,0.8753073773522813,2.2311629625261786
C,0.7310031746898621,1.0384697294091831
C,1.8307137933185464,1.8130863712495102
C,0.43713968496806144,1.0661793986768877
C,0.5065519693142458,0.8885348513700816
C,0.23424681895396435,0.4419479312377655
C,0.6005680272709224,0.8651180155007162
C,0.49910718603039383,0.34509864092034215
C,0.3775003582489461,0.8781899586810611
C,0.6147285300551427,0.4833838328468979
C,0.4845230692016982,0.4864807490428752
C,0.26917419790714064,0.5528485619788405
C,0.5643488621112766,0.5690936382324605
C,0.4727128372338934,0.39619405820734066
C,0.6548094390655376,0.7748125846607028
C,0.9860093249922358,1.2412041146787134
C,0.7659297974807011,1.02377510562343
C,0.7699773158696386,0.4549954707814932
C,0.5700063178614307,0.47087033777734943
C,0.9863681135108137,1.3827857388242382
C,0.3135647496064001,0.7876039948961243
C,0.611730986966301,1.3241836926462687
C,0.3595941109971089,0.9153288710953732
C,1.0773975772511206,0.8621569822474524
C,0.9536145788138392,0.6696442678355652
C,0.7618269627419626,1.0089485872009754
C,0.7246435998124491,0.9813019020065087
C,1.1117785098445763,1.4902889336466003
C,0.7323116077180992,0.639533030426949
C,0.5229676658499335,1.034300957755865
C,0.524130281246813,0.735297246955358
C,0.629507478323737,0.8192855436054591
C,1.5041459388505987,1.4961781539699532
C,1.197771391393829,0.3366544790501318
C,0.48772915348820073,1.16851834161731
C,0.548271252251608,0.6041306884679947
C,0.4500090550294021,0.27366719974693166
C,0.3436465107625114,0.5640122269702501
C,0.30967244930147003,0.8199540660968194
C,0.43308579076364284,1.4557305166124073
C,0.6267863297289249,1.1325999502605668
C,0.44742007839612785,0.2712844855483392
C,0.6604385570131492,1.1920459057396189
C,0.3684919896993477,0.5620791882565063
C,1.12577982224709,1.2989999132484507
C,0.30290855104827424,0.6782216291242992
C,0.24737283050171946,0.4992365360253174
C,0.45044355381366197,0.8917238871338654
C,0.5004050101653467,0.7685363173680276
C,0.3695483800711145,0.6768118350299505
C,0.5745871488850034,0.5323224865832751
C,0.5598042589199728,1.452136773471294
C,0.9169879959790186,1.3358489497364383
C,0.26398325807202794,1.2256843776970283
C,0.512897917338088,0.9486709781806975
C,0.5928583980429236,1.7366949102773495
C,0.5841747318572764,1.2264898015777066
C,0.9207747911514501,1.8759895798418595
C,0.4087724789675405,0.5020826711826399
C,0.5785794431087035,0.38145708959008073
C,0.40218166076711737,0.33976538610733537
C,0.2713531784927948,0.5865302826048823
C,0.7117696405329864,0.606405448655368
C,0.38412694382928786,1.0159876601038869
C,0.3093648500574924,0.5807025898719951
C,0.27985343398607077,1.7320910456914738
C,0.4394172756435307,0.5785405185291357
C,0.8302867386947249,1.62004754073503
C,0.7336644388728449,1.449326393935962
C,0.39616234866020916,0.715218022004714
C,0.33418102919768045,0.2361393846984282
C,0.5147706953289338,0.4061397417031494
C,0.24240766471031816,0.5655433482426708
C,0.42886487174593646,0.6622752329488881
C,0.3408638371036543,1.0243258605033607
C,0.4420160995539191,1.2725938936460854
C,0.502718855666665,0.9158321391264885
C,0.36575878136875467,0.7483587656031466
C,0.5962062219374803,1.0960138159154695
C,0.9725723770757104,0.9380048712574202
C,0.39943533158872785,0.6164108255730282
C,0.825946692314135,1.6650767616664781
C,0.41721602307449157,0.4334723818102276
C,0.9277924302869595,1.7678105419612935
C,0.5368585049953193,0.9003963183623022
C,0.6183369723438917,1.2683567813957521
C,0.6234392941062665,0.8163547323770184
C,0.47760702303895514,0.5720142793346308
C,1.0627511842130246,1.067535726248552
C,0.7355201125414371,1.9575726450309154
C,0.5462493067022068,1.1206599937245776
C,0.7330800268596831,1.3769520255196483
C,0.6389172958085594,1.5295492223361398
C,0.4317165045258448,0.6822639164126846
C,0.4870884265817558,1.3023795667154832
C,0.5240252369191046,1.3065039721731657
C,0.5531600539944403,0.43492498625324283
C,0.5395195228908259,0.9047015522209987
C,0.3481052123859268,0.8569830041898308
C,0.558775091033086,0.2849930497788584
C,0.6418420301269566,0.30651747941887575
C,0.49061973787687013,0.16247947641894808
C,0.8005591595885428,1.5845652865930635
C,1.328857065216279,1.9193504442048723
C,0.7907184689565344,1.296751981411354
C,0.2745947760309983,0.742559345035135
C,0.4445960792503051,0.5802044772868313
C,0.6040355266834619,0.37415232645481045
C,0.7994016183597207,1.0063099661151866
C,0.9320084462718161,1.0734700816281264
C,0.6875897156104098,0.5949436730769301
C,0.26424894941210286,2.068457272495807
C,1.3609348654964333,2.4510796771537633
C,0.5595926532267663,0.6201485041028408
C,0.2462525546793024,0.416107586461385
C,0.4917540381259693,0.8522135342952092
C,0.8782707642265815,1.1446227383713132
C,0.5261846774796582,0.8122554538154064
C,0.5047083377120504,0.44321364564382504
C,0.5080138840947614,0.5792775242030168
C,0.5145241777313776,0.7580063141749417
C,1.114076322284157,0.8472942351622005
C,0.639767793560176,0.7035469765293964
C,0.6363639241048373,0.7156243625534288
C,0.4346429723377207,0.6180853318089545
C,0.5164106511250707,0.5709261200673513
C,0.35262617703998084,0.6238859320320417
C,0.5041798635568727,0.24852752100577938
C,0.7738512728624367,0.9423931603982802
C,0.8054683754382879,0.3930983496963195
C,0.8607285473971173,0.7086367584279499
C,0.9192897353098632,0.9886694177211681
C,0.3539437004850126,0.9597510835003802
C,0.62652078039267,0.6558612159325591
C,0.8207823096962027,0.5722571582515176
C,0.23725317945564953,1.3648999490407119
C,0.6258776973564979,0.47574257192927893
C,0.423195549448557,0.34840995211583664
C,0.6908850711131067,1.1813511166363462
C,0.44430402544831993,0.6821908787809474
C,0.22637367259801747,0.6965909970193261
C,0.6112657834382061,0.540698385873117
C,0.7242602460258364,0.6404622671217636
C,0.48294139737652364,1.078295833616095
C,0.31938702314781353,0.5062205135048282
C,0.34568258063602303,1.1864494163366825
C,0.7983441810429706,1.4528713206209982
C,0.5133135559989229,0.20046987842987174
C,0.29955496176185076,0.2825918046634117
C,0.5170615458047415,0.6105890561142447
C,0.2404235873335122,0.9756867211605988
C,0.7847576586629428,1.795705884774377
C,0.7486112849071755,0.7686178806538106
C,0.843088338429891,0.5890013973007583
C,0.4764886744701796,0.6526744419446056
C,0.3251305543305047,0.41422635379468814
C,1.1742124200897648,1.7186078723205345
C,0.6366407900590698,0.8541987896190396
C,0.5447869578229008,0.6040423213983374
C,0.6654834385699744,0.7403861242397188
C,0.7538826847309456,0.9966153200487252
C,0.42235625876473176,0.588969788430597
C,0.468038316163828,0.4547695188037303
C,0.40069848715028034,0.7975603630402397
C,0.735238833250834,0.5186685560777056
C,0.6402249450684022,1.1184257424921598
C,0.6392195235147456,1.528716717847556
C,0.582630993069381,0.7507591025549629
C,0.6168376034766093,0.805833159932589
C,0.3502796087798633,0.49965278493226595
C,0.5908100189665851,0.7067825213544946
C,0.7063636438469141,1.6876464629447154
C,0.5903718758852848,0.34471183595615335
C,0.7470165983405481,0.9505743954372332
C,0.6609084133265957,1.1448665102162996
C,0.6918362800723868,0.2700414585337447
C,0.6056175294022036,0.3020657817158394
C,1.1941740878314497,1.2436690449966623
C,0.8910382579406304,0.40252673464216926
C,0.8309379909427571,0.6465844068324691
C,0.5926310693827648,0.5895343131653229
C,0.6178052929883643,1.066835728542861
C,0.4423118359179239,0.23240254137609478
C,0.4682954878460116,0.9947445506493596
C,0.9408955777793514,0.76876152085404
C,0.8667988349227135,1.4504224065760463
C,0.3422155746003054,0.6254200283532473
C,0.5209545290431153,0.5090513412207522
C,0.5305517624170937,0.39890610220487205
C,0.6396024089923634,0.9196172510365219
C,0.7269550686511174,0.8264579952963254
C,0.4833221907371509,0.29474585952286964
C,0.6341771064716539,0.413495732474674
C,0.6942385760753615,0.9666257018030773
C,0.8060266981367374,1.5534429326510923
C,0.9733596813627928,1.4806712281296768
C,0.531013032646875,0.28836356663134
C,0.6536876086450334,1.4001521145036024
C,0.3760203522402024,0.8537511663247114
C,0.6097685653424654,1.4715995218666276
C,0.5799315468218351,0.9910744064428816
C,0.3701749999695482,0.4692290769768028
C,0.6788273823962102,0.5132224722344485
C,0.33391421299838653,0.31460467458085284
C,1.2545827882481704,1.1050323734723273
C,0.97369347925628,1.743552851058408
C,0.8017822030321853,1.4905743674854037
C,0.599724167617955,0.7132372084538495
C,0.7828659667697895,1.3382254964001585
C,0.647780591256814,0.9726026666310397
C,0.7140480891274024,0.38714027123254396
C,1.201226101139902,1.6691228899418895
C,0.6071669571580464,0.7831822291544275
C,0.5874530052371448,0.3226096780400767
C,0.6588983203692267,0.5957926540725774
C,0.36951717127190437,0.2842213800055381
C,0.4807774351576138,0.3175833455215201
C,0.32659185143006747,0.38068727840643046
C,0.7097245491654741,0.755502086004342
C,0.8326246057957999,0.621122982152939
C,0.7137336952136504,0.7217117623693079
C,0.27931605804373466,0.32289805903233637
C,0.6490346989322935,1.043392063748738
C,0.4084254423274138,0.6357752991240359
C,0.44413433227734184,1.3362852736800201
C,0.5477919749027272,1.5416437100666929
C,0.6032508063301283,0.6538276483815438
C,0.3388083456729076,0.6173906124779581
C,0.2422452127067218,0.7882891105886486
C,0.48136991445244137,0.779007612941765
C,0.36563903893945354,0.538762363247823
C,0.47314948628581743,0.5656027148177377
C,0.35027018712161745,0.7942675396277262
C,0.678680719012441,0.6268632287948959
C,0.6596423271046594,0.7152352007242719
C,0.7728911484608184,0.9843427979083166
C,0.7348506940818988,1.2408094234960103
C,0.5633027993514643,1.1601157453484259
C,0.409276829988588,0.6945719751907558
C,0.400295128549153,0.4719009592376053
C,0.48325897249393085,1.5163998238758067
C,0.7896185343657757,0.5439835254347327
C,0.8187920890476746,1.1589076361346733
C,0.45710137798569384,0.194424776905514
C,0.6689706324673467,0.5573896228934603
C,1.134420195138253,1.6625279297573354
C,0.4789598393143398,0.708713825790128
C,0.9693803898914931,0.3462646706888527
C,0.7223348914451072,0.28243362338259326
C,0.26935349328287256,0.7332748674493138
C,0.9320540028272702,1.8247528107012554
C,0.3096540686497813,1.371660799553184
C,0.5346987118077761,0.6539500203643438
C,0.5853466671781377,0.8873454380237688
C,0.3759431029469736,0.8478388228251018
C,0.6002429533377945,0.6032467508486856
C,0.6053582569313989,0.7883034918693932
C,0.556475806444404,0.7491391823917054
C,1.155694781995724,1.31777191987091
C,0.4497463479335054,0.8369961256695411
C,0.3294179734936166,0.5856125085598962
C,0.5494425069626324,1.2159816977485862
C,0.8369711234246113,0.4452255264915517
C,0.5891204685576614,0.9196476925325479
C,1.183409625476204,1.8198792494529292
C,1.1255693590080151,1.3671014834499462
C,1.2407654375411312,1.3993860536080522
C,0.3025269377747028,1.033938562408008
C,0.42904697129538977,0.7752207537763819
C,0.8919557160340754,0.8216732670493276
C,0.935380208880423,1.5589853326787413
C,0.21750895669213702,1.002656038543598
C,0.6850777420703413,1.111731384303647
C,0.8079234238579075,0.4205536917858325
C,1.0524850029992632,1.3723878604626416
C,0.4069083480751517,0.4393686163547612
C,0.62643552311212,0.2655247928091686
C,0.4025044918161903,0.7345604118343219
C,0.37911737058725326,0.28234035085471504
C,0.4281427947971069,0.420369369959783
C,0.8680768390160549,0.8211520828320894
C,0.902165645363707,1.4626877625842205
C,0.8616178084274982,1.550595178383685
C,0.46824585027440085,0.6198318591811898
C,0.6426935866192869,1.2074568701254416
C,0.9732824860639817,1.3849203595914705
C,0.422063888410617,0.9203410701009247
C,0.6680064255795086,0.4783393198746078
C,0.6328424680530994,0.8805311561986147
C,0.7233204625891017,1.3436710940393553
C,0.49680350757204156,0.42585643896544184
C,0.5890903303002752,0.925329493852988
C,0.7690166220049457,1.5376603760537155
C,0.33750250015113453,0.4860750151000522
C,0.9198881188415357,1.1916666093041854
C,0.9025957984985012,0.5609270059326731
C,0.7387103649483397,0.3588082874281493
C,0.8350694071024994,1.2829307609564353
C,0.29668211442433534,0.5057829843699287
C,0.44414149470231035,0.1855339161689046
C,0.9327672029114994,1.0088302001032565
C,0.6994455664092457,0.9541127293547318
C,0.34447017482385217,1.805291745772454
C,0.637395440363383,0.7714888230349479
C,0.4155838498513858,0.32391418447137466
C,0.5744482230619288,1.1471439634523068
C,0.5640884654761009,0.7071669284355812
C,0.47333662864395776,0.4507588007507135
C,0.5864040687933413,1.0827071136318849
C,0.5461132568586125,0.904199944942408
C,0.3788478930160949,0.706155727169078
C,0.4721195031171725,0.5617835624070816
C,1.0745214209070808,1.3542572886459185
C,0.28850483756161177,0.46127438410176225
C,0.5925114175190334,0.568103371670911
C,0.9446396073010258,1.231632376839625
C,0.36360446111012334,1.100273219616188
C,0.4069873522577349,0.19265815247335996
C,0.9000886927326696,1.4481157033779464
C,0.2605724803136391,0.37915624162083017
C,1.021981323626816,1.211265891237229
C,0.46101168387685226,0.7579985780233325
C,0.8050847579285534,0.9656719456229866
C,0.6578773450181199,0.6712435443811557
C,0.6176458938803789,0.314840269706555
C,0.46205511352532935,0.5503316314941955
C,0.5344541280250139,0.8015746311774739
C,0.658808580975996,1.582352791402098
C,0.5502239216059125,0.6866813467137001
C,0.32525452131691934,0.528638150609747
C,0.6306680531407597,0.47413273323119454
C,0.7283588902603547,0.6392651546955337
C,0.8562548906031965,0.37075615048187893
C,0.3826307742222027,0.4267019144842579
C,0.66529245414844,0.8794424025034417
C,0.4498961050188642,0.3855539428855901
C,0.9540546939830833,1.660130908212475
C,0.3701068826676169,0.803469410484262
C,0.5718129628935709,0.6268860460748407
C,0.994535758339762,1.0483648399814445
C,0.2724978345583811,0.28106681631992536
C,0.7854100228850427,0.2114523269776473
C,0.4791983624882725,0.9539324615886219
C,0.5277534253151616,0.610725256714669
C,0.6650619895098033,0.6085348180042762
C,0.42719679640622343,0.3780198643243694
C,1.2198541384340544,1.8423633261449368
C,0.2984456382424488,0.33316526485950493
C,0.43872364257531116,1.0227118159931436
C,0.6389540732198554,1.2569162232311244
C,0.49127321276969116,0.4488477173512058
C,0.3933531070503861,0.7220034769616804
C,0.3975976648314252,0.9837093325688802
C,0.6469754321737453,0.9357764454789965
C,0.8918700752588358,0.6535310937526042
C,0.7692316936946828,0.40527015812952066
C,0.7082721943535458,0.8979096247228059
C,0.715711668366973,1.4801527827964251
C,0.5031930631018653,0.24012298785988917
C,0.39902000625141093,0.1146307243392959
C,0.6912580539093316,0.6204697761907725
C,0.4606013807682853,0.3872947486986548
C,0.6062145988670526,1.1378213453046344
C,0.43555829810417246,0.24974139985037408
C,0.8197036606385726,1.4834343127038128
C,0.25277047056341545,1.2048251098157028
C,0.8288227944141993,0.9838804084323817
C,0.9700611454660087,0.9491963013639841
C,0.3451430361889848,0.6535892467043017
C,0.6364209043619177,1.3070414452281254
C,0.34409503259616403,0.94637381050642
C,0.575060687904273,0.8419630362576128
C,0.6589979302614759,0.23627170428726005
C,0.45650975388941956,0.9744941270241472
C,0.5837545327354224,1.6172940140073748
C,1.4727545508777604,1.7834115891104416
C,0.39261273857642043,0.8448629787418017
C,0.4306463185301308,1.0711798568420137
C,0.7946508549585051,0.7893823533617123
C,0.59384772025606,0.9254246824529205
C,0.5668534866331464,0.6863837960250467
C,1.2498616473588386,1.4630185455212388
C,0.6501033052559057,0.442061161638681
C,0.2182957254710211,0.9427004385432455
C,0.47721228310977853,0.7850209086421334
C,0.6484125741626344,0.6807494271314921
C,0.5098093283261051,0.8246328372234465
C,0.527969591865041,1.0685767280410898
C,0.1744705714157822,0.8447000600940734
C,0.7169227172634396,0.7788024126045844
C,0.6444784371763064,0.7210900232909121
C,0.6546449529922093,0.7091348574097697
C,0.5750024069669405,0.7845214756255064
C,0.5813030965371895,1.4198224457211754
C,0.34328545273696,1.064756283250424
C,0.42087326775760975,0.46752059621935144
C,0.8344895049393363,0.6350465754025917
C,0.2546945141559539,0.6558490693000527
C,0.7766325747485506,0.8353417408205238
C,0.8517500017750301,0.5345454099915262
C,0.4604344545240818,0.372691753527994
C,0.7038572980378024,0.9940798665862277
C,0.5814375672786738,0.9136901494931887
C,0.5863282080975261,1.0262281190838876
C,0.6038426437264088,0.5333137660894611
C,1.6389880751131278,1.0888018862110094
C,0.40567224194392515,0.30627869995759865
C,1.0060405473902816,1.1317993002953501
C,0.20042647404218575,0.6947284879484501
C,0.8237175012453116,1.1713465335888649
C,0.6033191715829652,0.8534177775225599
C,0.8366326893945398,0.5978187490364527
C,0.43234245601352067,0.9679639547356106
C,0.7053558201760023,1.2505942240866939
C,0.37907155739261245,0.49033400385841747
C,1.2472535437718804,0.7769589979012472
C,0.5469414949141568,0.9290940739534064
C,0.6566478171424568,1.1649688189137826
C,0.6826028584710666,0.16635612056831411
C,0.8191574065101646,1.0327463425706123
C,0.35088267882786084,0.7932984223942003
C,0.6804692088496266,0.597043669490529
C,0.6103234662730693,0.5696477716335073
C,0.20759098582285584,0.892377199144655
C,0.3627167619287656,0.7936594483095767
C,0.9722582372241405,1.5145847665837193
C,0.33220156240368554,0.5400380813156598
C,1.086837773203592,2.0322708311406203
C,0.705234079730836,0.5239723645756142
C,0.4648933925318256,1.3565876419326806
C,0.4812139198238556,0.8780260798727869
C,0.5710143361372831,0.6898292230297259
C,0.5183453606944779,0.8501819113877364
C,0.8737550644840408,1.0460391525355566
C,1.1000472574000832,1.7195959602444877
C,0.6513880165591783,0.481556728265937
C,0.5437455740483718,0.3883497239674889
C,0.555564466763944,0.7950154291482368
C,0.28166257153385954,0.5620219944727681
C,1.1081580023361786,2.6857468920105005
C,0.5351967121011976,0.8137542244291462
C,0.47331463883114366,1.2334201971640169
C,0.4631909367604728,0.789480847360744
C,0.7554065792680034,1.2199352676235158
C,0.24123374209860127,0.6115129804202418
C,0.6169545933298912,0.5126458783460422
C,0.4441417543706576,0.6063182680042483
C,0.5913143235008087,0.7141371061947959
C,0.48686773064114214,0.49785736698607214
C,0.4603011007238913,0.5505117350367542
C,0.5173519974392307,0.8606085612581277
C,0.536007376386443,0.975435062741967
C,0.5222636220836728,0.5477146031486433
C,0.5680058729234752,0.976614498756671
C,0.40731170066928796,0.929318595165652
C,0.6960363896525866,1.342521669813293
C,0.6744179852585145,0.27303890885316795
C,0.6902719708033951,0.8003942869740327
C,0.6475382517410759,1.7987968317297551
C,0.5628641347169189,1.0510876937637479
C,0.9062561382781933,1.0823787924409933
C,0.6235395752503581,0.6298728981620954
C,0.5829835597096398,0.3175016718665083
C,0.3057929243757901,0.6967216306678912
C,0.48069812956413827,1.4572746412540625
C,0.4148822046713555,1.3300050452780228
C,0.6177212753427337,0.9985168914664102
C,0.8876959643157365,0.724283512432499
C,0.4306085443174854,0.4830465817988284
C,0.8589057214625857,0.7728609782787567
C,0.8966063063991131,1.9766100528872892
C,0.9007403629848466,1.652864842679637
C,0.9755059189712629,2.1290871342501183
C,0.8900511827805145,1.3523650455397622
C,0.3665195903610369,0.5763220753899662
C,0.6366201080994852,0.570472944638648
C,0.4566482614373554,0.8372086396536751
C,0.44948046422436927,0.8941347617309061
C,0.34456393605349317,0.3606105213148441
C,0.484838555937974,0.1855760409959185
C,0.6157960272496265,0.7597432838750737
C,0.6972453705926068,0.7638830245697591
C,0.6220624055350914,0.5600216786268979
C,0.6085806579348413,0.5035129579765163
C,0.727190487116438,0.5004517450584234
C,0.6146057631020015,0.5209042540786767
C,0.39988900625061347,0.262625421774984
C,0.2748819607126862,1.347631761182556
C,0.49926429621503443,0.8549455187250335
C,0.43499351198634845,0.5580144730245167
C,0.4136531753887223,0.8467207355008727
C,0.6323614674208357,0.6247033696152505
C,0.44732245890805283,0.3153526459122264
C,0.5190093690427037,0.6741407094308369
C,0.6153600441687599,0.1585815485575802
C,0.4889022486036204,1.1978448323471995
C,0.3506882243403443,0.7652990351142053
C,0.4838320377971326,0.3103601282607763
C,0.43704780822654704,0.6052021748974102
C,0.38724169394647767,0.7755775036973579
C,0.6838348787176692,1.2456392201886943
C,0.3905327287514296,0.9850814434066186
C,0.4102396216080073,0.2336917240410262
C,0.7119628659789232,0.5954268063856704
C,0.520508964688472,0.4212819446368312
C,0.8993283577709773,0.8784391724909921
C,1.226292537892562,2.069788291467521
C,0.7988110879214474,0.6916967372033678
C,0.5603113329846565,0.743196920111798
C,0.6383467784285056,0.5467310250768042
C,0.5733251274360827,0.8191725598613895
C,0.3596422742240353,0.13519321256770636
C,0.6415745115952746,0.31312659437099427
C,0.25526783147178295,0.22062353123907746
C,0.1572598568179953,0.29151711178410034
C,0.4645055083692981,0.9494422045624505
C,0.3007918264053353,0.6951809836890706
C,0.27308235058810265,0.31956652070790237
C,0.6228402445418324,0.825661140140571
C,0.3581981840987745,0.5745076723965816
C,0.4103977140012171,1.595183509146416
C,0.651372184534978,0.9926325160667232
C,1.062303309956299,2.166437418862564
C,0.49816614664460707,0.7713820704377123
C,0.47097212324276805,0.5717888670838314
C,0.3279138354156148,0.35935923347765225
C,0.6669366744950829,0.6950186525194425
C,0.47190403593232355,0.5803386829990914
C,0.7257498623226273,0.981095676940252
C,0.933385534901717,0.7748887938710172
C,0.9173253270208965,1.0626175025225946
C,0.834729645882247,0.8025526195076181
C,0.47369396072532294,0.6978358417185708
C,0.2742839901340206,0.2727480528757457
C,0.4303059490360727,0.4316007805426579
C,0.5568594824949264,0.7786160990274197
C,0.4180864630070487,0.33018618409317263
C,0.7965351755100297,0.7072251158128513
C,0.5737535940393568,0.6867922734491129
C,0.2665875306842387,1.0691684669854673
C,0.6150044039751346,1.3876773321718618
C,0.4788246599242971,0.6932303620120397
C,0.12259459346470246,0.5068772005251729
C,0.9528755055224765,1.265223866772938
C,0.8227927581002328,1.802033289925254
C,0.5633132083727493,0.75756157037562
C,0.6885433293686442,0.9501396548427972
C,0.4671782589249203,0.9070279827186709
C,0.5539444078001525,0.8010430765579083
C,0.6114656503427875,0.4972958123113834
C,0.6802154163409602,0.37615169695814826
C,0.5254900415092487,0.6384077983849495
C,0.511034163750751,0.6444985692552967
C,0.5049878687901939,0.902574454796125
C,0.6532436901497072,1.6504801010967216
C,0.6702241196069971,0.41870965036222935
C,0.6421823724541839,0.744002251430461
C,0.44558958290164546,0.9055763342239551
C,0.8442819057985679,0.7968693290943224
C,0.6787580128291271,1.0225548146993502
C,0.2785846455139959,0.598350193514986
C,0.7024446497021405,1.144084538601207
C,1.1675603034617,1.3559759626943095
C,0.5053286471401893,1.09378619446989
C,0.36421046276368896,0.5671604813053801
C,0.4155171143986026,0.1675918963447894
C,0.43560205616059483,1.3577610278225425
C,0.25392454168914885,0.5422655600369811
C,0.9642418438430398,0.829336593223904
C,0.8114550343675859,1.5854133178818286
C,0.45186289335181457,0.9288304836136168
C,0.3206745502541403,0.4005363093908706
C,0.30811442794763505,1.5783509430443863
C,0.7062176676922219,0.3344509656896195
C,0.4748819205621959,0.9673273505426786
C,0.5483852522057527,0.46821646292602676
C,0.43643002656130975,0.6802185886833522
C,0.6907958001506656,0.7821396724513365
C,0.7725452497874057,0.9045047977319925
C,0.76258070364214,0.7999298657572161
C,0.7658885721825494,1.2580358581478202
C,0.456959941475688,0.6986555144385987
C,0.5923031178900058,0.5486351097472997
C,0.6606200134103555,1.2062586909057234
C,0.7347392776292709,0.6674614861938476
C,0.2584120750085142,0.5878350532981027
C,0.2703249935596349,1.002601014490113
C,0.37292818762596847,1.0547565688384715
C,0.5513596396274891,0.4607292958122665
C,1.4706674706738236,1.3104204897668401
C,0.5795973819361139,0.7588073054077793
C,0.8415900993264336,1.2383215438273558
C,0.62348055314589,0.43213123706705975
C,0.34092846274909205,0.8003865797891945
C,0.39042270569200155,0.3662449594395868
C,0.5302132603668976,1.130222097659182
C,1.0105051370102565,1.215378964032801
C,1.0857258909639231,1.2450404483457231
C,0.5215833735915164,0.8185254724101519
C,0.5412378375352113,0.5839348033758486
C,0.5015852974827346,0.9228401004511171
C,0.5152450761036006,1.0148093800086764
C,1.1995633361356235,1.0723928033232075
C,0.4757886050721902,0.8429491780499343
C,0.5998785054898367,0.7809843822227273
C,0.9800743549847013,1.9276180585849028
C,0.36440831051051176,1.055282418127805
C,0.32384804537474693,0.3412034450553291
C,0.7268645263966623,1.0521967363384723
C,0.1654579772181669,0.47478549592934255
C,0.39966473257453955,0.5749709427141957
C,0.831744276897547,0.6568815119643672
C,0.7218704366845557,0.4910525727438516
C,0.8097490805595612,1.2402584558286103
C,0.37243066492541493,0.5584953846532463
C,1.5032847085621495,1.9888648116419596
C,0.4195100565128318,0.47978113870807276
C,0.9759622126037104,0.6268512465691337
C,0.9817318818240334,1.100936440494191
C,0.6958075986156159,1.0927079686868568
C,0.8001967668121859,1.8263335776489351
C,0.3570667639898322,1.5514140493642279
C,1.0572342391630756,1.197927397159885
C,0.47909318446322424,0.8691987737050711
C,0.36123450800733053,0.20444204282731226
C,0.7649684248466494,2.029933029247979
C,0.4479440425627004,1.0748042198372618
C,0.6178369231398726,0.6336555748824948
C,0.4937715023325621,0.7338189612544167
C,0.4613240276125572,1.7756021651640406
C,0.48781387630391815,1.370779029750118
C,0.2130998485031875,0.5231851133713175
C,0.5005418668865008,0.2750755635777867
C,0.5061950614749857,1.4759533069585196
C,1.1562640792030643,1.3083107201467248
C,0.8749747003894021,0.5880506539906334
C,0.30523259992166896,0.27791577565162073
C,0.4338041041384875,0.7510171660299915
C,0.573720439917444,1.505677637708521
C,0.8943045192161515,1.208916652992396
C,0.7745104905394766,0.5997489464486745
C,0.36909666367720195,0.5417785737430652
C,0.5497322217853325,1.586564862312603
C,0.25719587266635957,0.7478427020682086
C,0.694516060404708,0.4014057717332076
C,0.9294921586137674,0.8758196050364883
C,0.8353458833133285,0.7425584828637078
C,0.5808524845794941,0.5407325187321425
C,0.7968252041489996,0.7771624626372248
C,0.5873975727172657,0.24233100000342966
C,1.0183634734244862,1.7810508988090754
C,1.0420989414499027,1.0092695903058382
C,0.605665162042227,0.35931387303753987
C,0.6231965073421837,0.5126612679191888
C,0.4760848177072786,0.9917040901272913
C,0.408355397357551,1.1494289823589867
C,0.9581887072754909,1.1130056986473384
C,0.6884967367550057,0.6311480313942708
C,0.6259575993722595,0.5936910105047459
C,0.8494187699804184,1.0718459960328035
C,0.4578356108874847,0.42043089987545995
C,0.5965016146050226,0.4663114461076445
C,0.6505706806507509,1.0509869039868975
C,0.9209648142490618,1.6652379414471605
C,0.3140871385910663,1.2802751556778784
C,0.6514492229449503,1.3262583842201119
C,0.3790801786837908,1.3223014682263663
C,0.26459400525546756,1.2768491091080105
C,0.5164038256744222,0.546259995021424
C,0.7283012944811021,0.6572630151923222
C,1.1213868531510152,0.9231014035282616
C,1.0867465445888491,1.4361044652947357
C,0.8835157976805947,0.6973700438668022
C,0.9678597372535563,1.2194859758898688
C,0.6832767410941715,0.5362530087424244
C,0.47437925223778543,0.8241087545876079
C,0.42608875227621007,0.9329057977198948
C,1.2415253701931497,1.2283317248930021
C,0.27783768804765707,1.2869752071220737
C,0.47299769113544693,0.9266516065684047
C,0.4931713895068706,1.693012366024544
C,0.7562597585110336,1.118317167804855
C,1.0650416933759759,0.8016603664331603
C,0.2873509218498569,0.6814799418490494
C,1.162116276297832,1.5571393838295216
C,0.43845880337336496,0.9206328471081849
C,0.43710876809154775,0.5360609436124624
C,0.7093862610204404,0.9280965358915054
C,0.6090481779496665,0.5303638871729672
C,0.9067063274227293,0.4894586430876814
C,0.44862799831927413,1.129408561964156
C,1.9060915386829285,1.050866140683923
C,0.48837242463462416,0.6585350881829072
C,0.4923847280674949,0.37340750885297147
C,1.0049295874015969,1.3726628597650723
C,0.7676649614619522,0.46244843095414245
C,0.744318751490728,1.0806141974147947
C,0.4843998242514832,0.8319115319656968
C,1.1307739325910384,1.0598705872018754
C,0.400209126844441,0.333998479533981
C,0.5225156712753884,0.8098323599825166
C,0.425373288022469,0.9793887964537089
C,0.2757245763668651,0.3123257084475865
C,0.5351090150190073,0.8882947731004445
C,0.21891865810221736,0.4144276470608809
C,0.6356925708785476,0.7648981556169212
C,0.3106307725688851,1.5594205704910629
C,0.6140843718649857,0.48311973992547014
C,0.3464480074633626,0.5854338475295779
C,1.1079795172528253,1.2304268340601545
C,0.2799183076334046,0.392327004845707
C,0.35313446928765113,1.0783797832434112
C,0.35371278184006527,0.2780329685447152
C,0.5746794457941043,0.6122306957640677
C,0.2809474936866313,0.5035489117176858
C,0.26180121597727546,1.0129253512810854
C,0.7417906138671165,0.38336933405842
C,0.5531991015468481,0.9755669737401229
C,0.7543300253841283,0.4748340385580899
C,0.3078882448423394,0.7677922765787001
C,0.5483287802011492,0.6241019574994718
C,0.5321333488295157,0.45143293216594504
C,0.9890817942095835,1.515879682862846
C,0.6381309770034463,0.5372795639366408
C,0.5479120528965791,0.3906218530513381
C,0.8412100460080438,1.7809813840935769
C,0.44003567429738294,1.0451008273531368
C,0.7576257722693137,1.2561042479749769
C,0.8890865150479563,0.5034688094201956
C,0.407659208150287,0.9918012933828355
C,0.4291199597822068,0.7857119953383028
C,0.5690619557814044,0.6440731494149087
C,0.6493798557152286,0.7778294435262483
C,0.7341132482861424,0.7605688033612402
C,0.9483667749408389,1.438600784387633
C,0.4588997139118644,0.9403125411035225
C,0.6721329308187408,0.8037889010855891
C,0.495620980729268,1.1400617535785897
C,0.6847041536972083,0.9454368754968573
C,0.5057726025494144,0.7306847794077627
C,0.8932611657692365,0.9606479121162119
C,0.8529731074425163,0.6098892208650989
C,0.7559733112377273,0.9049101271392497
C,0.6561110357765327,0.6840302699838815
C,0.5314517362576731,0.6280739235841017
C,0.4916024281775429,1.1259480190079032
C,0.5177770660110644,1.5740488362887168
C,1.2808198210604678,1.6622780773984462
C,0.8972238177306933,0.5524816866397919
C,0.5328519284534138,0.5181192995593442
C,0.3621536482998024,0.43006851245948735
C,0.4053188525853377,0.5072308335343664
C,0.713272614958918,1.0502068101267068
C,0.7909304207397458,0.8807532377029821
C,0.6672075313420506,0.6227887102894712
C,0.9586665432144402,1.8459589924782056
C,0.6373676306606838,0.5401560571126598
C,0.7199813904280435,0.45683422663612094
C,0.6631050870753089,0.7010515261586819
C,0.7299648253957952,1.3719863783295105
C,0.828662944988249,1.4827163598047763
C,0.933660631418763,1.2827549880092135
C,0.6835492509518504,1.053114924220733
C,0.493443773329955,0.32390777657307096
C,0.3612348062988892,0.8309424351453778
C,0.25066639533484125,1.200531254989732
C,0.9044294151452884,0.5643402227678014
C,0.395820471857419,0.9396093442465115
C,0.8686139510087756,1.1881608889571564
C,0.4447082446221544,0.8075589854885813
C,1.1836741936113144,0.2790169430742048
C,0.26379026172388303,0.6041059866547719
C,0.8766968140791283,1.5078637354505326
C,0.6754491832473534,1.1390138485467254
C,0.4290536035415086,1.302597317023588
C,0.758741495548408,1.0579999926804278
C,0.5581905589451611,0.7002351251486997
C,0.25645790541261193,1.0557817733504147
C,0.3078148233900521,0.7240732063813278
C,0.5987150328786871,0.229896244439551
C,0.7991717955279838,0.9132994281455088
C,0.6776038607553694,0.5923534206521461
C,0.48619355998062486,1.5330683760395096
C,1.0345061120461556,1.5785982072911355
C,0.3025289802440991,0.2594593659245332
C,0.5981874370922349,0.3300863796307855
C,0.846928427175492,0.7236365160460032
C,0.7990870718686829,0.13837108721623945
C,0.22371081073961555,0.2413036594412099
C,0.4459105849735039,1.1608825850933684
C,0.4479608931735325,0.7981709118055771
C,0.8471306118477359,1.4669176181468382
C,0.534202308263852,0.6259959184281628
C,0.6758365518375684,2.133109992397361
C,0.2771572273859087,0.29016217658863985
C,0.481570002348262,0.6062709048732917
C,0.8688542136556207,1.1282320505787358
C,0.6566601934088634,0.7873919406486918
C,0.6994867210448352,1.8423296500846889
C,0.6106565403583429,1.7647919587148564
C,0.44081816970304927,1.686027025890087
C,0.5174370443643355,0.356396784291593
C,0.3774044062228316,0.6082320126042308
C,0.7913058875468019,0.8598731322687536
C,0.8879333755076824,1.5667285914636235
C,1.0614855300189847,0.7308586492943233
C,0.5576578865122082,0.7611364367817968
C,0.3689573155790135,0.3554924982839058
C,0.7482780607069911,1.0830620615038704
C,0.46872449034091723,2.0865112523520164
C,0.5022491857723169,0.6844255704995466
C,0.33948407302997713,1.072754860709754
C,0.9205431123680136,0.8670183494572379
C,0.3590371921493341,0.7047732639283973
C,0.6176937998219945,0.7130144137133969
C,1.0287658059167173,0.5962077911167568
C,0.40725348202837286,0.37994968118547695
C,0.4497618606068313,0.6680461705552991
C,0.6389954047036923,0.764372787425858
C,0.33221726891586184,0.8643099393777613
C,0.41064822503503007,0.4632265321100898
C,0.5886596424496947,0.7827202792258457
C,0.9073433458911923,1.91077880165709
C,0.5373849966975502,0.8772834800202227
C,0.7392493049363127,0.7184643109786774
C,0.9211001904241257,1.3788908690535921
C,0.7755813512037006,1.377879647623311
C,0.7485768728482833,0.7930150449027326
C,1.0081292077466402,1.5107575663731698
C,0.45135843925499575,1.2267542835405305
C,0.6369185714252414,0.7123500888668965
C,1.073401078975688,0.6828190953004196
C,0.34582102069186554,1.561127618971113
C,0.5974060175792638,0.32686254572424817
C,0.5771766216361299,0.37165545005002887
C,0.49773889802301635,0.8365649363815177
C,0.31619138607561736,0.5661907393368784
C,0.630581596339182,1.1210150543326272
C,0.6995608203841035,1.2027634324961793
C,0.6088057744433298,0.10670442877265517
C,1.4075552144608325,0.7302678808918543
C,0.5119576931221974,0.648888846303343
C,0.4216806438931775,0.7000063256210789
C,0.5327234469199278,0.7283213416877956
C,0.3780600846839671,0.5862853921864533
C,0.9379856550285343,1.1834292060192955
C,0.612854087213489,0.6409251083580738
C,0.6674847490847698,1.1199082520769155
C,0.3925141610787737,0.7223023668052868
C,0.3590607742727348,0.6213866805335516
C,0.33313374874123924,0.6473466915904154
C,1.1339303264033185,1.3292096689176367
C,1.4191530392652973,2.109210486021131
C,0.49808112922488385,1.074719601461014
C,0.3759457162933801,0.6857323064542566
C,0.2738204686319081,0.6261907481077376
C,0.494768724353647,0.455645370766955
C,0.4044382264868744,0.8773985661541456
C,0.32889409945722653,0.6003931258629843
C,0.5148252036431381,1.1146159075642386
C,0.5624211716333916,0.6870311065769125
C,0.33887407435453765,0.3728506032422745
C,0.5376764975311736,1.2930997087843097
C,0.2982875253329651,0.6470737496471445
C,0.6925246164119168,1.2673901408299988
C,0.29426566042661745,0.42331400719120327
C,0.5184515874027553,0.5811520504239516
C,1.0573102320852137,0.6133781165813894
C,0.5045149806192427,0.511798173296411
C,0.37663841011356214,1.1170507216214491
C,0.5730739892859813,0.7886104949098897
C,0.8622339130171517,0.7579779705795036
C,0.43645217578040235,0.2645091924193492
C,0.5694255125206761,0.5956991508805081
C,0.36996157911962657,0.5460267981297396
C,0.7715573303138631,1.6357110838235174
C,0.6079727372849092,0.38843191777626684
C,1.1261967885953414,1.5360601374707146
C,0.3468620782290728,0.23727357020066814
C,0.2162745583137049,0.7721534225526899
C,0.8302085526755895,1.1366343892173674
C,1.4832249085531777,1.9914995769928883
C,0.4693568539967493,0.5375618094995592
C,0.44003956860928334,0.9993535461692926
C,0.742926823468383,1.5380724696169317
C,0.7197398832797197,0.8944764758451641
C,0.504709718734721,0.548501483353281
C,0.5243352399802574,0.9109737622069786
C,0.7431753141541358,1.353615965248959
C,0.8865385337264174,1.3634352697814174
C,0.4092399062018879,0.3986970588320022
C,0.490571578702539,0.7217096147765677
C,0.5820890179236405,0.25957196904555285
C,0.9834794906305434,0.7727312726632409
C,1.5661526916418984,1.3461284696127187
C,0.9742743038781659,0.5558309893791199
C,0.7434381431731578,1.0492085119169332
C,0.44434994193771116,0.4618848348788417
C,0.8982734228480865,0.24694842961014746
C,0.31129219287213133,0.522124004751589
C,0.3390468760049731,0.40062905519682884
C,0.556252770136153,1.0118429688890795
C,0.65086803622525,0.31879981248093753
C,0.6434055582076295,0.251173723997608
C,0.726210285590059,1.0866018621022993
C,0.9933623327485691,1.2351016152808851
C,0.32439305307305444,0.44087302020637664
C,0.767510045409995,0.6346135523437462
C,0.872568593335086,0.3806529464489567
C,0.6036905825983586,0.4687068954583414
C,0.6208210682818501,1.468169251775228
C,0.21938139185753167,0.6717899352633283
C,0.5459911188964588,0.7437868762575838
C,1.030006400562211,2.185072655345043
C,0.9091500430115927,1.4908056232618445
C,0.48085499173862195,0.821537843924208
C,0.8857025012793154,0.6650251066147346
C,1.6191740913662453,0.7759246588740506
C,0.39881495312577103,0.26683104589316897
C,0.29958275563515413,0.8133844837730432
C,0.5309090420722897,0.5664309099408582
C,0.6536366805089665,0.6176544438291962
C,0.4528301061748605,0.6929759564307532
C,0.8150154455293102,1.2396641922104898
C,0.4145639472885415,1.4265989011659395
C,1.063889112307078,0.5566939742049658
C,0.5566568734076605,0.8190026311428411
C,0.7348125973111888,0.6024751866969044
C,1.188764888827962,1.4842349059063356
C,0.6122729568188018,0.9612977269529961
C,1.5815225366275454,1.8105473389830185
C,0.6954644473904125,0.6448578412232348
C,0.9356607936996406,0.9282239110648725
C,0.4977995048571224,0.8621565981978724
C,0.3370512932703301,0.6350031298861132
C,0.445191967193793,0.8385439797772117
C,0.6840476947618128,0.7079581915869396
C,0.720631387893026,1.0626564276967325
C,0.7458496596679436,0.9185615674597833
C,0.56222306099545,1.0909285661244743
C,0.3625562730399066,0.6734236709090672
C,0.43849163556627085,0.5575863629858305
C,0.30533121389355683,0.7504054446242756
C,0.6649008754627831,0.9894244290571987
C,0.9469392114997583,1.4337063120114724
C,0.4602053500782916,0.5261688051716781
C,0.5006143137117821,1.0673840401695764
C,0.6366265032715037,1.5411106096778617
C,0.5475697880951945,0.78931369462906
C,1.1490007879147834,1.6266544290081388
C,0.575178339543833,0.42709772293064097
C,0.40488222148175396,0.5001043995131034
C,0.5341854232312423,0.7658694218868596
C,0.39811039124379244,0.5291806717911173
C,0.5715478002484372,1.4823575739842703
C,0.48451187642627686,0.8231657691301512
C,0.7182441387481658,0.786302739218414
C,0.8091439437097346,1.0224204745209802
C,0.6984854350935118,0.19346347681481116
C,0.3464761201995465,0.6649873305816075
C,0.6170716084538518,1.1832694596656965
C,0.2584211994650183,1.0977346583306362
C,0.8633576944485768,0.6995711843980369
C,0.6116850610683652,0.2652130303630445
C,0.4872177652679005,0.7199187604384386
C,0.9588917948085628,1.4138283440635537
C,0.6119627781124622,0.5461438700247598
C,0.47005919808129537,0.5149257125039823
C,0.5200071562135075,1.0202274677901997
C,0.5731795345568549,0.5382631856083384
C,1.5145140648084883,1.2212393749288517
C,0.9999010065290801,1.1263654555321942
C,0.3158597042470193,0.7401491969510607
C,0.6925574952095054,0.6660179883410224
C,1.2628289655744651,1.199493856992276
C,0.42415103269006754,0.8774601297224983
C,0.7107404861810386,0.6281203779893285
C,0.7652565260739481,0.9294641215886013
C,0.3375038261233793,0.8470546802323536
C,0.180387888037093,0.49089403097861994
C,0.5873364085542498,0.5998932027849031
C,0.46431510816339483,1.0195779151708804
C,0.7409721933541575,0.4900464677159042
C,0.8109999048636454,1.356991313929912
C,0.3163187698667812,0.5576337188009876
C,0.4007453223737922,0.5374246928669582
C,0.5532055590770116,1.1431509736592957
C,0.678828886801157,0.31274647383247667
C,0.5596241480885306,0.41092348864832684
C,0.4355412912480161,0.48423951172779867
C,0.4916927921872931,0.33324002226004495
C,0.5257535374515175,0.3115880750426392
C,0.7852854150268496,0.5456104421564706
C,0.49818825852442145,0.3884465479315698
C,0.7648306436133748,1.3919447119524682
C,1.3848611268478814,1.2890374757484775
C,0.9859199763018504,1.8401957044130797
C,0.8858283509236504,1.726422182451195
C,0.7531225291270028,0.7646790728898368
C,0.449428831153059,0.8700431011779156
C,0.8732865825781745,1.0333708933861496
C,0.36818556577597267,0.6165097980185934
C,0.43753433772956773,0.3698545744623522
C,0.6054884770090969,1.1390869681556854
C,0.8696126722028689,0.8666196153561317
C,0.2938908700349175,1.009237739496936
C,0.4922229365409903,0.5747270647244407
C,0.5808201169233655,1.2776093550305045
C,0.8201587023106895,1.358596033616533
C,0.35945066660744124,0.8662827442721119
C,0.40970017318420054,1.2486684376450259
C,1.6510741974312757,1.4856953270146152
C,0.9463081485808036,1.2182271438550853
C,0.7720403111831456,1.1701076884598252
C,1.0176803271743726,1.1200880075014885
C,0.6245876243919606,0.6533414909968351
C,0.321666899863908,0.8443225619978418
C,0.42769260778597223,0.22249454814378297
C,0.6691870323676028,0.8037326215056031
C,0.37713652759312033,0.6608705565373324
C,0.700857476217328,0.5029016645503457
C,0.5493881436673335,0.9578923183302589
C,0.2158631189217244,0.3363670298777185
C,0.7200605459012038,0.5456868357165766
C,0.2679256655170168,0.6002012801830063
C,1.0825714529099653,1.0883225818973314
C,0.1837892985841682,0.6358374198764071
C,0.6152140364427113,0.8786701738348103
C,0.5793065334304451,1.712618756052432
C,0.42896250165716865,0.5524541621840761
C,0.5329355126042079,0.4030509119101454
C,0.7562328168039665,1.3041920218677028
C,0.6219138805863453,1.5526257292836625
C,0.4648087311950365,0.7896490647776399
C,0.5278379224414804,0.7786516689131455
C,0.6710506756380955,0.7212664022243273
C,0.39434320525598604,0.26963465638883877
C,0.5607531754146152,0.5626276249051401
C,0.8180998826055957,0.9868652473490742
C,0.6182543037162277,0.9105607157292687
C,0.5760746281774166,0.7240348507198586
C,0.499016500377855,0.9212283636493956
C,0.5238900298854694,0.7687366674993292
C,0.8919383249174276,1.586893528400618
C,0.944615315253674,0.7722112768025307
C,0.5129192017723345,0.5303425566583924
C,0.6589995296532378,0.7953769607049419
C,0.6724437576383141,0.9029605760248088
C,0.8866364646351595,1.18535777757565
C,0.8489913564116476,0.632819757853461
C,0.28319993841098323,0.5731006835602048
C,0.5499716547483154,0.5625458430374465
C,0.9699402810786574,1.4304713158504734
C,0.8430626171741242,0.9963069882528582
C,0.5078992298374353,0.6285571225680376
C,0.5933663294846516,0.7851948881595401
C,0.6816478117835898,0.491932594127978
C,0.6409616607667227,1.5868957868078462
C,0.3934064699194559,0.5311754275407023
C,0.22216411820059925,0.7456049004342734
C,0.5127146314571212,0.797801359894528
C,0.3535524928210236,0.36592606258457744
C,0.2725705965522066,0.777964018601645
C,0.28501528022878225,0.3190544943978472
C,0.7926905295949946,1.3300573962054656
C,0.6674756635806158,1.2565620883867006
C,0.5441906681693117,0.5877199735322451
C,0.25405602147525935,0.5979597537674525
C,0.9129292984906243,0.7345665467731575
C,0.4252540599365808,0.12831008603812918
C,0.8493867974206677,0.9653812860594075
C,1.0706127425575613,1.087040780998764
C,0.6477376236960533,0.8842950382572559
C,0.7147544021178055,0.7028582592657153
C,0.8822475804105119,1.039340781156553
C,0.7824017651310516,1.2264586916258888
C,0.9685052257760413,1.3769601474358397
C,0.303628585110727,0.8280411742354828
C,0.7107475978957618,1.7987449690420294
C,0.6658649231772256,0.9743103277604459
C,0.4229310054678644,0.6832560727469738
C,0.29563661678919856,0.40207720781153283
C,1.0756260431545268,0.4959539995364258
C,0.3185256647210063,0.4598301761595565
C,0.2692256555306015,0.6466761044379149
C,0.3534261728577214,0.7769472236112345
C,0.6598762723887713,0.5407849840621348
C,0.45696605534646717,1.3256383739826456
C,0.46635126312476977,0.672038349922977
C,0.7016750162011394,0.5228810070598647
C,0.5358213757348697,0.4133420691281626
C,0.4551442750986513,0.5412457010436256
C,0.7747230672455628,0.7409552405303133
C,0.8976916006681978,0.9706093596431065
C,0.4670924040999078,0.7516616534055871
C,1.0488324888431468,1.3734901815295997
C,0.6098677727896786,0.6267744139545718
C,0.5816672208650999,0.5425253777757109
C,0.9387361428853165,0.6580346003574663
C,0.46539731664861766,0.7855270052205754
C,0.3199342706471117,0.47883401422292066
C,0.5835446031175041,0.41534942637066047
C,0.7265330736180754,1.873102292107313
C,0.4089766798896151,0.3163808411172796
C,0.3853471390905681,0.5434000877911622
C,0.7613097553530845,0.891259997024404
C,0.8957314313037481,0.8448721269143683
C,0.7981868391364322,0.7562029480548013
C,1.121344166329149,1.2577976250057386
C,0.7499185601634168,1.1648577796421162
C,1.1549148779819203,1.8803719399105907
C,0.23100810067695557,0.6741656021838308
C,1.0717218086735953,1.288346648792836
C,0.4517626930861344,0.6050621087896306
C,0.5616550534045583,1.1291851746610282
C,1.081484390938284,0.9320306027647627
C,0.4402118740551183,0.7268768082960403
C,0.3521785030731443,0.7474899609242268
C,0.8882237819515042,0.8115766269971169
C,0.3303483604101436,0.3780083210567277
C,0.6148723456627836,1.3401221446724187
C,0.3978031793138673,1.31823116788278
C,1.0757991305912953,0.4703625850279199
C,0.6900383718726812,0.8872015965928302
C,1.0395210289879615,1.6137307608671854
C,0.5614038644812288,0.7096526173398645
C,0.6860242287058032,0.20894172227919205
C,0.31089557709614507,0.7499035874562787
C,0.6074524105025235,1.2012918356418527
C,0.5867121807898843,1.969527901633783
C,0.6027338081027096,1.5393047918149803
C,0.5115587264845703,1.027415587463345
C,0.35831662307031964,0.8680315985753213
C,0.7337348706007086,0.8587394614959852
C,0.7161420606565632,1.3689014344909969
C,0.3889290904409701,0.17215606141098166
C,0.8552076799853229,2.1209389856399925
C,0.4856588991912966,0.580437548337505
C,0.444819286816775,0.6653307655001097
C,0.6681872866707441,0.4824109323782994
C,0.4934824921738283,0.6484717648627896
C,0.548843314464289,0.7843877439983397
C,0.6705386648089463,0.4237898961220931
C,1.012262811863396,0.5901157896819824
C,0.304730960202182,0.6120957716861647
C,0.9568007793204956,0.5877027088659954
C,0.6357006563160079,0.7721881665001192
C,0.30265634333447844,0.933515473485233
C,0.7733030331857493,1.066044512149193
C,0.2899026508512501,0.536938623397846
C,0.48852947846570777,0.9166019309396299
C,0.40979721746374054,0.32142602869055636
C,0.3590796024123438,0.440661371199285
C,0.7433377621119948,1.1122673027904737
C,1.0004708108575853,1.4644469347589468
C,0.5148706761481141,0.484119742566981
C,0.24700997599621452,0.27701787850346216
C,1.0178866767081702,0.7485036291027815
C,0.4210028599511187,0.9312188283057721
C,0.8936459810912919,1.5401529982846967
C,1.8133638758174973,3.128649892508855
C,0.9071844407073265,1.5982737785876282
C,0.5809292488317027,0.6225740384884986
C,0.38848835182502034,0.555600477763902
C,0.38401775800041466,0.5266272023304057
C,0.27108952438137435,0.2921828806981899
C,0.6220497802030751,1.5954948985781034
C,0.5949311169171361,1.2660854839889844
C,0.845602137594349,1.0129959231024337
C,0.934968443524973,0.4157956055653432
C,1.0357038147567321,2.011939514514078
C,0.6946758589929529,0.9178510625399349
C,0.7758568324140109,0.6639306500852099
C,0.18202127304175444,0.7399955616356524
C,0.40180482620764363,1.267384058537789
C,0.5171490937635016,0.6545813079567457
C,0.5321931526287449,0.9278039665418635
C,0.7694966888402454,0.6379717051598057
C,0.6449181295499914,1.7328423595049465
C,0.7383699794265283,0.5896295887311711
C,0.2230007230316549,0.30636768617419197
C,0.619108505959567,1.506040197217157
C,0.36705183105020106,0.8789980292781066
C,1.0358942364480448,1.5459068298160739
C,0.9329052639532132,1.3175046080004738
C,0.7222177491092647,1.1512620793112194
C,1.4116963350459963,1.0806796588558734
C,0.3347720811825196,0.4956788035557678
C,0.9068763554972754,1.8622947664104776
C,0.3815594916281717,0.5815359336090561
C,0.8488260537935419,0.7683425994240134
C,0.880148066348114,1.0429282999506848
C,0.539264622497624,0.5566496049788918
C,0.6834188520837063,0.9806022770689686
C,0.32889471628002054,0.5435963238985295
C,0.5318571281030213,0.39776621073928936
C,0.39107611780036017,0.9444102364547647
C,0.46554986273016635,0.3107418313489132
C,0.801140190135308,1.0729288955177123
C,0.3419387021985276,0.36698821926488623
C,0.5999758454288207,1.5574159909643557
C,0.36603499052188526,0.5922667611982998
C,0.6286419003708337,0.7437906457273634
C,0.4589798892308621,0.45808309793883045
C,0.4618598054756205,0.43645962342483163
C,1.0174610063293221,1.0981651789487885
C,0.6030845789637557,1.5940120897203387
C,0.6006940770973591,1.3184670711624626
C,0.6623855330743256,0.5962419327578657
C,0.3850091795894438,1.6334716840095695
C,0.4179580968747732,0.5502978179883637
C,0.45615147544976503,0.7799392433532448
C,0.21654549518350757,1.0913356876100264
C,0.42285264574862674,0.2015838817909574
C,1.4528173747046196,1.360472731390815
C,0.43106516392578087,0.06159028698116198
C,0.6788070620551867,0.8821258878989128
C,0.6453429148839164,0.7115952492393746
C,0.7275867953521806,0.6678729881020542
C,0.645306847187609,0.5874881351718831
C,0.9247989813007478,1.3217108775255952
C,0.6911931167473917,0.5662109835621227
C,1.4719555510142033,1.3987448555833053
C,0.671365039791837,1.3330177943626695
C,0.7215923281344399,1.1735046191730312
C,0.6640001195005658,1.2081882887771065
C,0.6196492925971884,1.3265919459057731
C,0.6786153448803702,0.3824048109714974
C,0.3531975723711256,0.41767697980401114
C,0.744450241920167,0.6682083741123034
C,0.6309019536335526,0.7142400525098332
C,0.6641591379620608,1.1315087876847145
C,0.47880358432273135,0.6395941739319172
C,0.3162978565905767,0.4852812341545041
C,0.48908540014048385,0.5901614317595335
C,0.5000154506055668,0.4835610328342251
C,0.6228547909538316,1.0659326250648902
C,0.46007484369828683,0.7357257083883827
C,0.8278124747612234,1.3919098304191504
C,0.9711286016100307,0.8916374094361164
C,0.6606379412241746,1.0315814840782598
C,0.7781720141782905,1.2206700940161315
C,0.4943724449215416,0.634776666521293
C,0.2672678226484062,0.4363002556213436
C,0.5297826117988691,0.5829275939529399
C,0.6701231928605249,1.179455674971311
C,0.5686710102338983,1.157867451627842
C,0.9266256661591292,1.1807945790274061
C,1.2407628276572533,1.9039326105816583
C,0.6683742104107522,1.497833412107826
C,0.5232682887043654,0.28381756110914375
C,0.8066558661165664,1.1564878274443966
C,0.6913164874652488,0.42210207705791364
C,0.7153111959115662,0.4248468407482106
C,0.5672387061689653,1.114576819821826
C,0.612428263698138,1.02960795011226
C,0.5864452868572434,0.3761384123592161
C,0.2456074275161408,0.6442798072741097
C,0.42559201173610456,0.9735784156915289
C,0.5837045384587644,0.21477416788001757
C,0.3201264934699614,0.6115804225593845
C,0.6747707381959197,1.1225826703100399
C,0.6041164352083986,0.45489284693483834
C,0.5196344718222178,0.7386161941356931
C,0.39795419166112983,0.8087240603728737
C,0.6787362116167704,0.6568821011031997
C,1.0314798929928017,1.8905036904723551
C,0.815400567078949,0.7502426987062405
C,0.4684812424076578,0.8165758896582446
C,0.35035672418313274,0.37772699922724545
C,0.4428490268007295,0.6891798431839584
C,0.3724834482702284,0.3944697584920494
C,0.9470910187929354,1.3402880140614022
C,1.1098183877796142,1.3282261539844817
C,0.925733522437874,1.1076985156590589
C,0.3309874967017084,0.8501251273131937
C,0.4096843064791309,0.9792781966557306
C,0.5570100013290644,0.8725856959412348
C,0.9593575880101068,0.3420548305199635
C,0.4530348284526892,0.6917861220020408
C,0.22223231500943935,0.291632299017422
C,0.45869141396632945,0.4811984357187363
C,0.3406285301544857,0.3354062444496815
C,0.4132247760986494,1.3176963976596197
C,0.4042148345418319,0.31967440400015595
C,0.185794741232025,0.5745550095288379
C,0.35374197360039333,0.6550726610562195
C,1.0145737651602516,0.6199903886343962
C,0.7685262686114336,1.5210435809929876
C,0.5587108781822528,1.0088256540715006
C,0.3608839920236129,0.5506940697700976
C,0.7345985916381303,1.7853604876955942
C,0.8152638878864333,1.2576943072030309
C,1.2695103103372434,1.3515943771597767
C,0.45632177578033223,0.8038475406934937
C,0.7550363311769854,0.6268599832295384
C,0.2723321098788008,0.6530200731131889
C,0.8355567988487203,0.5859181254912488
C,0.6562033805148885,1.25297676437071
C,0.8556758823606991,0.27813512605474444
C,0.8396671781858285,0.7305959751914683
C,0.4872456080634303,0.694367917117157
C,0.5608709649638313,0.857015115254211
C,1.0649401973537125,1.2734656221362075
C,0.7293461333424514,0.9316743535552277
C,0.39791752427967825,0.9240313620717823
C,0.39779909793819523,0.22729535822417296
C,0.5554051263799343,0.6127580051957374
C,0.5519163353841287,0.41995860270005547
C,0.8271467350481799,0.4946001794815414
C,0.6134921388028189,0.6247580543711381
C,0.63014987048545,0.2480507856250733
C,0.3937347979175793,0.1294015205042649
C,0.7814406801602,0.7026004811446315
C,0.4313868231879669,0.7327698837231247
C,0.9085056734620481,0.5735129339624254
C,1.172673712471804,0.5208885062404001
C,0.6375321445397772,1.0621719262109344
C,0.4358220423559337,0.41650071009974793
C,0.592679107239711,0.7428058337775504
C,0.6268771038719774,1.1134627665179213
C,0.47465087515430743,0.6168738118640834
C,0.6978185465476213,1.4055192605826745
C,0.4904908590452577,0.8848065598770314
C,0.4540186729605823,1.0112019074889613
C,0.47992978320606405,0.5944854186425521
C,0.437134666927729,0.19018260074670354
C,0.7506898542322372,1.0838973176002982
C,0.6266642049193882,0.7944019181156762
C,0.3140356445443199,0.43547125438359696
C,0.5686553275831997,0.5058223231890486
C,0.31233923398970986,0.5572070044889077
C,1.1053608529273082,1.225057688982388
C,0.515334075218516,1.0355793822727335
C,0.1833601848631325,0.7035965438420059
C,0.6269133936989191,0.29848046946641343
C,0.49295523533800595,0.28232693053109487
C,1.021367950369256,1.469126488997979
C,0.5533354937105166,0.5857007669594125
C,0.5125061484374207,0.5634146399144125
C,0.29897054506794124,0.4746099741039744
C,0.5452365125875652,0.4953843250758665
C,0.5676847811696196,0.7150517397258883
C,0.8165582484878818,1.3280767112562426
C,0.6287666665048071,0.3549721473697516
C,0.9738116765776238,1.5007805665822513
C,0.5489837382021948,0.6896433104891749
C,0.6138293809335487,1.135393765099533
C,0.4635158629833216,0.9783056245102739
C,0.89927863137316,0.6962661313985586
C,0.5648267162042272,0.5818714196150293
C,0.4078345193224724,0.8649999200894027
C,0.3020655509050304,0.744816790823872
C,0.43177485625048234,0.6638128416076964
C,0.8445418053056812,0.5718147988576756
C,0.5203084591660745,0.34826420380190737
C,0.8114257003933887,0.5052852434793275
C,0.5256521739607031,0.4309865964820759
C,0.33202504633152347,0.6172675621783219
C,0.2595071010861719,0.47728328081225513
C,0.48003275634722165,1.4079299312554336
C,0.6317818096491231,0.558539878722417
C,0.5848532306822163,1.3963918899838041
C,0.6569219120332528,0.9924210318479179
C,0.4584541908863796,0.9047459581311532
C,0.4557723710225654,0.9011161743718682
C,0.8195539319533354,0.9953301867443043
C,0.9699153409943266,1.5685140326365172
C,0.36539548276518335,0.5506206548555166
C,0.7153151587318999,1.0231052987476987
C,0.5940466873921953,0.3492385651274303
C,0.4317380474817738,0.9196840023670761
C,0.7238844401194001,0.6185410552707121
C,0.7724057936129866,0.8277257880114477
C,0.28094487566502685,0.5701063429356513
C,0.9721790141853325,0.4802548535847875
C,0.45965207334351127,0.3171512354549156
C,0.6372290766389608,1.0800519633668317
C,0.7378832582106292,1.2483259037174868
C,1.2075882564822604,2.218964722883047
C,0.6629845070664153,0.8431628842576293
C,0.5367686763819339,0.35439944851351246
C,0.7892600890174999,0.5701589018343628
C,0.5229332822506368,0.6597066259203206
C,0.7623613014560523,0.33395060926181946
C,0.2821937389587442,0.3517154513997078
C,1.2258353512125149,1.3578487870304636
C,0.6957258085968159,1.4592678633195102
C,0.520857515582688,0.7297088724126265
C,0.7163317040271181,0.5780970859701416
C,0.37711802205230466,0.5786431731908431
C,0.7348525360705789,0.5326471239064599
C,0.35468578860763206,0.3682030555434414
C,0.6351412824067585,0.7179888258889213
C,0.8728335693277601,0.7455814708653857
C,0.7245745275564511,0.4113536293094213
C,0.34253462734335205,0.9109321944732005
C,0.990072097353631,1.1590905457852565
C,1.0368327399472874,1.155526147845568
C,0.34364949299416964,0.6821568495171445
C,0.3308446623542255,0.4199601024846505
C,0.5907403992275085,0.24233638169743926
C,0.3309414892909424,0.8935447154484297
C,0.40288483565667604,0.8546629638574662
C,0.3219437357640231,0.9980380669057068
C,0.23533023346023105,0.366280349151469
C,0.833454141460417,0.9425115933160196
C,0.2716646639496005,1.0805983337397989
C,0.5394210379443043,1.1536312338535721
C,0.7555044780871266,0.83103875375095
C,0.28331492024406685,1.9645544571063172
C,0.25877970631032776,0.292526636393691
C,0.7841046093825271,0.5845927526427378
C,0.5193971419428063,1.2923719127742415
C,0.47413933923095736,0.37563949535569086
C,0.41252669909607964,0.470077990706911
C,0.5652725324239386,0.6621443371862424
C,0.4104782480556439,1.1330050148010875
C,0.5761111906213583,1.2204481909457063
C,1.2177785564439165,2.2643334497022747
C,0.596353241822128,0.7391132459260621
C,0.8594119883552028,0.43121545297188485
C,0.7197700522966513,1.0625371647262398
C,0.7523639384231192,1.8336353689172085
C,0.9242400577780684,0.4814373745403229
C,0.43371697032478834,0.41136314950987346
C,0.8908542070615404,1.440440643797569
C,0.6163618283526847,0.6416258723366453
C,0.5412554599101097,0.16769379729449566
C,1.0391187682382395,1.4419585050682944
C,0.5529590339401896,0.9041941755899016
C,0.40522199615330357,0.5144263765436589
C,0.25633011753498514,1.6135469535553426
C,0.47282364264434584,0.6752248029852161
C,0.505304116189376,0.4354153905944944
C,0.755748127580009,1.3901180438926957
C,0.998002785529131,0.9877105061973784
C,0.7974121795034834,0.9752839969869925
C,0.3447567771652559,1.0237262451046414
C,0.25285718082895864,0.5633027134625609
C,0.5656252985374314,0.38200306583847166
C,0.7495148511227405,1.424454404770946
C,0.8462341839049391,0.7167724041425806
C,0.367325812372187,0.7668770523470996
C,0.45677915388428947,1.113388257258886
C,0.8202281305478336,1.2518928257637392
C,0.6002369877713922,1.3693304517978282
C,0.7835789737406226,0.89214888857303
C,0.23865407650135106,0.7618425296061464
C,0.530623531786114,0.6572009957045876
C,0.4696288507285005,0.4519417012084165
C,0.3152031581660022,0.5947512995071502
C,0.47846556694363573,0.693057358963044
C,0.4223403070729725,0.6587035468266002
C,1.0922794501579125,1.5103013284340423
C,0.9086019925891375,0.8414865059183805
C,0.5600696834389138,0.3243547610456702
C,0.3072396225058059,0.795493985753946
C,0.7282725101797738,0.4655282083931199
C,0.9297963086737442,1.300464584239193
C,0.20051552237271336,0.6799495582236915
C,0.9125803966552501,1.5282968514991757
C,0.39652992735275366,0.482840749670969
C,0.7119340605445079,0.9329683128380305
C,0.182439214160097,0.13929228263693605
C,0.6489356800040577,1.365055830057249
C,1.0848430496983372,0.6857697654180179
C,0.4926187279893361,0.710194045183846
C,0.812478111983059,0.5669934740529167
C,0.2598749554638893,0.30340519577542246
C,0.7803419205794747,0.8260638053694498
C,0.4414611814001214,0.7977909905633955
C,0.7091105488248531,0.7155200749129598
C,0.4954350403276059,0.5715862870466735
C,0.4476709870486143,0.2898197889622886
C,0.8163531732249676,0.5352565309526806
C,0.670583219150311,0.5133323061317665
C,0.6195405690524398,0.8647105668745976
C,0.36797709203696166,0.27697342407921716
C,0.7556705156705532,0.8510190070563927
C,0.4120302940338576,1.1145436900640588
C,0.492474060697974,0.6503763995545394
C,0.6492137506183481,1.1106616341514914
C,0.7677333010423755,1.231167805241591
C,0.25882865115115117,0.5892192830454259
C,0.6616741337172917,0.9157604871830666
C,0.7438257726731052,0.9921931925362202
C,0.48920771297941096,0.3575826371809913
C,1.0956992177396663,0.9784767969055133
C,0.6946132834683351,2.542629656920877
C,1.0499024636791157,1.6231415816646675
C,1.0772598918190435,2.5519828240555835
C,0.8412433288928508,1.4926897312352299
C,0.7618721733500929,1.7549338875757876
C,0.5530909030973286,1.115654029728502
C,0.3805325616786879,0.8002057886229595
C,0.6234599851904883,0.8206771803448533
C,0.6580279738086723,0.2953327717754068
C,0.7862485839276996,0.4465944128380858
C,0.4225443855087237,0.5323617825518913
C,0.5845284487575491,0.6536414498199165
C,0.5225274479068409,0.9833671399002722
C,0.7856261825020032,0.37308203839522736
C,0.4672198663540284,0.48671235832537707
C,0.39681244513825026,1.4081298215409355
C,0.9653102472307832,0.9607798650968671
C,0.49753339926786433,0.574559725903732
C,0.6071429641942128,1.7462402657668414
C,0.5003149834321602,0.21314633725866225
C,0.5631082664726127,0.3087775887086169
C,0.4439774202012968,0.7174031837157832
C,0.7393046299308783,0.5643828436562947
C,0.26845641947221066,0.6392001888202388
C,0.3744263860388011,0.9143739212941746
C,1.4601752103885766,1.6804050814833482
C,0.5372828122391476,0.6572007442954262
C,1.2322776248345673,1.121947875214466
C,0.5799038872761524,0.36195669125849356
C,0.8606798386034056,0.7631199942939711
C,0.85792348647292,1.0164569046214558
C,0.3848220804813252,0.27174009974348085
C,0.6567476156258569,0.9515952085843999
C,0.7755258193982614,0.8497464265585537
C,0.7495227733209936,1.0220310770825143
C,0.5035933287858586,0.9752770224312792
C,0.23010507211132722,0.28557169698812623
C,0.704959894714133,0.7083630057357636
C,0.9282045956888677,1.9382539246265547
C,0.6501604926339566,1.2170483900547555
C,0.6514597890505488,0.6766318039234978
C,0.6558714208522347,0.4805581459114221
C,0.3582844914342653,0.8742633246133316
C,0.40113778860827726,0.5816914773668346
C,1.2113699238332523,1.7090881597622525
C,0.8841106183040058,0.5434084673682945
C,1.0962245585689836,1.8413953763409063
C,0.7064639414477459,0.643962264494942
C,0.6823741593517341,0.8630919622620833
C,0.7032380644479947,1.743992977360639
C,0.6032998538665387,0.17903408821125869
C,1.2800994894266413,1.581544743726932
C,0.6037430683304087,0.8756513773034461
C,0.4604169521773271,0.7780183951923191
C,0.8403992456040486,0.9299768451167266
C,0.27670771100155567,0.29385202434617896
C,0.3975020563695304,0.4015769761663535
C,0.22248784765484736,0.3651401520194989
C,0.8064011708992117,0.9052594420283859
C,0.4826895146293013,0.41601169674914656
C,0.6173851770830839,0.8905642351783692
C,0.415834052352077,1.3414446659347339
C,0.3527092807988577,0.4746857954723577
C,0.949592422138814,1.3954437288288748
C,0.4347458268455796,0.6669272710262364
C,0.37131706832125566,1.237495042490815
C,1.147162432035719,1.5774780140748215
C,0.769704263915706,0.9282326806118093
C,0.5399229544373346,0.5859992120971826
C,0.590609186428377,0.18041182462340877
C,0.6529997171807981,0.757165591632884
C,1.1414283837714485,1.8705019490044221
C,0.5476479638546383,0.391625757564491
C,0.3312734806281484,1.1115810155651917
C,0.45816225676708694,0.5170108574485371
C,1.1516512196151671,1.5984865862637583
C,0.4620044671921235,0.7093428081955143
C,0.4826953961114844,1.2194704057268058
C,0.3578850344740963,1.315125464541679
C,0.663188796097557,1.015596768933602
C,0.6480475097609751,0.6737405076650281
C,0.4652456414050935,0.7861499195201617
C,1.375986694617037,1.5858794350787984
C,0.675005639156325,1.1859684008210785
C,0.6194452404525811,1.0281780173931525
C,0.7789891949795031,1.5380232125602478
C,0.7341140402078379,0.6733449050163024
C,0.5367487134032257,0.6606698744373164
C,0.3505341732975804,0.562350856520576
C,0.6687420702515461,1.0887383888590005
C,0.3057447719273031,0.15881241768938012
C,0.4721543504339153,0.7512118719398044
C,0.6076857000610179,0.25045317026139274
C,0.44267226920472963,0.4995345234882476
C,0.43154134858023707,0.0804293032833011
C,0.8481790959719484,1.2920044241960196
C,0.4153138130472245,1.0145728152735007
C,0.8916989294244061,1.0531915987374125
C,0.9515368087277634,0.8718846672702721
C,0.7348047092180329,0.4512872888418846
C,0.22858048826704594,0.8308443666682643
C,0.40107775052033534,1.0880180992215396
C,0.9080563203349697,0.9847474854253294
C,0.6849378677893324,0.4689707666304933
C,1.2213854914128988,1.0388226383763746
C,0.6394790800510068,1.1276538173987956
C,0.47239487506054856,1.482115170508379
C,0.39310061216485537,0.6024233301518459
C,0.6665784179058689,1.0966496643017443
C,0.7286852267583305,1.3608159134636575
C,0.3813846027927684,1.8772285390141303
C,1.0189075022576848,1.4419047092573896
C,0.9805691281517525,0.9927783764938577
C,0.9174429062205414,0.7180843532703851
C,0.47678562209197023,0.6592951777714076
C,0.5712343240887272,0.31780209633327733
C,1.0408322179620644,0.5356204704374298
C,0.8583062607119467,1.0549058757936087
C,0.41509031379426126,0.2542955270887224
C,0.42439731343537457,0.8421045664570969
C,0.8175365553379756,1.0129021881313585
C,0.9085513882017856,1.7759042821207829
C,0.8210469485977696,0.759669009228651
C,0.4554068664291844,1.2222612495514746
C,1.1453221205709776,1.6242325564908013
C,1.1087636600167896,0.6402067731510687
C,0.7934705810613542,1.1364442156552554
C,0.23617426895945884,0.30825927037514467
C,0.5575894547562934,0.4192474072900013
C,0.23681579629664748,0.2294353811785944
C,0.48555378490599077,0.30000469342507563
C,0.3804757364920442,1.0514589380315558
C,0.5804710043671936,0.741694902146781
C,0.7352393207356859,0.9838558464594115
C,0.6609565623711059,1.5737574728967278
C,0.7217695053889647,0.35076333441087826
C,0.570319415909692,0.6905780133671648
C,0.4000873980500746,1.021525421803391
C,0.7915675345679319,1.2228405096105155
C,0.3803932125016107,1.027506620429393
C,0.4229775329563416,0.5781945241718606
C,0.738246273670054,2.1712202479419935
C,0.4280724568082475,0.27509009811014196
C,0.6709704932055283,1.0979067690847695
C,0.6222295581080372,0.4529108430375232
C,0.8831906370021839,0.6349779655605001
C,0.7754644106624978,0.37149247822108705
C,0.5231770513763817,0.4619109202683843
C,0.29661136306079877,0.4602334439811963
C,0.38869453409857596,0.5663252600273451
C,0.7962076110826967,0.6619761563556965
C,0.370392943425026,0.6389130689260597
C,0.5152846210128218,0.6135849129364704
C,0.8006609525298646,1.7160666808362899
C,1.2445272370076421,1.1312140289621195
C,0.7349116154892129,1.8385986288147707
C,0.4356517650293988,0.4160751520330716
C,0.48992529764904186,0.6054076289012529
C,0.6110171371959787,0.29371541630650194
C,0.39282695890497293,1.0657120168154186
C,0.3826406067604481,1.0691313094126944
C,0.712550263206969,0.34291291329885176
C,0.6627380074977827,0.6682286094623642
C,0.7209000544235034,1.4067113205335657
C,0.5749814448368774,1.0741676087215362
C,0.5784601737047743,0.7319903382929542
C,0.4833520119547574,0.4765869783984891
C,0.19948402892076036,0.3259710204546434
C,0.3737956897700593,0.41915706154515614
C,1.1282807116873517,0.7167722499439815
C,0.5377249248007919,0.6711350353520797
C,0.6371509016791332,1.3065500318515457
C,1.38631624233771,1.3918680782050958
C,0.27280354616544367,0.7079646325067408
C,0.9374800471779713,0.7532375248071423
C,0.68262036576408,0.6484434579500089
C,0.5570607072296966,0.9086012533733948
C,0.5081684736997705,1.3439230689057284
C,0.4808410754634441,0.40667781604567743
C,0.9562509464286081,1.66848348725257
C,0.6850740689392164,0.9838054130112033
C,1.1045420838457307,0.8218615101675378
C,0.2657018126932727,0.6524043753498234
C,0.37387834174064105,0.7803096555037883
C,0.5160702299100678,0.423070335794548
C,1.2318722612833244,1.3839245836596425
C,0.4643089428961903,0.8186023786016351
C,0.3564587615658596,1.1048508444112557
C,0.9452452950657185,1.2423191376384133
C,0.542320683760307,0.2516259375167443
C,0.5287155262381257,1.162308884115396
C,0.137030925206297,0.6992503104989671
C,0.7568665865360883,1.9484110367102918
C,0.8687474911652127,1.202341220653187
C,0.8143061985833349,0.6580716887738409
C,1.2442109030867798,1.4408090553234805
C,0.3873937157467908,0.9649809708744733
C,0.8874634946542023,1.0031880144149325
C,0.6452977916857207,1.5107735413746737
C,0.41551262871183736,0.7147360533542675
C,0.9186364982316245,1.3534379822410727
C,0.40523979865788096,0.9940542738234643
C,0.33344570511888616,0.857749038613506
C,0.470145576495759,0.6065561879843829
C,0.388712738980232,0.3110194625497949
C,0.5135124041517499,0.8935106699601891
C,0.8314901514936276,0.8642012630384714
C,0.615261841930712,1.3290881200727904
C,0.6388419752207413,0.7527745353749552
C,0.1915756036578751,0.6901274467520169
C,0.5056600636065816,0.8844504791952225
C,0.5185949514309264,0.9346953273369172
C,0.6076994396457257,0.8104455032646588
C,0.8974250183061008,1.542025357057256
C,0.31589540853404696,0.45055138245674836
C,0.9149581337868999,0.6555506193707872
C,1.0708382799408773,0.8405557968803362
C,0.8498970507645698,1.2527723789950305
C,0.627293188490466,0.6346075382693444
C,0.7842942726644498,0.5029539468710387
C,1.044612534232527,1.30504739213065
C,0.9285450961771408,0.3922215206022552
C,0.7872077758506975,0.40940671334472517
C,0.5624393289829221,0.727791057171746
C,0.9021686471733363,1.0484886194316185
C,0.42245041948845835,0.5441290309004505
C,0.7030841403385519,0.5694861295504936
C,0.4634499092952399,0.5715520324575427
C,1.0116883852018759,1.225088571857233
C,0.6158174385742153,0.506213840009263
C,0.9111793328944865,1.21388593642103
C,0.6824587945222453,0.7416260650327395
C,0.6872459135315444,0.1782414713374809
C,1.0264465434463141,0.5524627690370183
C,1.431155886662378,2.2916763876830353
C,0.5815993580387295,1.533704182184824
C,0.8050304576856753,0.917680500323026
C,0.5896173584910891,0.9266572683281575
C,0.7980135735951127,0.5610059337446717
C,0.36854779084497674,1.4436272973234137
C,0.6669903601307932,0.6033961535536394
C,0.5543564977903574,0.9814264312626977
C,0.9896532368653148,0.7897138843246434
C,0.7192330093251001,0.6618659485283244
C,0.8583055938403379,1.288558686555011
C,0.23814014856995827,0.5684149785870563
C,0.5016128017157057,1.3574704445124666
C,0.7419522976792463,1.664303977010816
C,0.5925233068274904,0.7069627261385799
C,0.7140918357703713,0.4638594302960719
C,0.6014254567094834,0.7288547728295661
C,0.5564315723379654,0.4916649784455159
C,0.7221525612020475,0.8756865083233147
C,0.28235739597901605,0.47138193939632084
C,0.6922350491323506,0.7328812524608788
C,0.5023686325219084,0.5369259401603149
C,1.2676686481578445,0.43037149503924405
C,0.4156935169158643,0.6605148820585957
C,0.6010372688859857,0.6689107546835322
C,0.5042569907374392,1.0907698941408568
C,0.7261006533941129,1.3557803425074513
C,0.5170382784846728,1.0078077156907541
C,0.23602478528315754,0.6977848974390312
C,0.5178582319997489,0.3828041323352496
C,0.7698618049753099,0.8341830366226419
C,0.5731335157428136,1.0053389300239857
C,0.5119714221613965,0.5159011979517468
C,0.6824776190480928,1.3413652950425838
C,0.8143889099259225,1.4208782124498927
C,0.9930035406772767,0.19324587253520278
C,1.1018886079057078,1.2143793573210853
C,0.38617030841886013,0.9733282571886623
C,0.5740971884089789,0.5925313922551497
C,0.37938868272986387,0.5907206192157344
C,0.8044395258699499,0.44358453378968754
C,0.5849364593061761,0.5132716468985483
C,0.6328157340190157,1.3671740407811386
C,0.7805425501227773,0.6382405710862018
C,0.33279324775710983,0.7484170975442753
C,0.6421101847605004,0.8258963959458128
C,0.40110082949409653,1.0735334970153352
C,0.5644694209080263,1.342023174409667
C,0.5077662477364053,0.6500369873784256
C,0.4614751319187228,0.8928535052255933
C,0.6858115893200549,1.1614927086746658
C,0.8140217606702523,1.8642952377567665
C,0.36051872145835967,1.0326490314620071
C,0.9261008326176048,0.9760129010916676
C,0.521173106327868,0.4030207148264224
C,0.7007521747485917,1.3927247033013528
C,1.2000570336272882,0.6673259761877868
C,1.4834214949513913,2.0758217647189743
C,0.6881258079033058,0.5863720185654061
C,0.5820118607363786,0.9185520983723353
C,0.5763558439573575,0.5104228672778894
C,0.7138353426110389,0.2038908720983297
C,0.642081877294966,1.032377270057677
C,1.6234941410221142,1.4463130925688403
C,0.28687138486239744,0.3750668250083588
C,0.7109262558898195,0.6474177486086548
C,0.6078920089438792,0.8431267402149721
C,1.3743875466516564,2.021180172166474
C,0.8726611641564945,1.6618334680891713
C,0.9425444622364993,0.5023225254033378
C,0.5114586586430736,0.6325360517161415
C,0.421468454178411,0.715530086966388
C,0.5844170107167137,0.36183495328040777
C,1.3323830427731256,1.0213582392867073
C,0.39706818797308996,0.20210502914216666
C,0.36001815709733836,0.6346743161156688
C,0.9005307480175797,1.0503695340556494
C,0.4482561521246861,1.381873995662338
C,0.4446277433143566,0.43292148433675254
C,1.3441731625108135,1.24654222721572
C,0.38822362784236925,1.6606872622146591
C,0.7430422506555475,1.1334188002863177
C,0.7316807745826807,1.3709694329410622
C,0.501264318220402,1.266904547598512
C,0.467693060839751,0.5967804797228667
C,0.8976166312360145,0.8889021262764015
C,0.4515479416265634,0.605182284320809
C,0.7831632193164187,1.3377545784787226
C,0.8006269091423823,1.6654981444585875
C,0.3739730930898352,0.5293888495467449
C,0.21240256064109075,0.4554763388609878
C,0.9181540858732886,1.63469948765941
C,0.5312792350094951,0.6632403917698407
C,0.5067796859193603,1.2193893950230996
C,0.6231953863996209,1.3827794605125823
C,1.4709284787021293,0.9377320428950319
C,0.26610773848204683,1.506532732468971
C,0.4692164994136653,0.29136288408787
C,0.5638982608132825,0.5131968754868125
C,0.6367704453416657,0.6096016541240806
C,0.6595415556218986,1.0645225039756925
C,0.4066947495841236,0.696047791569083
C,0.8428656063615104,1.53710878823652
C,0.5945216480450227,0.7435334792386423
C,0.9048484752206156,0.9206437343933782
C,0.4633716693657193,0.6122840847086211
C,0.21876652462087104,0.5522145092308781
C,0.2466768479619989,0.4680755272351994
C,0.5981139582080996,0.45820344289157444
C,0.44030204060266537,0.41313976946214453
C,0.762724888843228,1.7063813109525285
C,0.8126831108138867,0.7529990600069594
C,0.7691955331260755,0.8087226189836213
C,0.9684153587782623,0.6082465604919391
C,0.403947258086957,0.33032010966224407
C,0.4899036261102962,0.639862613689075
C,0.6787940797442491,1.233477914142238
C,0.7645295905389538,1.0213202498683827
C,0.931677146902598,1.0946604364893266
C,0.7399852211645691,0.7723430054302094
C,0.8379152505468844,1.5243255907498516
C,0.9127490222401342,0.32402253703012185
C,0.4040704734812777,0.7349904898322663
C,0.9086660094755569,1.0841004364831563
C,0.5365066484636558,0.9363428564299123
C,0.3875501013823516,1.0100495626702453
C,0.7160601208129469,0.9540858479315509
C,1.0134438787739737,0.9125794793650732
C,1.3121328709980289,1.0324345184830466
C,0.3210575450637533,0.26748358202437056
C,0.3979629122628551,1.25666417752963
C,0.31431302227357094,0.5933598009612233
C,0.9918613253170211,0.5555923508731317
C,1.0349301513199036,1.3087846914141388
C,0.4910323931528989,1.1166556168922892
C,0.5726623906553792,0.9030073728777891
C,0.6784441531305886,0.5287052004416974
C,0.5104485563397427,0.862367340962936
C,0.6393588816633111,0.9749771995203547
C,1.0907712387437931,1.5052123348889095
C,0.9935078688522893,2.3711627830719655
C,0.8417444989713558,0.4595207756875918
C,0.3996942243771591,1.0071353089509083
C,0.5002943505700439,0.6038233474372107
C,0.6688198940735129,0.7804303064264375
C,0.9968909244473181,1.5198395971062248
C,0.8537784133700739,0.6393015470899559
C,0.6024251414391306,0.8758136476442594
C,0.694931352745389,0.34038272409571063
C,0.43124055640818665,0.7242380591571455
C,1.029840578650294,0.9528339739658332
C,0.5659802270572295,0.6123976047863451
C,0.805244129929484,1.2754745569050778
C,0.6550605056840165,0.48194019933029986
C,0.45375087602543296,0.6362693081052975
C,0.8054960475469598,0.9293386830256926
C,0.7103511750055828,0.8037653174706978
C,0.3176522819224996,0.6603197510339828
C,0.6555935068997794,0.4116323626879767
C,0.5829106013063324,0.42962122402263464
C,0.9760010606072556,0.9527477280639872
C,0.3271018924639252,0.7887622725272097
C,0.9797034435358954,1.192616493311734
C,0.6157761037930142,1.5392189616530214
C,0.47340595228427684,1.4666855169673512
C,0.7878956898706202,0.9153372758344456
C,0.6639332241139778,1.3124751898758877
C,0.3597904563490279,0.4045773256336699
C,0.8137562194559291,0.7713195343658678
C,1.1005310231042302,1.2753161426121078
C,0.643598902435248,0.8363086054868669
C,0.5642224595011867,1.2837304560713985
C,0.19949024977952667,1.3958304819859595
C,0.2739363204687403,0.20268673560999423
C,0.6739734914885037,0.7299992403761002
C,0.4342702138632059,0.9040475602613112
C,0.6551458242754985,0.7932376913087216
C,0.8732892370854117,0.706231061486764
C,0.30586034100164494,0.43158720836490394
C,0.38046271040553425,0.42756704075603763
C,0.7415603872197859,0.5940502604954975
C,1.173816369453128,0.6784393760250805
C,0.3503878374761489,0.5256637319251013
C,0.6814452185873655,0.34759672667506447
C,0.947465771397332,0.7161451516114707
C,0.6222022443461174,0.9786703391798409
C,0.4729459042824871,0.9192935466714964
C,0.46341902481987474,0.3692959684672904
C,1.071072121434433,1.5235506287353882
C,0.31475224071518415,0.6363461772809261
C,0.360370541362544,0.9111205413046369
C,0.5932038803689383,0.982280711696049
C,0.48161615538132535,0.6279363365245549
C,0.5920103615047996,1.4145448192491863
C,0.39361481434660694,0.5325671255832221
C,0.4501322315315364,0.7616179219006477
C,0.2850171743130877,0.7632533777001744
C,0.46078571639615673,0.7224253518646144
C,0.7250508908342622,1.6174550238134833
C,0.3550495182213653,1.182886388977098
C,0.6152399103255473,0.34740793859119073
C,0.224423770325174,0.8194104883249225
C,0.9674063877970267,1.1180647585086518
C,0.5746667801077534,2.0242844369181965
C,1.3958993484518807,1.5896934937540168
C,0.40044269108700353,1.257060347102502
C,0.772057133739998,0.9515888206687312
C,1.0010301904267493,1.740312364524965
C,0.5797052397830745,0.5433173700982427
C,0.7622898208464519,0.8471251280738864
C,0.2744560468609812,0.9576573300760677
C,0.6242733069504596,0.557966553630815
C,0.6110643084026791,0.5684388051838491
C,0.5600781312851113,1.2323094729845752
C,0.5583355843166438,0.7789963056669872
C,0.40559873802520724,0.8358052838267478
C,0.6812931374088275,0.5340673809991473
C,0.27298056198992215,0.552714755364467
C,0.7606163923751188,0.5609334439052298
C,0.4139498284105225,0.3910583733289915
C,0.8028248952576044,0.5858561160252587
C,0.5313572043021612,0.5699330909411054
C,0.9445694314596572,0.3322598702327306
C,0.4170686936451504,0.27273115631244604
C,0.2670859445133457,0.39003040530696614
C,0.6898349933208968,0.6844800499664521
C,0.5043157306958747,1.1878164962823787
C,0.6279506895968724,1.1197021748325338
C,0.5822083068955611,0.45387245659489966
C,0.4188326681822261,0.35782080058486576
C,0.5619908125455675,0.5449357258006968
C,0.6495712241252458,0.42041615989531783
C,0.960011228518291,0.3234466481110287
C,1.603676050184402,2.2504398069537426
C,1.2309816399999591,1.2384668423684115
C,0.41851628344576397,0.6107642900995771
C,0.226916359640357,0.315863351837524
C,0.5832011966514324,0.3125242866057722
C,0.8051491464014447,1.271367739378389
C,0.9408553361403702,1.045248796053965
C,0.39025695742195365,0.25047589299749906
C,0.6212991979991384,0.7710108630401288
C,0.34115478538868743,0.5867336748449201
C,0.43103547580330287,0.4307460201610613
C,0.4661672888603024,0.6413842384144413
C,0.465490617662426,0.6274633328980256
C,0.4480933637077378,0.9601011838908633
C,0.624803224271522,1.693924727530131
C,0.5838685229963677,0.9210615492656564
C,0.4538509294716308,1.241780211166922
C,0.7090627090614838,0.31248853475878346
C,0.5070270713025602,0.6519192698622037
C,0.5792124963650785,0.7297713731432692
C,1.0538235608029776,0.5666776271335536
C,0.5733498518895358,0.5502669752412406
C,0.9973953061721559,0.9109255643126712
C,0.5313912247050412,0.7735535560621527
C,0.5412555144274214,0.425796748758494
C,0.5489991724500531,1.219047611214108
C,0.8526734239728504,0.3475422197320226
C,0.4875801674803838,1.167670098917576
C,0.5685367647455242,0.8589905335131249
C,0.3608574252735209,1.3294532627995868
C,1.036428856091195,1.37906963963968
C,0.9916288714188434,1.4901163559036588
C,0.8730980231616209,0.9108283503274922
C,0.3370689125654103,0.6650736458920683
C,0.19183367505438997,0.5421590174063622
C,0.8911148138864703,1.6826960869650434
C,0.9762319033603596,0.4703275196721484
C,0.545937420012953,0.5215881125774705
C,0.6910015152832529,0.6091254024986205
C,0.5198288774695532,0.35115269720178355
C,0.41962362472157255,0.2281289563983527
C,0.9885822808735134,0.5784141942567353
C,1.0289431780922267,0.7790789039150086
C,0.60895253325561,2.2377282928721605
C,0.43796356242874734,0.38346229017216305
C,0.8960614688187676,0.6582029298363815
C,0.7066651468813568,1.4119030483388504
C,0.6091669894787545,1.123548431368616
C,0.9405663261238736,0.5126804243764337
C,0.8073538709887335,0.8635605797215651
C,0.5138916019151626,0.6628940687772765
C,0.2798429996466347,0.33942399902127557
C,0.5762653791279948,0.42519168143623015
C,0.770904130083652,0.9198419561119858
C,0.42863589637231786,0.4197162514478767
C,0.9640074628160414,0.5879263860559795
C,1.163972004365124,1.8321081467560623
C,0.5053194461432872,0.6671576704428824
C,0.6854047956589062,0.5935435161582872
C,0.20526767431933618,0.4982652711518558
C,0.6330808708361476,1.4605089830452043
C,0.798723709755513,0.6299076066169694
C,1.558690450877853,1.5564234530994923
C,0.7966566344672594,1.274885150384751
C,0.7468582472203109,1.4897447996167468
C,0.48197283892854115,1.2467398023223784
C,0.5636972287984263,0.8312532193499742
C,0.9156508736919841,1.217873568730051
C,0.439387758799568,1.719753213830963
C,1.4152729135080677,1.2393736737874879
C,1.3223965705118734,1.737229147146259
C,0.3627773210835211,0.9424396401054804
C,0.8595625628625988,1.2609701340983301
C,0.6638869668382154,0.7853245324297824
C,0.6571230104633771,0.8864135652151459
C,0.5313857846457368,0.44452093544122145
C,1.0484883503768838,1.7548870857555594
C,0.43168097243497894,0.5527133507582979
C,0.7977628635432588,0.2761980193956072
C,1.0282040970773405,2.0110470925760295
C,0.6846450678819298,0.6011604708726336
C,0.5809804338998149,0.9128193354451054
C,0.43810397593673583,1.069580774186658
C,0.5868568273460232,1.0153155845840984
C,0.7304872855422996,0.9776605966015983
C,0.34852757842600873,0.6195319202087127
C,0.5407780323905894,0.8422961142182908
C,0.4683516623149725,1.0180180080140497
C,1.3238790936947955,1.1056980356447985
C,0.8397135624430269,1.0235382926317034
C,0.6170794870539669,1.0983639245648147
C,1.4018629265507239,2.2702728125572875
C,0.3136459217185713,0.20423775613614603
C,0.6955754402967518,0.7541749855749887
C,0.6573327227003517,1.0986673954461943
C,0.5777591738282529,1.6843045416853974
C,0.9595463736177756,1.0736127595593608
C,0.5140363881866267,0.8261389086206404
C,0.48806217960632553,1.5219843410467697
C,0.8821039362250745,1.3561912215346665
C,0.6557591779786026,1.2931855448129188
C,0.5193016752365698,0.3592463542046896
C,0.5141302376645464,0.8150390315616318
C,0.409317587811558,0.8912933999296405
C,0.44602816013129076,0.6266502400246348
C,0.6177379896589653,0.9076105426277309
C,0.7327341385773466,1.1516173339591689
C,0.5593733775969013,0.40311250338100824
C,0.4632305700970259,0.8817854561494313
C,0.5721573778683986,0.7532622461870009
C,0.47174892508138205,0.5642582686366179
C,0.459234062778206,0.8788730321229271
C,0.6141131239781636,0.9312236065499869
C,0.5337255695373961,1.2101220445899172
C,1.0680333581716859,1.7078795803089568
C,0.5671971060710609,0.6993937081013436
C,0.7398237963230044,1.0503208513094038
C,0.5701220208573529,0.6961753907962532
C,0.36671485657799885,0.8649931270776224
C,1.1320267798519426,2.6721648455933606
C,0.6690601651978689,0.9508238529209128
C,0.9371646648429041,0.7420244161324715
C,0.5358000715472047,0.9413352569149793
C,1.371937790298543,1.7411345450294753
C,0.6555284909529601,1.108692147747472
C,0.5675730214442918,0.3287159992625597
C,0.48589596437304344,0.8811219944959304
C,0.5687861756622559,0.8459049367800712
C,0.9710211383605079,1.2661043410001132
C,1.0233334686740252,0.5274071339865483
C,0.6983289485529297,0.6643191755740877
C,0.410206374297529,0.17832752733845683
C,0.6273748857529919,1.4162946536446699
C,0.6863798210874172,0.7452967565415903
C,0.5792575441028532,0.28227394468927913
C,0.36077329481111325,0.5137845742642628
C,0.5271175165468218,0.6140347851020627
C,0.9186301174610081,1.293431357722097
C,0.7610329033146785,1.0940958766190436
C,0.6570629633081451,0.14547314976343617
C,0.4386214795015369,0.9842034919625038
C,0.5957734712389541,1.3308710559936343
C,0.9615911676880858,1.1332125948462124
C,0.6075494759125017,0.5846539220544246
C,0.649793783479186,1.0820005600621212
C,0.6198500521354748,1.1156085677288394
C,1.3495420392603104,1.6067361511828075
C,0.17148945096511434,0.12056824788374437
C,0.4717503107729023,0.9173816449390267
C,0.654726638081584,0.9545641670814231
C,0.4341275524320435,1.108039051441991
C,0.7020109952685942,0.5652356783829198
C,0.32467478884879264,1.0511434778757458
C,0.5622569149363191,0.6344613201583387
C,0.592665590188682,0.7409195087620782
C,0.4258970002245063,1.4287826563054427
C,0.9071778806335442,0.8916633275271916
C,0.5377375485050206,1.3376518372068054
C,1.076394628049566,1.6819803565648004
C,0.4626943944500183,0.6846055713710818
C,1.2360000206504125,1.1446639946307922
C,0.34771951524673317,0.6202910792164622
C,1.0640027586170968,1.285902832091866
C,0.3447748754767059,0.8679779204881823
C,0.8203109535412384,0.8969633898074051
C,0.7604495784875372,1.9157997918813365
C,0.5812534576651744,0.7164761369067922
C,0.8427307105868936,1.5017328157402068
C,0.394361155992996,1.8593806927189958
C,0.5861552754397941,1.532023350570965
C,0.5675196516315869,1.1208755154714307
C,0.7006905900849097,1.438032219461224
C,0.682351104645083,1.3874783213045083
C,0.475176969718048,0.8254383924441275
C,0.4326967024629114,0.7362603166985359
C,0.920687770765087,0.855977376117756
C,0.958197243936251,1.2416121408131189
C,0.6757586767814819,1.1673927197260814
C,0.4775259652749838,0.7731196600784199
C,0.4149551433596905,1.2067300872340836
C,0.40801946998090055,1.5571111155861246
C,1.2774487076806118,1.6861051733158068
C,0.7806017179221245,1.0907273753191207
C,0.4877254361796524,1.1201522628871885
C,0.6913696497526632,0.7174188451116097
C,1.176410510388347,1.0787744576743574
C,0.681978448362638,0.8192607434378172
C,0.9023843684088527,0.46800414491483067
C,0.3912953357688005,0.7785726108436433
C,0.3633733788476921,0.5098523636938814
C,0.2939145096933081,0.23824601771756504
C,0.5656517481671525,0.8123570019757725
C,0.6749318763370676,1.7207121861755599
C,0.6757774952785958,0.700627303221333
C,0.39480634233240053,0.294255237811461
C,0.5800394462197883,0.4238022064575897
C,0.5504171333550613,0.7785509324825797
C,1.007455920607363,1.3290218369258313
C,0.5188670782189853,0.669987012735167
C,0.44143187136273343,0.5726603785494646
C,0.8204050993833532,0.6190593146509547
C,0.6381093542992994,0.7429635200898768
C,1.1071409578832523,0.07318024940440986
C,0.4849711479671233,0.8611718626655306
C,0.9498767269604123,1.2924364659623677
C,0.6006547464814788,0.4222753376201074
C,1.181136456490579,1.7111503743841843
C,0.9531088027168803,0.8814925422300333
C,0.35657224082476974,0.5003431035536338
C,0.7925575741571528,1.788275782784803
C,0.5282961896182081,0.5936966556722161
C,0.5123720568125958,1.2146411506027766
C,0.3308335519543194,0.7746505313525734
C,0.38937192224718276,0.8511343777354176
C,1.0189282385609226,0.5161222172527276
C,1.1449901756032743,1.5332615474333358
C,0.5615196805465356,1.1250904376894728
C,0.5420793716179003,0.5744690816832347
C,0.33457927671496857,0.5175171509036314
C,0.5172861150865713,0.7949761804098414
C,0.4920595461362911,1.2436541106208845
C,0.8652523673699092,0.24419126199489924
C,0.6279053899465935,1.2087635465250632
C,1.378560748048685,1.0020673503205915
C,0.47472644514856416,0.7701132538839985
C,0.3623418597082237,1.4287117280427812
C,0.5690228457288753,0.8140559586745147
C,0.4517129788769159,0.6156278079462
C,0.28360656936807815,1.1094556178491262
C,0.5648174208553698,0.081476293410932
C,1.211744144819416,1.3406739195081587
C,0.2378390794850823,0.6081117598139051
C,0.6019016836391754,0.7300727552257146
C,0.5134078070169319,0.7386719013976176
C,0.4807985511543711,0.3894905400301584
C,0.579658632720304,0.44242132678596613
C,0.6190619158977658,0.7623428620968329
C,0.7022418994864703,0.5557329388691619
C,0.677849046617996,0.8070510122383472
C,0.555661034484014,0.5214414775145989
C,0.5856843652796118,0.7978765666101197
C,0.45607808722477833,0.5021474248542336
C,0.4886468181910203,0.8520692456888167
C,0.7315987717719153,0.966731164701796
C,0.4615810709703336,0.8821987527034357
C,0.4497835720387332,0.8659521439485949
C,0.5349520933451487,0.442206270899071
C,0.5001065354849573,0.6964848290577605
C,0.3102317850002252,0.3533954486339491
C,0.7657355355220503,0.685290173950599
C,0.8081605863927472,1.0615989282769087
C,0.7543301354933323,0.920980609672294
C,0.4962785794855146,0.3391172358043579
C,0.7165050207533216,0.2577308946884051
C,0.6319583761877353,0.454579978096173
C,0.7023382555744259,1.224779374899661
C,0.6461975147485849,1.1074189947227446
C,0.8894733506756896,0.706574794017677
C,0.8544799974610563,1.2012335089770332
C,1.4049248813985256,3.650738504477406
C,0.41547991044435795,0.34809058908910717
C,0.4550509757328456,0.29597225462696336
C,0.6703199808534688,1.1723416319352524
C,0.7841722452915959,1.5038274728489551
C,0.4866309165309173,0.7780301196480681
C,0.90561584159994,1.6426621782713842
C,0.6614922400542146,1.1774649236273909
C,0.5507362731626613,0.7118495457455859
C,0.4256760095998677,0.3027922871052742
C,0.5748923639799294,0.5396442401376048
C,0.5052751835619271,0.4401771023685363
C,1.58510270316694,1.6093801116198005
C,0.6811305253866454,0.6791281148871862
C,0.6096763353430312,1.3190779364880099
C,0.9806782286820283,1.0655142506047983
C,0.3975535099981974,0.5477438107772431
C,0.32518258461185257,0.6133695499532694
C,0.3693897527913552,0.8045224509951907
C,0.3597767453753427,0.331430152780664
C,0.2404196849186612,1.3361121452371696
C,0.47367004882300157,0.8948018597494201
C,0.7219505913539777,1.887295328252904
C,0.21245071953909336,0.6467871901450123
C,1.0127983641336584,1.4278218782546692
C,0.8102736255838372,1.0574458568261063
C,0.7715050840147453,0.3679822182756809
C,0.4338239407286531,0.7739415728763159
C,0.39733743825581763,0.5598933269518245
C,0.3603913831450663,0.802125802498268
C,0.8312692499516771,0.9749581401303892
C,0.8769103916963109,0.9015544370752729
C,0.5297631542708868,0.3681886967980483
C,0.5012009234222392,0.7981661202318415
C,0.36908892244411695,0.3150758820393536
C,0.2030548732959705,0.7954291211094761
C,1.0147586367660641,2.0518234965408215
C,0.7201320771865825,1.0920289986428415
C,1.0799653920167511,2.2201514332494505
C,0.6976400972041792,0.7596705245100345
C,0.41843124292691736,0.13750798515564466
C,1.3915611371845018,1.1220662403127692
C,0.9797565411329779,1.5339600092606405
C,1.6121123850795132,0.8913223575223471
C,0.8487633449928351,1.1479481191510983
C,1.0477734341463998,1.7892055478969238
C,0.5488281546667575,0.9074344408907151
C,0.6320323174613783,1.2627567441641998
C,0.8561391505448742,0.9553910337590407
C,0.7272020805327248,0.7460157164543464
C,0.9102215403563982,1.5162141913260498
C,0.8600314416453017,0.8594220905625717
C,0.7205073689284108,1.39063490907356
C,0.5444560603844082,0.3725361752312142
C,0.4060267370609929,0.8485459633346653
C,0.6543465661668718,1.9008705242364954
C,0.28043513753204125,0.4490670766970633
C,0.4653485055827083,0.46238616428529894
C,0.3258303809872924,0.6528570627189345
C,0.32658750513551504,0.5957228923718663
C,0.8569816032783119,0.5247831187698434
C,0.3783594265207533,0.5433326817113335
C,0.964919374502757,1.332344523013292
C,0.6705314769929298,0.5703783288361507
C,0.3069558403395702,0.7384754859317927
C,0.4971977101886152,0.25032705237947794
C,0.17487037414184983,0.4682719629759369
C,0.5036601921084912,2.364082986342135
C,0.728823807696864,1.4253385744894074
C,0.6326087815304249,1.1576109875515974
C,0.37968604089582936,0.9492988325087233
C,0.5276519294070765,0.689410101301238
C,0.6487914582459648,1.5184085889199916
C,0.8133286479233622,0.6651791007716984
C,0.5881410784514677,0.8286097192127244
C,0.8127736115269463,0.548935471569947
C,0.5460771530795758,0.8154555618854323
C,0.22043544142920315,1.1526875754484918
C,0.26154472319017,0.1357376372261641
C,0.6999024930554472,1.112364337410304
C,0.6484134142860233,1.098345770832429
C,0.4484240878865241,0.7309990139842815
C,0.7721676769871095,0.9561927396741263
C,0.5277906174141282,0.5374847244225626
C,1.3163577805964173,1.3262066284820457
C,0.2607759257026752,0.3840247165727035
C,0.3929304589747177,0.6526177710685028
C,0.4645992864488244,0.9870341202384625
C,1.012536782941848,0.6947643484052897
C,1.048012728125144,1.7319074085617665
C,0.36621341796606816,1.3457812609709823
C,0.7063369199000883,0.3385962436245644
C,0.5181057132120808,0.6644622266865193
C,0.7636303703949219,0.6151222409009413
C,0.705129073406884,1.3897372849789902
C,0.6679678796984257,1.799531914226537
C,0.3063897226699591,0.8698917093057141
C,0.91145118324565,0.35815729740979046
C,0.4084935538183034,0.7168616418359387
C,0.3691224478025931,0.945216865788787
C,0.7882627870838658,1.6178468963014094
C,0.6637387275313228,1.2263076514497757
C,0.6216033940603056,0.6648928360545094
C,0.5047556158408675,0.8815587810932692
C,0.4906563720416103,0.41621957021788963
C,0.37008642420135063,1.0911230793781521
C,0.5119036229450908,0.9519042150668783
C,0.8709139995494256,1.1758423219741967
C,0.6883957692182838,1.1307796683086038
C,0.3897928467047484,0.5642422074841981
C,0.3053929798444578,0.19963024896510861
C,0.4245415464838175,0.46226664597807365
C,0.6475357056889972,1.0244359936259315
C,0.615026631383409,0.697463530281168
C,1.1280879578720433,0.6848766058212448
C,0.44680377891437834,0.7194860857762108
C,0.7872213987008848,1.5133771355241743
C,0.8581939991409494,0.6124763919678399
C,0.4141064669262386,0.8859262034596252
C,0.5602334000600128,0.8123032211192619
C,0.6249209162025035,1.1828688897186956
C,0.5181864990430876,0.7584010662602714
C,0.6512594858532657,0.6602817035144624
C,1.0867361867947036,0.8237913799493626
C,0.49142236681444035,0.09778985234730829
C,0.4770152969729719,1.1720577123634184
C,0.48651230460433526,1.1511339935863119
C,0.6945973754142527,0.5257945307507456
C,0.8132807102463014,1.104647306219284
C,0.3608766259817923,2.0302151912366595
C,0.6783944056839072,0.5965611200031945
C,0.2904268535759331,0.4216736033018368
C,0.3298521592834721,0.4755558485842489
C,1.428554132151411,1.8794413791438564
C,0.5785172013094008,0.5499134517311726
C,0.4152973569681488,0.6627535558874688
C,0.3493738193467707,0.5590066956031132
C,0.37805646905497736,0.16894295230942608
C,1.12193337613484,0.9396596842576956
C,0.480449140306452,0.6410328169905007
C,0.525383045487959,0.5397902867417549
C,0.6380453422301178,0.7019332756870472
C,0.6681189203118723,0.920394730783549
C,0.6048150643564358,1.0426359346951808
C,0.44829508038573473,0.7152044128896725
C,0.5446492938772529,0.7670541364720588
C,0.960647732390698,2.252845281088652
C,0.9517023357294833,0.6603641539805557
C,0.3350382416345707,0.4786615161676366
C,1.1304745390879019,0.9426155698620726
C,0.5921854566632235,0.7762975865048714
C,0.45566589839399985,0.5689879649326459
C,0.7501884109738236,1.5203118973139047
C,0.7615098674364079,1.5590398250403439
C,0.3415615734787805,0.6591718569730527
C,0.5576825763023158,0.509166284828682
C,0.836394361596548,0.8739483250920005
C,0.6526898284138386,0.4592369280548118
C,0.5746262657248153,1.249569419802756
C,0.7070222905781463,0.9303720729765679
C,0.5626298029269852,1.188708418940391
C,0.4674384287837809,0.34317172590571393
C,0.8207965451717166,1.049174945172905
C,0.3605738461925052,1.3304793612289783
C,0.5401281212847554,1.5016170850760284
C,0.7067503903287893,1.0539349164767844
C,0.7408626484257671,1.0525522218817984
C,0.7992845042881102,0.8571689556376418
C,0.4194702189226781,0.4859472054555918
C,0.6281071346481296,1.1532339650678827
C,0.7599012446271286,0.6250497995515701
C,0.5851442225109476,0.46121903763406574
C,0.647743003913507,0.6008387849444995
C,0.21055220347744405,0.2092054548148575
C,0.7044318710814411,0.5320140991834719
C,0.45613918377264634,0.7737550594535813
C,0.5513987421752008,0.8102236060897064
C,0.4888876525549434,0.9489188478750047
C,0.8424532970393556,1.7417648228182543
C,0.505166851517233,1.1060084394021052
C,0.6108737731639936,0.8696600125669224
C,0.6399331799561919,0.4638637749094629
C,0.5937530238269098,1.1998193254321243
C,1.3328996979115282,1.099505309271514
C,0.22524803303420932,0.5032964057891987
C,1.0594424321400906,0.8925711101532622
C,1.0802505071768913,1.1218780646304374
C,0.40139752922183336,0.9397845516913123
C,0.58512113221988,1.3086076457728137
C,0.6590505416688973,0.8360658681181676
C,0.619671580506443,1.2410262361856528
C,0.5428613595149644,0.8100486127020868
C,0.774846548428877,0.25379882863125347
C,0.7812969286909078,1.6004811251134807
C,0.48519541788830495,0.8963652648086478
C,0.7060892216992105,1.4429911679092065
C,0.2713532223672444,1.420410776880975
C,0.7832833267572513,0.9116851821149131
C,0.3279337492365573,0.38980592512651063
C,0.47297112715726103,0.5957976096069332
C,0.3497967594369713,0.4467138288689431
C,0.40094070931905607,0.5197388325762488
C,0.47378775799507705,0.44298503154109514
C,1.1344803497469274,0.9467287286706193
C,0.6193080696435633,0.9155401074567239
C,0.8192731054588224,0.888980618945161
C,0.5932910082829785,1.2915584041358334
C,0.7710866374529437,1.1596563908820439
C,0.620610082451645,0.746697789236139
C,0.5723557103584972,0.6516344892740935
C,0.2774953106160382,0.5366165709537161
C,0.47239531416277125,0.42154300002326245
C,0.4961522256722533,1.0070922874598955
C,0.8112842079493628,0.7002528740018963
C,0.456333940847588,0.8371367294460731
C,0.6612856669458698,0.9725583858231934
C,0.7237256683800597,1.7817690229776868
C,0.6116711302519735,0.9793550788731346
C,0.9153962216519749,1.4078436953395237
C,0.7276304622073425,1.2193901919133536
C,1.078339482309552,1.0541785926155605
C,1.2280269367478436,1.4920398343721102
C,0.3651786715850842,0.5825575190238416
C,0.3747379167168889,0.37291096013723735
C,0.5454886395577718,0.5726885019776814
C,0.4144755060694415,0.8470335916593067
C,0.7211723793749442,0.8010255350433583
C,0.4437475340798566,1.417419495468996
C,0.9181490813227641,1.408872663719163
C,0.9436050356215702,0.2891893542633705
C,0.8489183321470325,0.9024350575437527
C,0.6896236094772649,0.7287172740239977
C,0.549913711373124,0.7268748269924798
C,0.7084445131206529,1.2649589757332735
C,0.5014050839337407,0.7134735526456439
C,0.34391739928111253,0.8147096547615285
C,1.2339856803795903,2.3911017773220467
C,0.5157588364753937,0.5614535989722407
C,1.099973556674602,1.1436887789104344
C,0.5764500811215696,0.18975138628329516
C,0.2905582684090994,0.4280537136852543
C,0.44833726932091456,0.6677558026906749
C,0.4941716590222883,0.5859304465757904
C,0.760051057069755,0.9980300117125787
C,0.49650025306421514,0.6725843523017621
C,0.33679629831954583,0.7370912253858071
C,1.278394340391249,1.7156000231553412
C,0.2855401218217655,0.4001224086258416
C,1.015292758705185,1.3632641579442206
C,1.0545870925384644,0.37254364873634915
C,0.3354363062972888,1.5675195800858717
C,0.8632486900420664,0.42973585790568813
C,0.892367381296044,1.1539762249844048
C,0.7975901020102449,1.033069240539564
C,0.45977878121466115,0.3173076624582311
C,0.5572089231184969,1.1549298335851357
C,0.483296377402129,0.48437682350557276
C,0.2977156075608283,1.075759260188776
C,0.945202436690906,1.0931055372232519
C,0.6416600431069228,0.8567041223052201
C,0.6928057931563857,0.4020491340157497
C,0.8346028547731552,0.8223914004916726
C,0.8410425198331195,0.7507375304214474
C,0.7760415846251956,1.076764560501772
C,0.5021497453163262,0.541528940335023
C,0.3753139331835481,0.4292339054830418
C,0.2936690468725826,0.8355670904638667
C,0.4151982890636179,0.2952163660803237
C,0.1957069935214229,0.1410548810744239
C,0.8292119263093305,1.2149585249726118
C,0.7766309730907414,0.9647577273402267
C,0.6709719599457666,0.6303849939389669
C,0.6704349909343216,0.7368459355261008
C,0.7009255734013475,0.8920790030360146
C,1.0642244033866746,0.9759052740249572
C,0.49493456493449317,0.4203845916193399
C,0.598972260376101,0.48945963713622526
C,0.47718182965665157,0.5564939777349133
C,0.5076075135199877,0.6685594119896215
C,0.23873939838146538,0.5777166842330907
C,0.5403121728042911,0.6973730998400866
C,0.4485960435143403,0.4127378379112334
C,0.7015361736844361,0.6294914902069394
C,0.8506861940878809,0.6068942297538679
C,0.43984802323563615,1.5023826959136233
C,0.6408273193253793,0.41350020865823767
C,0.39296116202085063,0.39867427419934803
C,0.7349410544334347,0.8209429248437284
C,0.7321604102701087,1.2528594872660213
C,0.5769460310085364,0.7377303859255967
C,0.46227422896948106,0.4005396595170144
C,0.6016334861499322,0.651794966005002
C,0.5966504814546075,1.2307855923816833
C,1.3763144661136415,2.1544073277942815
C,0.35920444437969273,0.6130973673535319
C,0.278324832754003,0.27408875694592255
C,0.7277811759162629,0.9460303317201756
C,0.35670064775282245,0.48182378993482755
C,0.7085319650849907,0.5527136858192947
C,0.6400821566284537,1.7742458586087189
C,0.45636728173146457,0.9082377773947217
C,0.29397223019192936,0.7490242965522103
C,0.6407687054263224,0.7463249553216558
C,0.3919720635507217,1.4183767288081555
C,0.4542917346302498,0.8207863928410678
C,0.3823667104325556,0.4563685444018324
C,0.8431945985908412,0.7662235995095519
C,0.6755382312662904,0.2815752738288918
C,0.8005442072271236,0.5888943130069788
C,0.6978747221156488,1.2718546648105837
C,0.3678677783333854,0.7182460050136962
C,0.7232853783497606,0.9487763546706873
C,0.761662388582422,1.4161431817224108
C,0.8209573710830069,1.4299657869906168
C,0.6152481522953637,1.0611479068186018
C,0.48712916884860763,0.5393094485467169
C,0.5991691021996176,0.4975575259762589
C,0.5597396007800953,0.43500636638191337
C,0.4285643673286269,0.5309519873984768
C,0.9492321344309025,1.650140423994409
C,0.5975072515729052,0.6503601259505172
C,0.6722233772380113,1.0039965652670884
C,0.297506886519065,0.33662249320995297
C,0.5827519723716779,0.8787309335021315
C,0.5614768635468885,1.0177777682080906
C,0.5908153872868829,0.5141793714383894
C,0.6124731429229127,0.8101386929696469
C,0.6300597988669002,0.9693874159442698
C,0.5582889256827345,0.3904698831146523
C,0.4402218112439815,0.8470135185095321
C,0.6008758926886094,1.3084398697344157
C,0.6911721522091833,1.0238045971432828
C,1.4387808265351876,2.058934431783234
C,0.5646762704179713,0.6598948959459048
C,0.6285135813012653,1.117823454814498
C,0.33510625343869466,0.5373959990852558
C,0.2180112641496306,0.4369131744298971
C,0.4482787888937337,0.7826826821568292
C,0.8175946600231198,1.075546855432887
C,0.48458088763621454,0.8137527452445551
C,0.6695734486898657,0.41253262335759994
C,0.37255403843409746,1.059381803393146
C,0.18234501215056742,0.5077945324217197
C,0.33567719706379534,0.5102477738727702
C,0.7286190534526026,1.2715136406100793
C,0.4372695171101456,0.6822536451870044
C,0.332536005488366,0.8351935552057185
C,0.4302166736917421,0.8101816710468104
C,0.3800857986307122,0.4474210234388073
C,0.6149717046883912,0.9320433054750528
C,0.5596268172104601,0.5352763906867668
C,0.8042355199077154,0.8798617964641783
C,0.5034354391073728,0.5859093863989672
C,1.3160230866360965,0.630691480208891
C,0.2588377242846061,0.159396995046039
C,0.8430296686202551,0.7744644525433164
C,0.6614388108942426,0.943700847513049
C,0.5527274762913278,0.9645073969266708
C,0.7523646896824991,0.654088476261112
C,0.352981320733392,0.30460893481771706
C,0.6935091567341348,1.0146098107074846
C,0.7809863742848044,0.9830686374595308
C,0.6463542947255616,0.47713439106645367
C,0.36665924257754945,0.5894344687088504
C,0.606268764559632,0.9762564164787344
C,0.6146671027112913,0.6032595346345494
C,0.5477203772215603,0.8724532375104919
C,0.9061682214721758,1.2601837413215957
C,0.33954262517855194,0.204223953351691
C,0.49436959436488703,0.7094557065553438
C,0.44730875154238253,0.6512265807199502
C,0.2690497129118927,0.5172427177419558
C,0.9961106367602205,1.2935662695359988
C,0.9294596088400828,1.6065007992443188
C,0.4856797606871854,0.623675657119778
C,0.4013159470626565,0.5232022433844484
C,0.4888964848283297,0.9423156778158339
C,0.41596894686872593,0.8843218135698763
C,0.6632061086115343,0.6188023836247443
C,0.4195728075705002,0.6823080607177562
C,0.5435627633087463,1.2489838842966536
C,0.47741932787929675,0.40982502618168515
C,0.3667686974348087,0.3980023233974237
C,0.7380747702692,1.0421248543151451
C,0.5508228798349972,0.8911500204417403
C,0.6439312795563683,0.8224190696200109
C,0.5099517263401967,0.6208028699136826
C,1.2721590263764713,1.1725624445662821
C,0.5190697476818965,0.7878868137852301
C,0.4876582101743551,0.6681023346377832
C,0.3640384926635541,0.4420677054653698
C,0.5299818572828128,0.6024967159131
C,0.499891866161132,1.6075843974631658
C,0.7427515554201243,0.5690856000248355
C,0.8003462236277243,0.8654559064647708
C,0.3485406077038983,0.4873194607592236
C,0.47874872834052334,0.23014651006350242
C,0.5396408881532254,0.7702273897167263
C,1.0430785716286997,1.0473323910964019
C,0.7052551272767847,1.5285662353194287
C,0.32083618029236005,0.9298358488245614
C,0.7012215866933345,0.7692933082762433
C,0.5961037271268508,1.0720978525197926
C,0.6465191453356788,0.8521494342206777
C,0.6139380097753628,0.7549472595303742
C,1.2137742498085518,1.511540865481447
C,0.40302405019114856,0.45969644995105624
C,0.6906036921510044,0.6024473629944436
C,1.135664004538396,2.332031508111208
C,0.500923890492467,0.6206497487235335
C,0.5998849809988978,1.5541407709871518
C,0.4428455856998535,0.2371462656300265
C,0.5336910393803355,0.7829924781226744
C,0.40409918904115555,0.862040177013658
C,0.4262755933432411,0.42095342573409117
C,0.45931811898382635,0.7806956206969657
C,0.6365781534336824,1.408627178273047
C,0.7484145901775413,1.2440805726349438
C,0.5694617905102002,1.1550054418808984
C,0.6834304491158381,0.9925426052982307
C,0.5714401064541865,0.7101805795722554
C,0.5807871001344331,1.773677982774707
C,0.6164938690421159,1.5306157820196173
C,0.8422257656455493,0.6173664090793345
C,0.5897740122786099,0.6972550213402104
C,0.1686426027336785,0.2085944143141852
C,0.6916818552094678,1.2279493325332818
C,0.6251432474526938,0.36249007869044253
C,1.0746179494372992,0.7613136897124803
C,0.6555081233942687,1.5832018136494004
C,0.40759233260747646,0.41608151797353476
C,0.835775429486846,0.9705742938649764
C,0.27578777166123375,0.5766791436037486
C,0.8715039785226908,0.8735922175718779
C,0.534423990548652,1.580298812478813
C,0.41433893335393557,0.9074729921824117
C,0.1991522076137231,0.29783347639564633
C,0.9989462226293226,0.9650775692080479
C,1.0281564439749298,1.0124567661967985
C,0.5484962494756669,0.4816246528849478
C,0.37924995629132074,0.617642458440055
C,0.7601213548695178,0.608135638969195
C,0.906401214394663,1.786560818872907
C,0.6434230881877117,0.780729056543172
C,1.002423510503641,1.1708901884321778
C,0.4585427034902698,0.47641574780007606
C,0.6483956094807126,0.3349479499071833
C,0.31012045310682557,0.9447242212500331
C,0.3320228653562619,0.7664203961721098
C,0.5362503811617533,0.9529666182009425
C,0.2886864337482752,0.670907222805201
C,0.3076361822531235,0.9559390764634148
C,0.6704661167433886,1.2388957974253045
C,1.0143792710083195,1.0109846494200843
C,0.5411716644888525,1.090238419083202
C,0.6325351943695001,0.6223776074797092
C,0.9751986580595408,0.8579578344665403
C,0.6520926438739651,0.37766740392963993
C,0.32713624199846963,0.6782688783003359
C,0.7253707581245633,0.5427936751140869
C,0.5611582988485688,0.7705438829646498
C,0.4039509219312587,0.30321824776148076
C,0.9497421199129744,1.428073429232958
C,0.589759567808993,0.29126002099487436
C,0.6409345152802746,0.4637107999678981
C,0.5628254737278506,0.729160876988889
C,0.5333683003629169,1.1284888310680756
C,0.626809674241277,0.6309075593922804
C,0.8555399671319112,1.5071975783416018
C,0.5401550706860565,1.005929835619817
C,0.3278734958814875,0.12839179512082002
C,0.7766858852584331,2.035045201328117
C,0.7912552715943428,1.2689979024278426
C,0.49441615662194904,0.15731446094641066
C,0.7528084587309652,0.4722725701801745
C,0.36455712920058114,0.7173337851153233
C,0.6989647401870022,0.6971470742884838
C,0.6199948922683498,0.9845157850242048
C,0.4596421906419988,0.4679222009861039
C,0.41622123528087235,1.064113509319924
C,0.35786311256310827,1.3837059367710038
C,0.6759327701135996,1.1598613070430903
C,0.36565487187223106,1.0156109753811182
C,0.7672040410119266,1.0064992693328976
C,0.9125144528167989,1.379767400627844
C,0.6739313967188609,0.5826635375438942
C,0.8723989106216747,1.100567729412313
C,0.6255098215990059,0.6440005099573642
C,0.45150195651798397,0.979739489843874
C,0.7177057357897465,0.8530116307736509
C,0.40997856369165137,1.2388178392201328
C,1.1694455804585686,1.5376945522858976
C,0.356818640447423,0.8574987977625843
C,0.8930698435460028,2.219177555272011
C,0.44946270671489064,0.9882999933828515
C,0.7648035883530316,1.7797815357838658
C,0.4668444445984535,0.9037127387030642
C,0.5585836080433778,1.258334867854284
C,0.6276687147548523,0.7204863389117427
C,1.4014606382500705,1.6227876023460326
C,0.650941274605149,0.4269013398869177
C,0.28830990354689684,0.6943990345612188
C,0.537268390069937,1.136791042193312
C,1.5782951981190274,2.143066635422874
C,0.9417147968279038,0.7159766742006637
C,0.4681283275453512,0.687580721302986
C,0.38904471365792276,1.2123133942631592
C,0.4600495759757446,0.7491604828728045
C,1.0467539288445369,0.7743923207907951
C,0.44183943116380886,0.596554602308073
C,0.9412740169566268,0.9784304203434182
C,0.8923198746147214,1.4484754114812357
C,1.0000833575628414,2.804322325961599
C,0.7807559218829441,1.194720580015685
C,0.8219688123490745,1.1719052500508502
C,0.660248165287631,1.029313874149819
C,0.35577930538695074,0.32116097811763666
C,1.1438576312702826,1.164021234493581
C,0.49103274775468,1.2909334707766194
C,0.43445554474842407,0.2863200640027224
C,0.3047849486098297,0.13805133817086432
C,0.6952762809361152,0.7356149959005496
C,1.0851807820282038,0.49044648250652495
C,0.4292650362973612,0.779084972079822
C,0.46443008786742157,1.0798945943468201
C,0.5965135494502581,1.0418584078425468
C,0.5178686992731895,0.6516513811209299
C,0.8611334807499055,1.026917240960434
C,0.8991131256760189,0.975291433986212
C,0.35985412555240587,0.2750839172549516
C,0.2535130343553751,0.8297645920984782
C,0.5435294740298826,0.5758267587601367
C,0.546192706970814,1.7864022703621876
C,0.5795020356761946,0.5374120984117319
C,0.7879234076545756,0.9667098474552379
C,0.48284825167466316,0.9963256986659131
C,1.189508794991657,1.0658782708592967
C,0.5747258142380226,0.17793403153640633
C,0.469121258842231,1.2629318372068477
C,0.47104937552210024,1.2916060211332487
C,0.4543043219093647,0.9100409120271716
C,0.5928130699594225,1.373119591493913
C,0.4300040521317739,0.7443964633189731
C,1.1737581133909472,1.7051269012906156
C,0.38859187456846933,0.7359815035515629
C,0.6541574380212092,0.8164014033475467
C,0.6111910552674542,0.5250098995769742
C,0.9437195953562476,1.813348367456497
C,0.42297697842636933,1.0026592767422144
C,0.34507520658555696,0.5275230222325437
C,0.9914109199400912,1.1725386669073339
C,0.3448878296843161,0.2720668988964248
C,0.6006683559080258,0.6771379922979546
C,0.4555522514710736,0.9611812829739168
C,0.595986025930555,0.8824391788853138
C,0.42877360783258855,0.2725114279903175
C,0.7787355278404858,1.031694453250993
C,0.2959232921913999,0.5033228248000767
C,0.45158754377423954,0.4945186910300238
C,0.47992647302438973,0.6382884594184842
C,0.7120560545659764,1.2096717165923305
C,1.2436386514961515,1.5226199311154633
C,0.49273548224219715,0.9792315312235276
C,0.3333072455162201,0.10428143379590414
C,1.2015771170282181,1.2836439537439461
C,0.7390836905936904,1.3778051025374354
C,0.9982829294891126,1.1450923713339338
C,0.9702272222167874,1.3649713433813278
C,0.51312468107532,1.7325119013700385
C,1.070103410789096,1.421573564771158
C,0.9108818200829891,0.649264212666627
C,0.6462382808848235,0.5302602383452136
C,0.27718380490946815,0.4751962432322037
C,0.16343344980484617,0.7833064289995026
C,0.37145035968410833,1.064524810926842
C,0.7212176580630345,0.737453654604815
C,0.572689828073086,0.5851059619153494
C,1.0764454424811736,1.6291636736656097
C,0.8829864133875513,0.906637316012056
C,0.9299545450028833,1.3203333071571552
C,0.45216469243687507,0.3964429538691535
C,0.38423710488000934,0.9761081762949589
C,0.28672672686996303,0.5829509240725043
C,0.7231580851610114,1.131885617842485
C,0.6765090610170083,1.1538883908314561
C,0.4319274100347046,0.43079925486196735
C,0.6446470458452332,0.8079061029983844
C,0.7194635655566455,0.6750654782583184
C,0.6598014826901522,0.9174917401720964
C,0.46928244643782197,0.6496105086817666
C,0.40127415358500007,0.5788151740814746
C,0.6326831881866061,1.4977664788974347
C,1.0920592013358261,1.4553759435218174
C,0.7282529355164067,0.8075394791228283
C,1.2169071452175275,2.0294794665318125
C,0.9496812866039294,0.5644243598156274
C,0.34347146019574293,0.4708029204286738
C,0.40426214673335176,0.2955245876901983
C,0.7956131099229699,1.296507461805366
C,0.8835884172231117,1.3067667677201291
C,0.3373216214916974,0.9818948137791762
C,0.48772134193042826,0.43033682536716306
C,0.9122919057054081,1.7282475550110465
C,0.80531939476139,1.1329650611454727
C,0.5037303105982489,0.7422901482440298
C,1.163031349100362,1.4588040000051274
C,0.4924581470671512,0.8154168321452442
C,0.7555844373993484,1.1004649724509243
C,0.3802505371375131,0.3387698177780633
C,0.40548111238947393,0.6795974725516252
C,1.0912091689426864,0.923772515536379
C,0.9592923083224084,1.0076547237014046
C,0.5925485305108166,1.197207446032792
C,0.35353449204127235,0.3865227137430493
C,0.40004601322468114,0.44850157923116934
C,0.6047172793098684,0.7455629105328134
C,0.8643754885618956,1.5234816198783738
C,0.9281720341952745,1.2826604451488017
C,0.8216989761595505,1.4352394687161938
C,0.7648965606162549,1.9111858536905717
C,0.9384325094301429,1.5851110792823666
C,0.49918835870509665,0.6655367734410722
C,0.23742965468282493,0.5321362254750932
C,0.811848006350266,0.516329737864811
C,0.35211504972362156,0.1367215452756647
C,0.5318682542350367,0.6575256946701341
C,0.2818303480151632,0.5431123556965892
C,0.30393884429207707,0.8287629417115768
C,0.7449412974208832,2.020027095761771
C,0.5110451540696692,0.6431662613614374
C,0.5169548134230124,0.4472921309325323
C,0.49440054593859045,0.9592186360784668
C,0.664497015104109,1.8935042399594901
C,0.6849093455725012,0.463363127916859
C,0.608710174978277,0.8918718966145911
C,0.3915577365762944,0.9956794437541581
C,0.9726226917419211,1.3551001016665118
C,0.5280766008057286,0.9365208559688482
C,0.4712015915712039,1.5742012231756959
C,0.39597296760489736,0.3282571059555793
C,0.7839711912860682,0.879906012423998
C,0.6634277364318362,1.089456766256349
C,0.5291548949133499,0.8416050296673658
C,0.3779387118676165,0.6120073108017295
C,0.7893966307570224,1.452107022647709
C,0.6226033742117835,0.5739379405634721
C,0.6909112321811014,1.0265787397143522
C,0.3707839886924758,0.612315233706254
C,0.8006999072847433,1.278313099751346
C,0.585558501934496,1.0689814449431023
C,0.589384284942462,0.5910431864715852
C,0.496199538950381,0.3616587040781422
C,0.6617157910215791,2.596980298090741
C,0.5842959364055971,0.6085662259683946
C,0.5053384074636844,0.677615136553409
C,0.6312992518252298,0.6497257076884921
C,1.044044434487301,1.8712547385754155
C,0.4767730608373228,0.7306387413455737
C,0.6619696055897261,1.300945035837096
C,0.7318139696360099,0.1544218828372019
C,1.1812178540052032,1.5089934705015544
C,0.6265006619460863,0.7063053159251359
C,1.4692888811965912,1.0780656931180568
C,0.6487065997425244,0.8684670019306909
C,0.7910808499869418,1.2384683687615448
C,0.5189442016192699,0.5801103585914833
C,0.8643288257476438,1.1401528584885368
C,0.686223693666671,0.6523930653998151
C,0.6683954123837736,0.686918254165825
C,0.6003590628063502,1.3213148866396895
C,1.3199432693945072,1.7150041166912655
C,0.44777867703025304,0.5493477770812897
C,0.6843063322499778,0.8931277613475919
C,1.1149425635951078,1.5088934921301742
C,0.25070047213767677,0.4170786331048587
C,0.3500538164182765,0.8854164615027014
C,0.6844568611838031,1.1420014813618764
C,0.9251501167134454,0.8706434683617917
C,1.0519618082874844,0.8620973155596866
C,0.5869303751577676,0.9658813273241497
C,0.4767238509714183,0.7331595006948461
C,0.414538700888562,1.0122518631472492
C,0.28208969300969666,0.37780146256310665
C,0.7126744500131696,0.8054651962031221
C,1.1005992629691115,0.8582151830607512
C,0.5263532873701865,1.57833764239832
C,0.9211153217784479,1.1505492425143422
C,0.7289245716832408,0.9688354149474346
C,0.3279996499189671,0.6917904945103469
C,0.9790814820486059,0.3264708711055271
C,0.21322862217921437,0.8420596982172961
C,0.768520695231577,0.7502214251922544
C,0.5323294463186625,0.5763269595757763
C,0.6461277507883649,0.673852717358659
C,0.757488850473921,0.672399554688802
C,0.3708541401923571,0.451959786799767
C,0.62797978883536,0.7818458396268011
C,0.7777689075954924,0.9925441457258979
C,0.4723240358198102,0.6924598559047579
C,0.5598541341290615,0.6313544424735037
C,0.6357961011088764,0.8889700143405488
C,0.4015026723987148,1.2550924702249229
C,0.5853799765745094,1.7336817191118106
C,0.8221764067345163,1.161901443829787
C,0.683489710087734,0.5332551844420318
C,0.562206061855021,1.2549809922401496
C,1.266308030839859,2.046420010858855
C,0.6766164062549419,0.954625462622967
C,0.6827093231115121,0.9472258180337767
C,0.7516539129872064,1.2604864381361631
C,0.27309360616837597,0.5103874008653334
C,0.6780343484138449,0.39185261743531635
C,0.8947447195307767,1.0918189482108247
C,0.680107479378994,0.9145556318217879
C,0.6392202898316331,0.6652602532793005
C,0.5292851890357116,0.9124817719553775
C,0.7116092492317455,0.8504177381808617
C,0.7206197036105085,0.9415445077188747
C,0.5666325136867915,0.692118852755123
C,0.41747062317709166,1.6178560557058899
C,0.5866588577140206,1.0329486800180414
C,0.9850679246748545,0.5780193038261072
C,0.5555320679293859,0.5995049784333718
C,0.7508912538326618,1.3324907855781862
C,0.4079720706596886,0.5232917518694427
C,0.4746594922451267,0.39667125766962746
C,0.7395169407208327,0.26929125551316646
C,0.42773144855495987,0.6793716213691401
C,0.6556062340096355,0.9250562490854521
C,0.4816892562178402,1.4025919907097963
C,0.44987215801308866,0.502222912366731
C,0.7313345450137617,1.0984714631729622
C,0.35275205565176193,0.579917858984807
C,0.6226644379760562,0.7021983359079953
C,0.35804659273361483,0.2888250257528894
C,0.6759447504548841,1.557974210274829
C,0.5068261259276775,0.5189979902260222
C,0.9952120902058859,1.4163412786137717
C,0.5809976426470973,0.6288791099805944
C,0.4682997354494637,1.6230982648280903
C,0.29595369381305664,0.5202620551368395
C,1.1983534939225282,0.40699685648517336
C,0.5426101038676558,0.8207343134706594
C,0.48058940497239117,0.7286208471750346
C,0.3500845530804898,0.5581203008346577
C,0.849851419147969,0.6323501922698638
C,0.45761659440184416,0.7161713003908956
C,0.3593942633386427,0.24674269190990164
C,0.39511644059349993,1.8166051472484912
C,0.3870094105520714,0.32410490606393644
C,0.7172364420589236,0.9253564895066978
C,0.7386132078773295,0.9281294493591354
C,0.3480593187902154,0.18882099528369037
C,0.5926487596731544,0.7305048387953723
C,0.35165747760685406,1.0157579396469902
C,0.5212887026551897,0.5320727699477327
C,0.6229077897076896,1.065672425990254
C,1.0405348619670456,0.8854601181354462
C,0.45411891855313213,0.4905851105961278
C,0.3831143562514974,0.9585800833895345
C,0.515851266170596,0.5415479522783767
C,0.4396972854202248,0.32777632693624636
C,0.6278327056595706,0.5221956620102087
C,0.31476290465387846,1.3023719530471873
C,0.930126477463902,0.3855996662225563
C,0.7982089643807371,1.2577597888155985
C,0.7053865252806035,1.0081573207343113
C,0.8435940894399078,1.3058467537657241
C,1.7558952862628814,2.2438145486272902
C,0.9510736300413214,1.1165993673192598
C,0.8433863625014774,0.6791210660063778
C,0.6196188039415322,0.9398932338590288
C,0.49140062607152923,0.9306619433781319
C,0.2736891386936386,0.30479640282526516
C,0.5424935007320031,0.5318783244583357
C,0.4318892799439092,1.2996523066497456
C,0.827554858587176,0.65472277083153
C,0.6289602142666281,0.9182647535253013
C,0.7155997799574746,0.6920661810566987
C,0.7646820014732923,1.6325182820550446
C,0.6880553752030384,1.484146248158472
C,0.5056710109956677,0.2541962660143157
C,0.6940266344043874,0.29130047914428925
C,0.7950202936130418,1.4152930630172016
C,0.7684995980913114,1.1467426522322353
C,0.49571771130337855,0.17426755582879525
C,0.9142339053876289,1.311216155893009
C,0.8624673824039705,1.3241409854473918
C,0.4777430200836136,0.3061934710481913
C,0.6477065997798435,0.5319842755281271
C,0.372577429120482,0.390047286481071
C,0.612298099281252,0.7421149923594305
C,0.7203202581911717,0.9848147888538857
C,0.7608854067975084,0.5806160136872117
C,0.6897358823385706,0.7453840990838682
C,0.5876672337433598,0.5489778239533893
C,1.217955301206708,0.9748739722726567
C,1.005044683408186,1.3257051246800173
C,1.1928353868375892,2.410065159050344
C,0.4334288594065097,0.12456179481307156
C,0.6035102482645597,0.483049423186056
C,0.6484927449238606,1.2601622049065337
C,0.586290737403733,1.0030166747289784
C,0.4832572710624388,0.12609650768002886
C,0.7971285788271443,1.459810984196303
C,0.20734155757065378,0.5325589978112586
C,0.4420042096036545,0.2159909459976048
C,0.49970636497651416,1.0270545463172513
C,0.792549869334275,0.5459029928658377
C,1.2863511537987378,2.24818371682
C,0.8887467118932117,1.43279597192384
C,0.7380430376434991,0.3504251785116605
C,0.6622533903246036,0.670581746161212
C,0.37547949281063275,0.7906416610473307
C,0.5733444608566826,0.08393908033956068
C,1.0486400435553942,1.3561089554148367
C,1.210780335932528,1.3625098475129407
C,0.3665682597618284,0.45238446069420457
C,0.7590518398078298,1.1690739593912187
C,0.7229422558616708,1.6081908306801023
C,0.4249228910729156,0.42066802773351897
C,0.7688681561449555,0.4924159977159884
C,0.6208347180374247,0.3579820097659392
C,1.1025469761698061,1.974290262257741
C,0.35804086880019664,0.6222216848159321
C,0.5912856533808253,0.6556326434916024
C,0.8635911030589405,1.069754828156227
C,0.5774911187623605,0.6873768089065099
C,0.5801429808145251,1.1414946108578625
C,0.2948470561673371,0.3856648073993025
C,0.6032598095915769,1.2216992240484033
C,0.4743948867832627,1.11422102766058
C,0.8101230448998874,1.1220075690147584
C,0.9760494306269258,0.7699840881174582
C,0.36590035144358696,0.08387028657394553
C,0.46997589045465427,1.0169208202551527
C,0.5389603290778648,1.553631202836835
C,0.4544554436885603,0.34757925985999616
C,0.5196249461545023,0.8031926690325608
C,0.668287486274303,0.300622925640999
C,0.5105983894635462,0.5146504915591127
C,0.6030968353566353,0.7089570344130521
C,0.7510093363510099,1.1404462133599305
C,0.5207523142082865,0.8820240774189037
C,0.38216748722609467,1.0415311610467302
C,1.1146106042774104,0.6637135935004732
C,0.611524902427081,1.0912107010080074
C,0.3660010628302724,0.5394398658240562
C,0.6127351644745905,0.44609588535937866
C,0.4775521281575459,1.4580677437469607
C,0.8124585640672661,0.5951764292349657
C,0.8480937635331177,1.5962217668327559
C,0.4924100491140608,0.5474411111299703
C,0.7835312008286259,0.19660317846059297
C,0.33782153135526877,0.4904885073164423
C,0.5609457997707669,1.0632756467833984
C,0.9793223200647532,0.8534901853483648
C,0.5293958709460774,1.0623474940014836
C,0.3155837002055545,0.659998959717619
C,0.6486231213071351,0.8597918731783052
C,1.183399707549538,1.0667856947629932
C,0.28497037233336675,0.5531513169664534
C,0.4840653389529404,0.9080598221291193
C,0.7373612313360766,1.7444908577981058
C,0.6867732845841326,0.9235991055572392
C,0.5536507291131039,1.5323216980760666
C,0.40859523625334604,0.45082774975823753
C,0.8389115222038324,0.5476694903936119
C,0.4622437666736581,0.6529576185357857
C,0.5572396416332481,0.9025750675281958
C,0.34815706123351564,0.5974576840784409
C,0.4457958211622542,0.27180909911663437
C,0.7346774350845512,1.561538912227033
C,0.7456781662824653,1.5392808858117577
C,0.24285709553900958,0.9499196486358797
C,0.33238306666129974,0.13343497190799838
C,0.7993303214431381,0.6784743962050316
C,0.7682758711691782,2.1504064815693464
C,0.7948752385052227,1.2636216020829072
C,0.8232455921110708,1.6007912440197165
C,0.35317764351082176,0.47783522677939816
C,0.5601370283271664,0.6634654388133493
C,0.5781697579911813,0.47156189036596413
C,0.5429184016824022,0.37659123177827775
C,0.4974994894534685,0.6201804879125378
C,0.5372288140835184,0.8137254237673107
C,0.6124446484391161,0.7723777251630961
C,0.4327433469934667,0.44653187217982293
C,0.29946976066442743,0.3711759102539382
C,0.34263098298412553,0.7423960747711073
C,0.7700924300462234,0.7174095476426077
C,0.24938855540046434,0.517716495212039
C,0.7688324784269526,0.5787007742748325
C,1.416137652094812,1.8118749910689114
C,0.47492173632462564,0.2836054711047191
C,0.7226679332790253,0.7221771021596463
C,0.19065831166133396,0.44972801489906944
C,0.5320940956609447,0.8139315383622511
C,0.42422605482071984,0.698136778528938
C,0.6886876245424248,0.7549787776679557
C,0.4789355175827027,0.2331801455108851
C,0.6451027444812355,0.7139783664651534
C,0.60999946757336,1.3321516326162484
C,1.299825777582981,1.083756332659243
C,0.7895440231379376,1.0246535601667432
C,0.25209664799898657,1.13410517411713
C,0.8546041271317106,0.9867655938400908
C,0.3156866229793727,0.65220884007472
C,0.5431619223216544,0.9068082623180214
C,0.711737101479272,0.5479961273049072
C,0.2598888360901787,0.22315782196452444
C,1.1193928937765407,0.8696441717500557
C,0.5192457563052487,1.47456741342768
C,0.7432858933967408,0.8957214647762852
C,0.5003587098588179,0.3209726412201751
C,0.42756427709779077,0.7783810565810251
C,0.35452022431342123,0.7416008185406177
C,0.4974909908760023,0.4451115927461701
C,0.8080056556232976,0.621115817318604
C,0.5405462776591026,0.4211443768320554
C,0.49160088174038674,1.0802809457451383
C,1.0773307324748833,1.4273827473629686
C,0.5131515290026614,0.8110418408926379
C,0.6245121565581107,1.3201747381847644
C,0.6509762529995895,0.783392780397766
C,0.3628014644538696,0.6854373257891373
C,0.9792599750793487,1.7087824424976812
C,0.8310902786860048,2.3001503765477507
C,0.7294983550778735,1.7299506412347736
C,0.7888826981850204,2.473430303166514
C,0.782035728356998,0.5655729010818853
C,0.5001667441185135,0.8380876793918268
C,0.6587940036161815,0.7212974791467435
C,0.6750145975730049,0.6779107281294363
C,0.3243837133975518,0.507541098692724
C,0.813126671400658,0.7864753724200796
C,1.5738686378130777,2.3895697752576925
C,0.426798912602434,0.4408340293359698
C,0.48021589171444456,0.7580751330974868
C,0.5294471506999657,0.7915667986330372
C,0.47963013900316026,1.2309884697465026
C,0.2955446277625853,0.4125459743859258
C,0.5475136220184983,0.5591119897053175
C,0.3279142603975273,0.5523908967460325
C,0.293803503254841,0.5229261361371219
C,1.0151628103581702,0.8059496757317364
C,0.48970364874209604,0.2755585881777276
C,0.4327759925733277,0.23490462707720544
C,1.11560025539194,0.5598822242886541
C,0.6181853526037375,0.37053341505437937
C,0.7457889555700326,1.051500379719656
C,1.0621365283617703,1.0912265737384184
C,0.4942403988403377,0.446832507874733
C,0.566667148241569,0.2917569761386043
C,0.7355259765495419,0.6934619554094291
C,0.845284635622612,0.9280760089786939
C,0.7283981677777029,0.7421854993574809
C,0.5319320041855407,1.4102889769409235
C,0.5010222612352334,0.15700302945001549
C,0.5601732203741365,0.9481050725361349
C,0.6652853109329128,0.8848935472106723
C,0.46484167983715946,0.8684157047698929
C,0.8202112379319733,0.9178185820707329
C,0.4070968822159961,1.2069804799883337
C,0.37346199820877174,0.4768828850416774
C,1.0371883829107482,2.009154788780327
C,1.305640517372954,1.3532950881028
C,0.5857039989395552,1.8019998681314544
C,1.0613554013661481,2.068952040224234
C,0.3149307937961552,1.17525282623863
C,0.3692402947311725,0.689226417555062
C,0.41415690737496563,0.2804302083218271
C,0.6438518250548376,0.8092809721268095
C,0.3235267345161858,0.5245520944163767
C,0.8798738480224941,1.5487267995654175
C,0.47419440429959414,0.23252136158042036
C,0.5456078987570613,0.9817437719608416
C,0.6393054193596384,0.8680556689684092
C,0.8544386768265653,1.7424379739668903
C,0.5626082014299131,0.998994178974271
C,0.43390118274107237,0.7810841332189185
C,1.1279853599529728,0.9916866583256201
C,0.5784668701701634,1.3480194651959412
C,0.3480928799287209,1.0346214047976918
C,0.6892964608397814,0.7678244642094211
C,0.7214034719949465,1.232496642030423
C,0.9171842305612068,0.7707510107690692
C,0.6044145663459257,0.7027035463232179
C,0.982775024679829,1.596311958867133
C,0.6268530108463576,0.7661282801098762
C,0.6359584771634644,0.8280153190080867
C,0.9571798045832,1.256072641618494
C,0.5605804414444538,0.4626126976617696
C,0.6215493908618727,0.5869967894316863
C,0.7102560947013362,1.4552652712513638
C,0.7492225278378297,0.5729370584428111
C,1.3727816721252633,1.5364957704297317
C,0.48319230453439654,0.8810334451330427
C,0.47190777229236935,1.2864658368042539
C,0.5193424266908044,0.24797842058674935
C,0.4679959473645039,0.4011112571878522
C,0.6731356846814007,0.6142291051626437
C,0.6890609328533176,1.5155557150041281
C,0.4164787656341207,0.7075625850709977
C,0.5143859574872021,1.700653274680633
C,0.5859275608268477,0.9428194127032693
C,0.44722795511920244,1.4635849715335947
C,0.5356756709537978,0.5266846616337455
C,0.522213883537934,0.4651378600911423
C,0.2716834013547451,0.4369929371168892
C,0.7335218132028016,0.9727673972544804
C,0.498450788033514,0.24523586991472685
C,0.3623541740455591,1.642515174100803
C,0.8134405922618482,0.9603648947953705
C,0.5251369644298948,0.628737577289046
C,0.6941650783006184,0.8306989744590988
C,0.7016317424185889,0.8582909336212211
C,0.8661322960208038,1.15316482033902
C,0.2764259189916422,0.5007421403418019
C,0.4019594673647919,0.9179878747662739
C,0.3944642403460588,0.40532864375477945
C,0.8820908357530952,0.8283618095939717
C,0.3937501734303662,0.8138653014577314
C,0.47506370399217085,0.2989398704509267
C,0.9559002299181528,1.656851644696442
C,0.5502715972045746,0.6593818070481466
C,0.39681561806921706,0.40856197316733905
C,0.22897023204625488,0.28737928666598633
C,0.7536408159736513,1.9120878538627748
C,0.42128604863115926,0.9027556993159606
C,0.3300281439580995,0.38762252786588886
C,0.8756091465540972,0.6676250638044003
C,0.21998869034345855,0.40195372463788237
C,0.5516256704787943,1.6645793252843066
C,0.7442305174518896,1.5565426408300316
C,1.046322007806691,1.443049130286239
C,0.7721392179126084,0.6029040880932022
C,0.498641421067736,0.4138748354572688
C,0.45499951135032085,1.3309312725264124
C,0.48120121065569577,0.6239672945560875
C,0.8558129726462392,1.4188851427827838
C,0.5399119551720305,0.16432732391223384
C,0.6305161287717819,0.6216814214879106
C,0.48050151487503434,1.214708455505662
C,0.9715636358598423,0.25616214983812147
C,0.6173383061261329,0.62553874338376
C,0.9799012662439541,2.26814508877716
C,0.8124952358740384,0.9427707588114456
C,0.3866019144207804,0.5941572512255012
C,0.5995377712694755,0.6816361276092042
C,0.5834617808623943,0.4788131582029229
C,0.591012610077678,0.47377400368651057
C,0.6255226012658942,0.8125830726510517
C,0.41297729172407416,1.557078828201704
C,1.0793765207486306,1.5865925227079838
C,1.8039073057698773,2.0698411047945524
C,0.506825856834065,0.6001819545759471
C,0.6084637959134825,0.3693919628127443
C,0.7550735898353323,1.2220265880500538
C,0.35971486201320446,0.19201026964818674
C,0.42292138687894903,0.8211631731500965
C,0.8972503260773768,1.3795928776255442
C,0.5176382639976798,0.5608793733731455
C,1.1070973984258463,1.3777350225979443
C,0.3178719479134342,1.183365768225011
C,0.46087543882308063,0.44066941118487946
C,0.4979925697820357,1.3196326566402363
C,0.6983468418161388,0.8191089875801553
C,0.8221933311807221,1.7417397698993122
C,0.4132894273623169,0.23525547050831788
C,0.49692565328036226,0.7014152248800367
C,0.8011960241571255,0.2626200220814705
C,0.6039404215713248,1.1242300072491913
C,0.474969912090166,0.6312281407493955
C,1.9293956882865606,2.174943497057003
C,0.7525839181446536,0.5799432267414797
C,0.9407291444485824,1.1084954819422137
C,0.35099308218421577,0.7925113950145962
C,0.5628496690351393,0.9692583410639767
C,0.26934088642238563,1.2759348578833425
C,0.4415980971333111,1.747626175064648
C,0.22364584094734555,0.8323450712151179
C,0.8492928235398736,0.6846324300906377
C,1.5579619031582512,1.9262609952391185
C,0.897928545784134,0.34435407839265386
C,0.5080992085231395,0.5380464827833621
C,1.2024148831109602,0.9472172097233138
C,0.7459351618326463,0.7800266403943181
C,0.6864090093457694,1.3772351023390352
C,0.5810272854587282,1.3657346594425903
C,0.6591491668778022,0.417684512843432
C,0.5592408120066847,0.5018676461606818
C,0.7895819010890158,1.3371280047036564
C,0.4695105940007626,0.5847847218346391
C,0.25436864866938064,1.3586861868352655
C,0.46895371885489434,0.45207240864846293
C,0.6273606491918753,1.7984785005303952
C,0.32546987016584594,0.6204508912914221
C,0.7955468903638195,1.858092011338665
C,0.3810572581057333,0.4911565188130465
C,0.6334724897979592,0.3785667258286994
C,0.6848858768039418,1.0098779644494695
C,0.7907697333953319,0.46257567747585987
C,0.5580945435973467,0.42519796417776795
C,0.47532010595069907,0.9814008580044844
C,0.45835197593086846,0.443959588058673
C,0.28514591667120315,1.5313501697889782
C,0.6671656311398491,1.3444295168826494
C,1.0231575805485447,0.9775282619571263
C,0.9886618052174309,1.888479093185608
C,1.2499848645194533,1.5139847737247316
C,0.5760097443207408,0.9864900030119997
C,0.6625854608049948,0.9901729163142957
C,0.3745422900854167,0.399495357559019
C,0.4675596396941972,0.8160087007803615
C,0.26049588245159727,0.7231152987136474
C,1.545652114961784,0.37266106518820313
C,0.569285484534883,0.6215213906966705
C,0.8908440443961647,0.6477462217409337
C,0.48158165708879525,0.4402697523063477
C,0.4161069204412884,0.11399968995772587
C,0.7243867121786131,0.8060392942961959
C,0.4596977638189581,0.7537620647537379
C,0.5320350418758488,1.4248405395127146
C,0.4545750758758609,0.8629050205683538
C,0.40772042604768205,1.1628447432310045
C,0.5313351972613074,0.7752162166394219
C,1.1501379494230697,0.8037843057254362
C,1.149024562807436,2.459465842214871
C,0.7897712396715967,0.4332971117676178
C,0.2278767837595846,0.43946485045982536
C,0.39923208390442255,0.7888467825228651
C,0.6546848882675169,1.555760254727883
C,0.5373112724737954,0.4936940726762892
C,0.9370595569989144,1.2329140800766398
C,0.5360570839828177,0.422227819198403
C,0.6759534514727135,0.6640474937857016
C,0.6436397537518119,0.5536372594653287
C,0.6260721076207307,0.4849139354829743
C,0.4387383336325027,0.6231247920895845
C,0.9067660398770002,1.776334355347537
C,0.5970910223081791,0.5433021397075055
C,1.0492224027545785,0.6557996308237231
C,0.2704708488676865,1.306705446150756
C,0.6330897986450453,0.8387927856952612
C,0.3974989760030886,0.40463295738032395
C,0.6408027843249018,1.874463681136528
C,0.5493335688980179,1.1371323596648804
C,0.8909450326835682,0.5288773008083467
C,0.5267179662842542,0.9682530231141481
C,0.578727136317096,0.6401038791786476
C,0.5456050867894916,0.2804719853828391
C,0.7049047114219251,0.475096751532367
C,0.9457096147222545,1.5139568328665476
C,0.3797242873633153,1.0386036523020052
C,0.42044648310503463,0.9014711278450354
C,0.33216592601121914,0.8318372197469043
C,0.6301979273676012,1.1592327351397211
C,1.2707000466962504,1.8161735665192789
C,0.4917731852994955,0.46237427947840853
C,0.29693205592208366,0.352271620937672
C,0.6620596852730607,0.661740696332843
C,0.502076747623103,0.6538724059138982
C,0.7779191770261424,0.9960560335432589
C,0.7510812058810545,0.9265673869164776
C,0.6810774953796592,1.0282744169262128
C,0.8557089662948109,1.4678110413055965
C,0.7523183128245773,0.45725472326217925
C,0.5366480083773104,0.1940363993536508
C,0.9080270813904971,1.1108529612433886
C,0.6717596203672488,1.4387568779547115
C,0.6894780235575769,0.6988245624755361
C,0.6249167018913251,1.6634226683996811
C,0.7799170130658133,0.9761803023846682
C,0.6330594826000568,0.6457089313311335
C,0.7034998700941756,1.3861678733851952
C,0.5911269502712297,1.0608837304804932
C,0.32651373256797905,1.0023621855052658
C,0.6042966134459118,0.6995997516861711
C,0.42653627648069764,0.5401798711698963
C,0.5019543562098181,0.848667472776072
C,1.0307208932240228,2.329764419549232
C,0.5814365877268208,0.44843806147519855
C,0.7195548235777731,0.8900454293586442
C,0.4085476086372972,0.45835635506763034
C,0.5040430345510837,0.6460800612315977
C,1.3509192501009162,1.3595273164215982
C,0.37354828735588563,2.163126086843499
C,0.30852332934873977,1.1889350635103444
C,0.5714026153190593,0.5985666359018856
C,0.5035653728362375,0.9279059546267255
C,0.38749029923989,0.4536921632587507
C,0.7668102385944265,0.8898025300961757
C,0.7757033476250041,2.073270751611486
C,0.5862028274283686,0.5500025618065476
C,0.3253206239837773,0.44471520958822086
C,0.6602330983898544,1.9168379467124106
C,0.5078231151392452,1.264961230847713
C,0.3317294638866871,0.2803715281370644
C,0.5970741446209376,1.2317671075652818
C,0.6161735940546643,0.4434788982756995
C,0.8216758638483179,0.3701861752494849
C,1.0584224554791575,1.3430044669397356
C,0.6580644951667606,0.9683074032283207
C,0.7125184923316332,0.10273774755047378
C,0.4936929674309557,0.46010470817897436
C,0.32131292142622747,0.5436992561963848
C,0.4970722282808961,1.1104882209316378
C,0.930856969164242,0.3854510793653336
C,0.4376967102497956,1.5935978410467335
C,0.4192812047164091,0.48964040174900114
C,0.6263955105522941,1.2295506124643112
C,0.4414292655239926,1.0489052435626567
C,0.7140814666268224,1.3576310820577304
C,0.4060755319244794,0.5470830668209921
C,0.6431900938034498,1.0398894955463258
C,0.5377851920897896,0.9571757760513264
C,0.5383726427464389,0.40074072706957803
C,0.3475194440605543,0.965143350068741
C,0.41618978576631843,0.4308895878839464
C,0.5159140212062433,0.9413437126295959
C,0.6126978557714318,0.6144444828661869
C,0.5179798982905921,1.1126231086635943
C,1.1902800449753286,1.9767872516238643
C,1.386637083288777,1.809787039021427
C,0.5488562566098971,0.6711603741512255
C,0.6271520124961837,0.6110025339511751
C,0.3896063394241114,0.27173197194465853
C,1.3572491401270765,2.377090738104217
C,0.4867511750728959,0.5379666720994294
C,0.8424358639692092,1.290224565734128
C,0.4649139104064683,0.7739594961931267
C,0.5480749021870372,0.7618472843014803
C,0.44235882391977854,0.2619792551893316
C,0.41235844429228874,0.4723780915797597
C,0.7385371442167862,1.230604435656847
C,0.6329167808040458,0.8820654012080277
C,0.8583557322881751,0.5927672023015549
C,0.5336972770002447,0.9657132435852926
C,0.7699412024689134,1.1844481600532666
C,0.6837289753353146,0.9232696409521386
C,0.5427394861227343,0.6245339968890464
C,0.3874642911066055,0.462002214397647
C,0.8397469665165918,1.0585952828305658
C,0.5529226581405986,0.7562697213122606
C,0.5416239551433591,1.051468834013272
C,0.6767326063629644,1.3917614569368009
C,0.5326180979645092,0.5136181350725222
C,0.5176462570010443,0.2737730709971907
C,0.7040594788890023,0.780448163993043
C,0.6418407740607875,0.2368871259524463
C,0.4104888542278799,0.4727860509699766
C,1.1642042012833902,1.0206590580017003
C,0.867087531801384,1.8250482139167288
C,0.43445117576874703,0.24325656495426534
C,0.318703865278937,0.3083693688387271
C,0.4315406915524561,0.4436779257024243
C,1.1163724945696767,1.0685208166444171
C,0.6826332901426259,1.339834068834106
C,0.3047298884234918,0.5609992809893972
C,0.5223851236481557,0.9577081046303751
C,0.5402755486138449,0.880377864631573
C,0.5535139918744159,0.6631946578574107
C,0.6351822275546638,1.196367529795776
C,0.2846073374297268,1.0370579179601644
C,0.5280593522801986,0.6147185371136634
C,0.5837079404676697,0.23709366005997307
C,0.5562255589346263,0.5867379241007198
C,0.8259896887136368,2.1731911650150355
C,0.4465696056178106,0.1588837828476245
C,0.5629363634717008,0.9373715716800254
C,0.3314728319890483,0.45785301826148506
C,0.5112193112485565,0.5336158842990787
C,0.7135180147982991,0.5340931551193201
C,0.28355716590727237,0.6512029675819822
C,0.26705947502652966,0.49408495636683114
C,0.8677594934816969,0.9001921333724858
C,0.6158151374677765,0.693643562592925
C,1.3759881001744905,1.0797035893812645
C,0.6863123335370166,0.9969253029726182
C,0.5517910937367093,0.36101091215900455
C,1.0324993205959516,0.7542209946940536
C,1.1603030929658826,1.3403524289318043
C,0.5673050799711503,1.0014006632990886
C,0.2639623402991003,0.6803571719337569
C,1.2302402378425386,2.2245982623873646
C,0.9479118742648127,0.9442013992299362
C,0.6600289802552658,1.0733673885270798
C,0.5624380657072604,0.42102675976494747
C,0.4605019649642152,0.7012625893421333
C,0.7780621140266003,0.8983108283483918
C,0.254483240403867,0.48016785661810296
C,0.9732888865307125,1.0234604041488087
C,0.3337800278628346,0.9539477657526755
C,0.3658239386457714,0.48517819599091644
C,0.9092636450071729,0.9288099645396091
C,0.530719024163522,0.5233747852220758
C,0.4851515545654711,0.8187511075520529
C,0.6568430362673817,0.7319256170260195
C,0.8782674358058121,1.03570143826272
C,0.42723876177206993,1.07355999729935
C,0.5562643215042962,0.6457753055749338
C,0.3360240400667242,0.4915298225442598
C,0.9928139829814732,1.2131190580075157
C,0.5509801069782228,1.202742200923178
C,0.7180376107862313,0.9073333411816116
C,0.7201761603694004,1.1576168616899771
C,0.33725626042137674,1.085608852810037
C,0.5927942673109607,0.4547380910404007
C,0.3530749924494788,0.32903471424808345
C,0.5784852007018573,0.8007176465411727
C,0.32933920198283656,0.394395584160476
C,1.3616509041480611,1.4550600883572233
C,0.75801749988553,1.5050801243754628
C,0.5010482020454405,0.7518724029487711
C,0.3207634827229444,0.8018316572619534
C,0.5266263993817519,1.0729824936710328
C,0.6824720338919965,0.41855219810545086
C,0.30721480237149085,0.989150057655287
C,0.14948723415334406,0.6215804471744009
C,0.34943058988432074,0.27110091014676363
C,0.33921647197085164,0.49252226905057833
C,1.1382501327099577,1.4849209004857888
C,0.29736208071188375,0.6178906710730566
C,0.8786140295470396,0.8810230299859269
C,0.5912159791531689,0.31103756342890415
C,0.5872964602102672,0.7269311604169323
C,0.6226771365901456,0.5377787166766611
C,0.6293552106174828,1.0678512282731976
C,0.5823348907187965,0.5570535826847182
C,0.8280265280718238,0.5472340119430474
C,0.6683542554078182,0.4603402874297904
C,0.6225419927953911,0.9459867094800589
C,0.3155009949913388,0.993520449449276
C,0.4976468255732204,1.2450098589242908
C,0.953329906133423,1.0974059976188255
C,0.42705528873464615,0.4158797560218426
C,0.8259284132367388,0.48774560143730256
C,0.2722259909222918,0.35502754245496787
C,0.4574774039246028,0.977054676821461
C,0.7116335570528247,0.28177800083839055
C,1.124310259734496,0.7316247524515147
C,0.4123446588357285,0.4066255680725014
C,0.3640274747386276,0.7272610153824212
C,0.40493562241998216,0.5897733784362449
C,0.3842887467135846,0.37738895905708714
C,0.28685819360057374,0.1463444404121974
C,0.6243186531958462,1.3811337479956087
C,0.4009092292785443,0.6231962461675953
C,0.6997968001856758,2.025156400200355
C,0.44405037808034864,1.2514742357522572
C,0.28137600781792804,1.2820864929066556
C,0.8250722535115808,0.836635905906314
C,0.6293606636616269,1.7301806589646935
C,0.47993633942456776,1.370335563248093
C,0.753648028748377,0.5227876142760505
C,0.970824727761729,0.4189163078811695
C,0.7212779739128619,0.755382275171498
C,0.9688611008173295,1.9483639357354532
C,0.8676129603356184,0.4698981924384588
C,0.5626942448987237,0.6238384682854589
C,0.6342830082888206,1.009149443079615
C,0.5408619737158303,0.49966974819028986
C,0.569106434366501,0.400405843921497
C,0.8180277867306466,1.1255830141436047
C,0.6883591694677266,1.0565965265205786
C,0.44931377849884513,0.5244353287008238
C,0.7045039730563918,0.9993933956678703
C,0.4731799210632684,0.8491890483590386
C,0.3433891775260966,0.7616291550112685
C,0.41351843669065114,1.3461388347470844
C,0.3514821118038565,0.3233305068162173
C,0.6227834512531399,0.5244490929203296
C,0.25742759029268547,0.3824239518363453
C,0.5685818135612597,0.8042075381048209
C,0.3800394003919718,0.39646281741951517
C,0.7288882503829801,2.2680095051802303
C,0.5941156654164685,0.8645153091419449
C,0.5467735285177323,0.6481668625895134
C,0.2766627255884718,0.6724090531988222
C,0.8967634183824065,0.2571409482420121
C,0.8425960786715138,0.47197442061834893
C,0.630379349258406,0.22078389100949353
C,0.47890805183541335,0.9130340109115661
C,1.0531359754782212,1.5663370691230099
C,0.3548857906657355,0.5310255713984403
C,0.7645931535217075,1.2944023571313734
C,0.5910396666556039,0.4901659488912778
C,0.6625423070930502,0.8029289956270765
C,0.2809021878393488,0.4954091467623558
C,0.5570407529804469,0.5241480640690054
C,0.5069333782175836,1.0583019161041627
C,0.5458352935067007,0.6966126095852139
C,0.4905181704856037,0.6809054325617543
C,0.37035908246625593,0.7652512189997376
C,0.6539402759067243,1.0764599725400732
C,0.46207672836903213,0.9736620780808647
C,0.5183546898951471,1.0383932861803151
C,0.49487547318952496,0.5959092125531497
C,0.292053619049639,0.30645575584060475
C,0.34225574255354146,0.330124404696577
C,0.6227926789016134,0.693055290916827
C,0.5953783880349738,0.9567297337524767
C,0.8002381446439417,0.8413703076298292
C,0.27104761047442555,0.28500593701336363
C,0.6625062235529677,0.600015431153819
C,0.9539463851486308,0.7701068866987483
C,0.5255370424551707,0.6882452856441567
C,0.4207104759539346,0.4667293133175966
C,0.3210893486732102,0.7849675861205005
C,0.6436056879904646,0.6964970874471202
C,0.41749661344745603,0.19258628849790307
C,0.531940648075128,0.6132901390505724
C,0.6829100763419825,0.556730233784341
C,0.8699178043314646,0.8780443804393079
C,0.4562108984070874,0.48230236526438525
C,0.36823526006306545,1.3299444084402274
C,0.5173161564545341,1.8524243961698947
C,0.7119672477826957,0.6155277902494612
C,0.7513274628779484,0.7704584475405825
C,0.6441511146573762,0.9037089974420157
C,0.5940894344638111,0.4677430001876973
C,0.6967314788888539,0.507262372238588
C,0.3816837544439857,1.223933980134719
C,0.5876372256081194,0.39916769734856367
C,0.3579933958847418,0.7391296728522824
C,0.36034710203662346,0.22824360434342483
C,0.5140766933102227,0.5396225118068345
C,0.4769472736713209,1.4160460910035166
C,0.5062706114420568,0.6161162868035542
C,0.8831358428148954,0.7932234570344224
C,0.6398408095771356,1.2732053131388157
C,0.9248318977954278,1.2526544334378382
C,0.36715207131801275,0.8477332251284075
C,0.8108224522712154,1.1709469004664612
C,0.2027719937309601,0.35486297952370055
C,0.6406135804011541,1.0540256319120342
C,0.42186227016233413,0.7758128679369959
C,0.4181083375194084,1.2197976416464722
C,0.3309559266490074,0.1655101594610625
C,0.5581444944938535,0.4749521592127084
C,0.496879025853256,1.394873885040533
C,0.9964079610452508,0.789168795637798
C,0.6525062805189155,0.5462384492140833
C,1.1219909323205803,1.0826931415990215
C,0.47236118975392366,0.9354537083371278
C,0.8128387978704612,1.5127974882127095
C,0.6255934698068435,1.0371259438960627
C,0.7382594360713052,1.2868557471890352
C,0.5083450283726912,0.6762675773331668
C,0.6314015644302842,2.2071599727104343
C,0.8780969867577256,1.3413465874091977
C,0.652220600344922,1.4063147211964624
C,0.4404124587183408,0.43910802827486217
C,0.4344111420980043,0.6211810317939302
C,0.36551420468443335,0.8179124197265275
C,0.6222451747150689,0.5232182472854228
C,0.7170893740587441,0.7809036212148049
C,0.4349026668503499,0.34778808967222513
C,0.39838225189507986,0.9077806415599105
C,0.5747169095142551,1.3556348794270274
C,0.360000228717874,0.7015406954457482
C,0.38760356200761925,0.5675034023872855
C,0.3739549458344549,0.6413515752135523
C,0.5071305691875135,1.8117631020264562
C,0.4741295036213004,0.42026721315240895
C,0.5406903650361762,1.149021862689544
C,0.6186909334147174,0.9935166210144599
C,0.7876375580307375,0.3648918565010614
C,0.3421803827733444,0.9694753681226527
C,0.24576105136533485,1.2307542064524415
C,0.917513779069673,0.6317804920182979
C,0.7651725594379453,0.3139753648648617
C,0.9130373861902408,1.1560991484916152
C,0.35775779275354663,0.38020392542302917
C,0.5368122775362307,0.9361696192453555
C,0.7319055670969931,0.9968051843527174
C,0.2927734121997116,0.4854986086618584
C,0.5625716369391559,1.0753058379683151
C,0.8463489913449785,1.2372584190289844
C,0.3398233858247064,0.7223699725243704
C,0.9507862209158882,1.7444457218822993
C,0.7849017720058646,0.6725355590128465
C,0.5236001595633513,0.6637153324123926
C,0.37012055168049846,0.48653885416664994
C,0.38540040541459364,0.7720473469991804
C,0.43397882161424034,0.2217749804038635
C,0.6987928520847524,0.6787282806904509
C,0.5998424378603144,0.944607143808752
C,0.4807785141064969,0.2774354123640965
C,0.1851063994187943,0.5184889292810266
C,0.4652174724157474,0.5084413366313671
C,0.2735443024474701,0.5423869253240925
C,0.43480213019532393,0.33898468482953076
C,0.551481082978755,1.3929082346659583
C,0.39351583276813523,0.5356446153271187
C,0.47916935764693735,1.1426343473457743
C,0.43757326151951825,0.6610793840086074
C,0.415242079460992,0.3664509269470459
C,0.43446703246581175,0.5845789491921938
C,0.29559913683032774,0.4304123226304221
C,0.3460628620271545,1.3642440355071797
C,0.663016998084977,0.666729623097821
C,0.8279950681013454,1.322416405789075
C,0.27796970178694536,1.0027158297672505
C,0.5332126004286055,0.43597046858153926
C,0.55914076932319,0.7612715087719023
C,0.893913906579994,0.9585827517124877
C,1.0014048676585707,0.6608822044930629
C,0.5638887419612099,0.9831165922442813
C,0.9727758801095358,1.24566418219432
C,0.3235122892305608,2.0245391539176816
C,0.6862761122387734,0.5272473388516636
C,0.5253078421245827,0.8451748591828829
C,0.6057227962388032,0.43842187384714476
C,0.4350700295338876,0.9439749558626994
C,0.19119760850230982,0.5528404201732985
C,0.5662811499399704,1.0513802132392471
C,0.8354237771344931,1.4231348833530166
C,0.6298404917630556,0.38204479031238214
C,0.43518992130456663,0.47985956684705866
C,0.4614035785881398,0.5986520773533933
C,0.7839530915903774,0.8627954058422987
C,0.5943942212149708,1.6387808835180746
C,0.5695608284543099,0.5248418571557533
C,0.5965461871841004,1.4576879988901361
C,0.9472570910808776,0.610337545440567
C,0.4406755176708798,0.35068310520178875
C,0.7922074807475439,1.5826984026783195
C,0.37280534802892273,0.4205824198246642
C,0.5146738388907088,1.1617326120091382
C,0.5932216509678339,0.6885982607826285
C,0.7414195787778829,1.6190002109081583
C,0.3101290251641146,0.8030249078435865
C,0.3563725310407985,2.0748281187113986
C,0.461369547239976,0.41028397573087866
C,0.44857988627904155,0.8395612360049114
C,1.3398630833118073,1.6475305529569533
C,0.22811409771285113,0.6696268564854158
C,0.8829498599924356,2.067240823932658
C,0.21591278449730184,0.297356013483849
C,0.7200321876022739,0.7425487251437053
C,0.6837693906377283,0.7360027033421246
C,0.6342039836895981,0.5065440716540173
C,0.4032570147553695,1.403483419850846
C,0.5587887603295287,1.1099933368464907
C,0.40525632780325216,0.5234378024217751
C,0.2633092865205271,1.47220866421639
C,0.23499887277015025,1.2618604869946701
C,0.8580281341697528,2.2679516032910363
C,0.5135281642100017,0.540020364231581
C,0.6081730318596097,0.6158301212785756
C,1.0118319359645145,0.502980328151537
C,0.6965406253525234,1.2464494370360537
C,1.004628941379519,0.7670847814172405
C,0.5382959243974009,0.7433952521726518
C,0.7678528222515473,1.354834639232853
C,1.3953229575395971,1.2152453058027666
C,0.3404074105873709,0.49688772619057386
C,0.5064862993822109,0.2799581533033668
C,0.5809626310668496,1.4737443254391949
C,0.30229658490286937,0.5426980845892428
C,0.23443071688943912,1.1689796237614636
C,0.3225937276439275,0.5043023757300402
C,0.5243157971111242,1.380521078926002
C,0.4187816198166072,0.6104208282080908
C,0.7686558516115842,0.7041581891305474
C,0.48520444597678625,0.6397678408333605
C,0.6772228640941094,0.8822998101388555
C,0.8474982142736448,1.4869025647280925
C,0.438520402038632,1.2558139890387343
C,0.4055830308433605,0.3311204806038352
C,0.5850368909229208,1.1518228737470326
C,0.9526684227499844,0.44316367918110544
C,0.8292914085299289,1.1087305133184198
C,0.504599483625194,0.31936325295290785
C,0.6851500260324586,1.2592836411423605
C,0.6208420985313599,0.6362535353626152
C,0.3376535358945858,0.43753801913233215
C,0.663948384464252,0.6738060303367382
C,1.158679503901103,1.0205410186020836
C,1.2456069140110653,1.4764774520179726
C,0.6422903106499154,1.2311896841871401
C,0.47056595070237395,0.7221445689811461
C,0.33678130107603765,0.17336291859271255
C,0.6077864368160005,0.6290830642764538
C,0.5232477706190048,1.0536781212041824
C,0.3689847251412212,0.9494413330688902
C,0.3071125659772703,0.4777687773172598
C,0.5694175157645893,1.2508502319042885
C,0.4064957320250752,0.45642003291041355
C,0.8716572809242068,1.8559093141346295
C,0.7748171888637321,0.5374673429761145
C,0.38984714202938126,0.7134902483456556
C,0.7356415889979896,0.8289276023532923
C,0.3227386668497349,0.8229244235614123
C,0.677454732990961,0.34380814515983016
C,0.6264702846843647,0.944277113431098
C,0.3471618722345747,1.9690972333822687
C,0.8009680855722909,0.8900731096821735
C,1.0349912908585237,1.1193037330453965
C,0.44817924077808957,0.6323629950913657
C,0.6276184280284551,0.6188342638553215
C,0.5311287706317472,0.7107428090472409
C,0.5325375370313253,0.6088310963491951
C,0.9309707023610028,0.7896475613627825
C,0.6857157192804677,1.3362023034220436
C,1.1727617474681094,1.5299990237678367
C,0.287471807714108,0.33057567725488496
C,0.57128063574007,0.18057322192344777
C,0.6635347881731515,0.6895574688021239
C,0.3780491703777334,0.34535017313460703
C,0.4643119931298153,1.009096260177862
C,0.5546252181364961,0.5767703720674621
C,0.4217270722816292,0.23132822457900382
C,0.6188976447709366,0.9871524077464002
C,0.7370939101897777,1.4139396970850568
C,0.40740867718486173,0.7787816142303251
C,0.6595767139444281,0.8192438412131037
C,0.6529552423588312,0.5200763809726922
C,0.7209772863239264,1.125083716633112
C,0.47606922647337396,0.5786620097211514
C,1.0012061101426237,1.2810121231331257
C,0.39417817354384155,0.49655133263871126
C,0.5783500584765235,0.5206542351121191
C,0.39427534729285,0.9276235924426469
C,0.2992936883821607,0.6510111784056
C,0.384884893888215,0.9485957119814362
C,0.5535505995645575,0.6984000754412389
C,0.9342767283420309,0.9869972314785166
C,0.5229616087035093,0.7785365985005933
C,0.7388380051254897,0.7103325859048099
C,0.64460612736553,0.9231629317363201
C,0.8099337897428331,0.6386226716612403
C,0.4926720834359415,1.424378851316968
C,0.9984260500404843,1.2556620260024725
C,0.4677433380531404,0.36389172804216685
C,0.7833061289566705,0.6355084210214856
C,0.4696673812230824,0.2950636315068248
C,0.7559559896715518,0.7985768374845086
C,0.7459457181445434,1.0259703807173373
C,1.0419135270550306,1.3454377320926816
C,0.6456605169874503,1.1549881376478168
C,0.7533720490918745,1.3397893388097322
C,0.3352212156606844,0.5381768357289206
C,0.7373943047961355,0.4957407739396024
C,0.47951327981138775,0.7197066119302258
C,0.5866496136398336,0.32501647617307783
C,0.46577417284449835,0.9501097202840991
C,0.46394082646366264,0.6057501263240765
C,0.28583465190215995,0.776304590619177
C,0.3810174363693877,0.5559833808037455
C,0.8921000872018972,0.7727107142191869
C,0.39689943877338224,0.8980730210817545
C,0.4100124836138516,0.38047236012505814
C,1.253135589998301,2.698501422382782
C,0.5395382814777772,0.3930784306789079
C,0.5100560366525424,0.6992946317753935
C,0.5401220126990774,0.6478566863710836
C,0.7166281607718903,0.8668748633299042
C,0.318002601365076,0.9725171335481853
C,0.6872629378957325,0.693833849598153
C,1.2445947368405503,1.8391027878696329
C,0.5637035657600543,0.40418646347767917
C,0.8977374116585923,1.9151731520781055
C,0.44985805575409543,0.9483173387447845
C,0.3931873504454144,0.6619660979130756
C,0.6738770474125566,1.5139451821426289
C,0.528196718037464,0.6433582370593092
C,0.7177739210960759,0.5276434586520267
C,0.398346136546871,0.3727747417193858
C,0.5842501079021101,1.2857953784610836
C,0.40260395686776074,0.6901483685458529
C,0.7468744931601224,0.39853938175041054
C,0.22866952391495524,1.3091011221199913
C,0.830300938751924,1.1181251029967536
C,0.6705911030977868,0.4711435247367916
C,0.7108552154436468,0.8785577612797102
C,0.6420613414818361,1.0252969093121704
C,0.615060864715338,0.6645229119370778
C,0.6653782002528268,1.7805788051478677
C,0.5182375643125108,0.39493392629685214
C,0.7225592217210379,1.1212394018786702
C,0.6301516933679309,0.9643874689078924
C,0.44900495735329976,0.2711909836818807
C,0.6636692992200355,0.19570463761049003
C,0.6672438801458291,0.8335343390617098
C,0.4447848233380247,1.2116194247248953
C,0.2172098615369747,1.255447344939044
C,0.3480776550203129,0.0483481068724882
C,0.4308763669079786,0.4831543549455161
C,0.7387214332548555,0.7118819990254419
C,0.47576932960951224,0.5059297263620266
C,0.5135429506314537,0.8979714507326515
C,0.6250722409425575,0.9445388230724608
C,0.7701608512039002,0.9597711023876103
C,0.5604970123675886,0.5290301180542706
C,0.25094558553753715,0.8066945368195316
C,1.2551803762425446,2.4902214427359284
C,0.7218029898743229,1.5081863254129797
C,0.48277912131369716,1.0854133136515165
C,0.5390250970901318,0.46410203238356196
C,0.7932846224240303,1.1708222156557748
C,0.6502164745900326,0.8254666224167818
C,0.6221141586707396,0.8249232781257704
C,0.553814675115785,0.5514147165840673
C,0.8769742542081778,1.4879308159311138
C,0.3537333683206749,0.48046674738136447
C,0.4735422250373372,0.3213299725748972
C,0.29493698359159354,0.8411680691367016
C,0.749304779642352,0.5267168696007056
C,0.4043595877716908,0.7561646381495752
C,0.6603866459340347,0.7271666284663119
C,0.38025168054792563,0.27287573147029154
C,1.164056568813815,2.4611934960226733
C,0.5605045253863947,0.1804447877209444
C,0.663151626268557,0.44053604512865224
C,0.4501623339814048,0.6275791863705779
C,0.638839652932049,0.7058949795409976
C,0.9447883182061958,2.3972522987114315
C,1.711395448998859,1.5922766726198994
C,0.4338432432534397,1.320475405407324
C,1.1897217885501445,2.022193674939443
C,0.3737264081343845,0.3358662741111712
C,0.825876451841974,0.47504447749302564
C,0.4939663050565535,1.4170683861539326
C,1.1302312865549213,1.585111707245754
C,0.8741792692518291,0.9450754985409505
C,0.8604361166893275,1.405055460911324
C,0.32606817038694685,0.7934174615731028
C,0.38949264153295504,0.7893280696496996
C,0.6126660285624613,1.2342009584893605
C,0.5195445331795255,0.6836500057022588
C,0.7542404552032158,0.4116491890261382
C,0.5782983921300965,0.5019237754693365
C,0.9799890566572679,1.0529831030582608
C,0.6556196154555111,1.1599121732748519
C,0.5051802067272986,0.6669995662993695
C,0.38438661154225084,0.6467754676503217
C,0.36852157163714283,0.33813579596506
C,1.6875497440735927,1.0499897216149328
C,0.41869932511026525,1.2289291725932137
C,0.33965797786660595,0.35670715033308764
C,0.6172761324264978,0.42652421564830445
C,1.4801018450429306,1.5803106849619912
C,0.5130844655456193,0.869667265322256
C,0.6613362109817776,0.5983284255493225
C,0.6667242869608422,0.9831551582092812
C,0.9099927246730397,1.5873394289301963
C,0.4104626519614534,0.5205175490428867
C,0.5876286814263119,0.9824608664335758
C,0.6072221381287151,1.3251078265937783
C,0.6880301442199174,0.5638517193555127
C,0.27943844289957265,0.48245195652594736
C,0.4437685249460774,0.350093553178516
C,0.2849112342028349,0.47877909124101214
C,0.32899281407938097,0.4961761582787449
C,0.35963050651031275,0.6375543393600468
C,0.41906926477079065,1.5184589002589115
C,0.9776833713312487,1.398821691272128
C,0.7415292986464541,0.6821773356407371
C,0.3886983477723522,1.0651164628749843
C,0.5403620527373904,0.8193927655986248
C,0.672846087163453,0.48097391903992254
C,0.5710401857216052,0.10647018691193363
C,0.8709917243380776,1.3688087683995245
C,0.8353790578026842,0.9052775244528234
C,0.5483539046974776,1.2825177388440316
C,0.3825675033752156,0.6590526520438432
C,0.726208442462079,1.0082892519837716
C,0.42186619636556877,1.2323053191618158
C,0.29612475613213435,0.47755644764030925
C,0.3122591800834978,0.637475735100524
C,0.8932124498075854,0.5449097073654451
C,0.6272274292318982,0.7662925463749114
C,0.39899351711712494,0.3627589672897702
C,0.27398979052286193,0.48365038334185856
C,0.4284932062307213,0.6620500029251616
C,0.3450896625093543,0.33956124272814375
C,0.6460009771535873,0.7009709551590229
C,0.2924889193723551,0.3563342169961604
C,0.45825219417377655,0.8365211787819842
C,1.1652890233654944,1.6112396666435385
C,0.5564105550980036,1.2086538263828328
C,0.41277595615898793,0.5613343656576413
C,1.1574708585078721,0.9253233909883679
C,0.32741750690548976,0.6349939897658526
C,0.38164948274233157,0.4514660883215757
C,0.6625889439426182,1.5340171662082174
C,0.4476578764387928,0.5519065484915289
C,0.5815767128774826,1.0917649296994045
C,0.5717669292787046,0.22267760229514474
C,0.9300048537959656,1.356722418705554
C,0.2934264576329335,0.5624832819300793
C,0.6302697142893031,0.9640950326276938
C,0.6046373154975536,0.7502969543163094
C,0.5887916325365768,0.7923561103679664
C,1.0002359150124902,1.1087859504399917
C,0.43771339397857073,0.5590225556973598
C,0.6438103493072272,0.8051009115398635
C,0.5840238854769038,0.9404173400546176
C,0.6837743578249703,0.7913933607327328
C,0.3426553125823824,0.528456819819579
C,0.3415388965087159,0.7410652565009374
C,0.5113181857901736,0.3873427804543738
C,0.6349503111219701,1.2483963355031635
C,0.7226610880471211,0.9023468469802091
C,0.317551330229634,0.963115244597576
C,0.7431463083864461,0.8887938129345989
C,0.2969712321613353,1.4977434941370864
C,0.1463332000418994,0.40627707369829724
C,0.2820532871268892,1.1457091043784138
C,0.6040796313448117,0.4793000132078013
C,0.8311873496390324,1.1187183690329086
C,0.3930884859155413,0.9030020628688692
C,0.5247697707185556,0.41302592276733696
C,0.5503537980475549,1.006109655672577
C,0.827096889369697,0.9802669954228131
C,0.8142370338160454,1.5760157149409526
C,0.41365104041858347,0.44560360953360684
C,0.3437689583714997,0.3765703277928481
C,0.761553353796554,0.5325086827019307
C,1.461515443527628,2.302720680596159
C,0.34218164315954186,0.9548238696028292
C,0.46504034468229366,0.2778591921917283
C,1.0690708662838657,0.8807952998991186
C,0.8230220374152208,0.7491816507523448
C,0.4932370505334011,0.5689313586382211
C,0.538659557663379,0.8379398982201359
C,0.4127358275148021,0.5940458273703204
C,0.720327704487981,0.6503222128957623
C,0.4924861168099328,0.9120685767267259
C,0.22597519007918798,0.7584225695915424
C,0.6530386563115739,1.1218139557096258
C,0.4314517629148256,0.8721819021602277
C,0.41381479427574747,0.5773362757891236
C,0.5451810343650064,0.604130103325825
C,0.526778667871422,0.49496939042994914
C,0.9539716505660231,0.32673091934981585
C,0.6874696872239716,0.7618886388586239
C,0.2205141016154826,0.7574379573430404
C,1.241636442006063,1.2608911131949678
C,1.0818162184996232,1.1234304353630087
C,0.5567230414290185,0.5243362935839229
C,0.47263099978847334,1.5784586787006472
C,0.8596571200580333,1.0129350665361623
C,1.139802099662671,1.089111121105998
C,0.7472229566292583,0.9813155536208964
C,0.48627228385506854,0.9262558069169028
C,0.5706444654886481,0.5405154552190286
C,0.5405594148519762,0.629951104256082
C,0.832009241584659,0.9658040552507267
C,0.5652922707490162,0.16485406348067677
C,0.4915336905688128,0.6500987409119824
C,0.6519987581611885,1.7304902894892298
C,0.3573256286018222,0.7891489172255421
C,0.6736772985733712,0.7198306008514791
C,0.6149710481465824,1.9028071842192786
C,0.5463902526281579,0.9415303106369253
C,0.5891762477225394,0.37148079528764455
C,0.7710506632728976,1.0899697575095215
C,0.6186032258563912,1.4552566319519336
C,0.9513237935439629,0.9169930264055612
C,0.6401312392046524,0.5180541506656929
C,0.6249038234818203,1.1397762874003077
C,1.2510731917910696,2.6531585094575587
C,0.44232403037727697,0.8652658311727621
C,0.5641295645038182,0.6577697646030553
C,0.46924599532187544,0.9048418955167135
C,0.3700887092481947,0.31345702708171774
C,0.3688999770780851,1.5498528542146597
C,0.7010129979375397,1.0104074295742578
C,0.4907560200648423,0.4070793281871696
C,1.0675468403903055,1.4497969402483328
C,0.8789367328616083,1.0561196051167454
C,0.7407720881117251,0.8431182252393236
C,0.7828216170690055,0.730572016808542
C,0.4500258407168664,0.7379562184862642
C,0.2950421398277266,0.34282358156037485
C,0.7319547043946396,0.6870930351718715
C,0.8513172766540346,1.3372618969710293
C,0.27814330531377784,0.327477313365812
C,0.7364435763298876,0.8413646954406984
C,0.763859109541615,0.7327004927846078
C,0.35907532473351855,1.1938587369721418
C,0.6267683848511084,0.31709299786081485
C,0.5019283509768606,0.8831100705168753
C,0.6104179777144699,0.6936666467554217
C,0.3166021999330114,0.27608926606389034
C,0.6042618851370766,0.716832054370097
C,0.8584968196274543,0.48486808869536024
C,0.8707485721331732,0.6174323580899251
C,0.41978803733717546,0.6820881953698411
C,0.5889382806791598,0.78703740561527
C,1.2253840830250025,0.9625680452658129
C,0.5080283569927279,0.9696747245943232
C,0.4511392404526451,0.923575190725989
C,0.9363096115650473,0.6555633225287237
C,0.6724827703264037,0.5865245538592083
C,0.4808184680276619,0.7112493421095373
C,0.6774554545602308,0.5503296487857021
C,0.5983130101796936,0.6896418582646465
C,0.33458698862062447,0.6094039982302802
C,0.4753485290886161,1.2769242294218313
C,0.8151165166387193,0.4542653523810459
C,0.5182909492479634,0.4274685295285183
C,0.6033690856289814,0.9173923181258057
C,0.42474597813221054,1.207612304152456
C,0.3886700454308917,0.5597158095276868
C,0.9583080378727775,1.9526212855790064
C,0.7424622935981974,0.4340353396226421
C,0.23412196409781916,0.7872468903226411
C,0.9013371317870895,0.8934271198047803
C,0.46122058633479746,0.5482549736290588
C,0.62103564192792,0.2421397588415541
C,1.00264966082344,0.332825964446926
C,0.6136874550821606,0.29995330565993966
C,0.5710236560287583,0.762170904131964
C,0.265949088366229,0.23553966869177564
C,0.761872843116649,1.0613672925759434
C,0.41164854701319414,1.0366663682300798
C,0.2994726388449101,0.6680880533400197
C,0.6790479060487538,1.0867736296584674
C,0.4939823337613056,0.40488606176593556
C,0.6110582482947179,0.16958219299744354
C,0.6929180539300204,0.4216110881823101
C,0.7774498229610542,0.7368306831262805
C,0.2898569933981688,0.6234547600747654
C,0.5315681540918409,0.8127585742201644
C,0.6338963116285954,1.3626011225055046
C,0.5737221050702053,0.5675810779944239
C,0.23095869449597792,0.1295919417545165
C,0.4486011393678133,0.6772183279096398
C,0.2844721054712145,0.877090502705868
C,0.6176932000405895,1.070180988067668
C,0.4752687510951347,0.7651985857048823
C,0.6115341490796176,0.8438119950177096
C,0.6042847638972068,0.8790012357041763
C,0.461560494442465,0.27862263593253217
C,0.3259184110032794,1.229077102637205
C,0.8838109957847828,0.7140608454423669
C,0.8087669748108706,0.5597415794225562
C,0.2693989493739297,0.6389050959331725
C,0.8129324414048715,0.9645398319100756
C,0.2825810582661787,0.3517206290199478
C,0.5535094507140405,0.5096525988933213
C,0.4989914138488634,0.8333913776872348
C,0.6144068769738893,0.3356074129274488
C,0.5047757569285921,1.3358772789770765
C,0.23598888145596356,0.9376475912770903
C,0.5555650847033298,0.8212399097117834
C,0.24902516473587574,0.38101388730375807
C,0.5419282081650925,1.2867541732733043
C,0.5425361878108853,0.7817255375292563
C,0.435829317625174,0.5768669489860837
C,0.5568451704917186,0.3377313890476258
C,0.7592965141657054,0.3132554605497762
C,0.6233567310900633,0.9770864267957555
C,0.40520954553396277,0.9548910222045338
C,0.9819153815397546,0.8481961809716053
C,1.174188503249338,2.533667042501516
C,0.5162835664098404,0.6615205693001285
C,0.43693127274894134,0.34331576419340054
C,0.5715362371818271,0.14645428634652533
C,0.6110159112536631,1.4886704188383473
C,0.4184313385556328,0.5486921642331248
C,0.31154786922455846,0.6840233894626011
C,0.83805750886349,1.1721247355098452
C,0.5684609150491322,0.6208486739916497
C,0.9469653567999919,1.494242992222882
C,1.3555588894979043,1.0155746021607
C,0.3713565787609353,0.775536179287851
C,0.5740697681898139,0.9672438626871956
C,0.4599382347306652,0.9487273587867879
C,0.7147242996802269,1.3851712975170432
C,0.48212455458483033,0.8433496544104356
C,0.5575550427301551,0.3322456333406127
C,0.6754724701829539,0.46302966286374914
C,0.6486932543907246,1.1555334191321007
C,0.4413355176742523,0.8626467579348619
C,0.7116431202470528,1.3744910074830332
C,0.5138685111756173,1.177244308952016
C,0.4772423850622033,0.3653017878733073
C,0.6303273494319485,0.551222248262567
C,0.739500660226266,1.8469562559631407
C,0.5672215272169709,1.1159023214528352
C,0.5857529038294093,0.7364035108928282
C,0.29616398878888184,1.1629179158106935
C,1.261858687616031,1.2855100055270259
C,0.5066210356259749,0.47622611286004685
C,1.112125006518111,1.00232326126126
C,1.0496846041059518,0.7196128147384792
C,0.4054368326622973,0.8767238835351719
C,0.38729165154907663,0.8206578105463912
C,0.9209878863572307,0.861898471352004
C,0.37455519146576177,0.40772264427012805
C,0.5773027613554246,1.0350412145884893
C,1.1143877166086682,1.1273823875912858
C,0.7551865071256427,0.3139137487818921
C,0.2814925646662296,0.7858560305478441
C,0.8942050537651883,1.1168289197409191
C,0.6499634515453947,0.5445912478552426
C,0.32056280227197764,1.0338406303642436
C,0.7283005590914107,1.291100461926006
C,0.6280101292091875,0.5441064854526647
C,0.6202375907222558,0.3466216262178079
C,0.9412735833881366,0.8667596367237302
C,0.7324294852877908,0.3936607019558736
C,0.4278711238103252,0.7468607624865011
C,0.34953678126402354,0.6026999143733028
C,0.29768727278549995,0.612983955172047
C,0.5010063461573782,0.5352364866124505
C,0.5206391365978781,0.7647099599207118
C,0.8482282158738594,0.7233481566956877
C,0.5273605637335821,0.6551203362673568
C,0.6493087916131054,1.0180959198569013
C,0.6629242107846731,1.0299007150326895
C,0.4073393306812446,0.3105622577033395
C,0.35479593122937575,0.29470266836672576
C,0.8845626457946208,1.0554746497446914
C,0.4004716799630275,1.031668279466357
C,0.510325017325643,0.5770682034779443
C,0.49927580519073494,1.2828962158682666
C,0.8879520509913117,1.1405268951540475
C,0.4999191525732358,0.9466583722622302
C,0.32955228439156653,0.9487576608262489
C,0.19639991752155997,0.8536922312262507
C,0.6085102927038873,0.6446902867699079
C,1.0775853357047127,1.6249640327245911
C,0.5150871843258346,1.0630852459920042
C,0.4567045217455555,0.7494555056248897
C,0.5017629065172422,0.6354492808615496
C,0.7885705208705129,1.2074795645581118
C,0.20723160121107545,1.042694375898564
C,0.5548033113193641,1.0708091402578008
C,0.38611759424682063,0.7309642664148271
C,0.3090416636922749,0.9996161397980893
C,0.951675621013311,0.13568893007863125
C,0.6375896158854311,0.7297411359969632
C,0.5351361179622439,0.3033731766290652
C,0.7669953530330558,0.6663964141915335
C,0.6816802107192153,0.3525879031749679
C,0.34877312386534554,0.4208575305802061
C,0.3951633165487661,0.27341247706665145
C,0.7090414454956784,1.4291513786514396
C,0.502281849331344,0.9925523779545605
C,0.9791601488321802,0.8503669517626375
C,0.7573514352815823,0.426795664641059
C,1.0748029879081586,1.5547305390945125
C,0.556918036540466,0.4567623334332043
C,0.7213729034281228,1.6787798834635699
C,0.47580092597203827,0.9538660950267295
C,0.6281334521439205,0.3750277436594993
C,0.4210764693889378,1.0887957490213083
C,0.5896739017549322,0.8138732399439671
C,0.5085368533154715,0.3833437825565604
C,0.5266375530475388,0.9269078244470672
C,0.6429659794045879,0.6535631847116793
C,0.6124349447042376,0.9399875222397949
C,0.5456738574796549,1.158047186470829
C,0.5036027487008852,0.48951001674148725
C,0.8477232471067322,1.0338990022740295
C,0.47437612701660753,0.3592447672566
C,0.450801084498179,0.9827305703484521
C,0.5883543255621974,1.0347276413266921
C,0.19927339776492822,0.7388755499408883
C,0.6144352743983489,0.7296614746964807
C,0.6220837700884051,0.741373830208037
C,0.3032456762769646,0.7673952244660954
C,0.5186064373053011,0.8153691498703742
C,0.8284053365028053,1.240050276383184
C,0.7279394232096171,1.0220995286161925
C,0.2761702875510536,0.5174512596946947
C,0.9035965861809389,1.4253000925203
C,0.45829929794301927,1.1072672140225461
C,0.37414510409388946,1.0323984995207545
C,0.6185429130531084,1.015994575355448
C,0.4624549511329985,0.279411008183672
C,0.13272054781485265,0.4056615309728452
C,1.0887807711734763,1.9489904469578643
C,0.8984667805751116,1.3598670001252398
C,1.3356448994729402,0.23398357294575553
C,0.6558718016177869,0.4515614005909316
C,0.6210398783413996,0.8397660849465277
C,0.7084801701526888,0.6533825603937157
C,0.5920053553469896,1.0703302937939103
C,0.624431514780179,0.5438437198319143
C,0.3149127702220186,0.5657928396531926
C,0.310163744390829,0.6865451258311648
C,0.7628759802930027,1.1584124036612713
C,0.20009200138562463,0.4043163777358774
C,0.5713651629619246,0.6608839260492
C,0.4280559995302539,0.7265286314353009
C,0.3755803981594273,0.7757326779329233
C,0.7700628552198986,1.1556694422899143
C,0.5473578329883384,0.6226111671578555
C,0.7057163521963513,1.0856296796411045
C,0.657356906078576,0.791597601658038
C,0.3143697569830411,0.4494986922027903
C,0.48797920488274704,0.7578012169229628
C,0.8557375160239649,0.2107868668774453
C,0.37831125297854473,1.0502534951291063
C,0.689071100633622,0.5957250398127296
C,0.841912664753133,1.0761917175878601
C,0.8569977849079923,0.2321677682291729
C,0.41159092107873135,0.6799900720859073
C,0.6916766724001988,1.1389518054703638
C,0.4371982976512379,1.3567314378146815
C,0.6042989159436667,1.3865734417841848
C,0.3859090297773838,0.37948277370680994
C,0.756163795075557,0.5208507171766986
C,0.5032939351570326,1.0795020557778143
C,0.7766083334192101,0.7580503474524737
C,0.6222626714932729,0.5882263221132308
C,0.9741406782830747,0.43939831472803553
C,0.7159065501047329,1.15280180865699
C,0.8668596190229689,1.2916360963685947
C,0.6040945105391876,1.2262531265545913
C,0.29599790509976254,1.4127655377677217
C,0.9153880385687732,1.1051285347901454
C,0.5999562393939777,0.8389735210459002
C,0.539970575748036,1.206717271086285
C,0.48456121718840023,0.7985104552460286
C,0.6073755955908495,0.5912846101378365
C,0.5514773646984584,1.071695950646257
C,0.32354990583086074,0.7353655360177894
C,1.4320835552691915,0.577124998339875
C,0.588100899485146,0.930294607132937
C,0.6228432676915723,0.3621828446890158
C,1.0849175616229334,1.7051458894654892
C,0.24475531651555332,0.6635918730814624
C,0.342235304048645,0.29306047558439186
C,0.6147655897504842,0.1676760166262074
C,0.5202631300484689,1.3490820451295078
C,1.1333272597739288,0.9197383270873098
C,1.07531152882599,1.4184307120315158
C,0.46181826458153863,0.6314515135083563
C,0.6517312376798977,1.4829922273870644
C,0.507371703252739,0.43444741055925273
C,0.42522687944017007,0.6635317088584196
C,0.3351521258550882,1.3159961156876132
C,1.0309778888701977,0.7272141145521801
C,0.5183532802925087,0.5189462745432414
C,0.42039798164156406,0.5108243942708744
C,0.6998808208506746,0.610596767773668
C,0.7205113481542699,1.666132737557986
C,0.6012533809277348,0.6563147730040193
C,0.6828595999682279,0.9335328092870014
C,0.421825899979007,0.5879234640124612
C,0.7984905921648647,0.7409702765015441
C,0.4183380755904509,0.6491268317035976
C,0.5408647016812497,0.8307094790886181
C,0.5267618834583523,0.5981030143048677
C,0.41631417674456417,0.2352946029048709
C,0.4825551693600202,1.2726209829328365
C,1.165286689366646,2.3092886913839243
C,0.5927483414508646,1.1921439380327288
C,0.7297958574257274,0.8631709846922002
C,0.3677812950067011,0.433626243239566
C,0.4821957576652983,0.8920469518256736
C,1.0477686535424802,1.946333428972664
C,0.26764380836321505,0.12771886861723394
C,0.6141164791875072,0.9977190916124234
C,0.6962556925264622,0.6001617467842227
C,0.49827512744617036,0.5435568863826001
C,0.18108781716446737,0.7219085611221732
C,0.8453884846939352,0.9746898912606236
C,0.8520342515347998,1.4250421455439142
C,0.6829344622550172,0.9851957409847154
C,0.9409323073337633,0.8242031303532078
C,0.9185322493690932,1.160703207358692
C,0.4635170546499309,0.36799947926418225
C,0.3801382958997208,0.5331263195729827
C,0.4490260649459032,0.8323881581439613
C,0.4477220754215471,0.4899869189315073
C,0.7653535916850225,0.6440816328504403
C,0.3939336069852622,0.6175101558955985
C,0.8129442834006326,1.2199832765005012
C,0.4995131501238236,0.12838789201858303
C,0.46065114814116903,0.258944078279884
C,0.4944220752410058,1.066352433436759
C,0.5620182374956132,0.5027947327053174
C,0.503102088992101,0.2837154427820394
C,0.4914682765816039,0.7016887414737892
C,0.6659639985374481,0.9244280014730067
C,1.0814237331988754,1.0524032576064537
C,0.9967526742406624,1.243153059674589
C,0.2744514461046304,0.7768730643453305
C,0.542330323719812,0.2322013432971272
C,0.9098026241813926,0.3108596779413189
C,0.8491804587576453,1.5128961146689481
C,0.8425478567988952,0.8169063836070871
C,0.37329830534062325,0.6947995515174363
C,1.1844419882402657,1.9024929413400382
C,0.5245939717296644,0.6382439404456707
C,0.357808667505549,0.4049743334756615
C,0.27607963354262965,0.6347223916211695
C,0.7260955076699682,0.5130654647214663
C,0.6386351996236894,0.3602723498080067
C,0.40205079063043303,0.5111174025759836
C,0.454901591634017,0.509418389547377
C,0.5977871774103861,1.4142965301397759
C,0.5242671062019841,1.2909937971803442
C,1.0393602620314346,1.4941938476222687
C,0.6767927784534596,0.849383930137128
C,0.6234844831813104,0.8828466635766383
C,0.44916336492473236,0.805058867103142
C,0.877695637763162,1.5606232684021408
C,0.2968334096956723,0.6347751410036473
C,0.4704466939641715,0.8278140818743395
C,0.3445850669551241,0.2465621249647396
C,0.49396540186809357,0.7375801267259502
C,0.2227787385925385,0.3640015537942197
C,0.6559967407742427,0.7490607099327533
C,0.49195039304460547,0.44515163255971196
C,0.46032625635821484,0.46816078476035294
C,1.0780539952807264,0.7980265361575193
C,0.39956224240046573,0.58923110932867
C,0.11192095838236012,0.27014324159128206
C,0.9014138418266486,0.7800278861070821
C,0.3323228454754615,0.1783306865179669
C,0.6682204345230969,0.33225123515960786
C,0.8211691192208119,1.222718960739953
C,0.5229508850602904,0.360673236063113
C,0.476207415579279,0.5497417448362458
C,0.5519931707690526,0.9861041992074739
C,0.32227609135494356,0.7714133834478597
C,0.2998741828951268,0.8825009349743078
C,0.6400135311783824,1.0711500551449906
C,0.4085329383879696,0.8712664496738937
C,0.4438497384092329,0.3359526025533411
C,0.6168364622289184,1.1896861604977464
C,1.3004645869316815,1.4304103827974342
C,0.7518094619761454,0.7458473360294422
C,0.5303943276986112,0.9305462451196614
C,0.49513570355891035,0.5415543584056857
C,0.5842439456848569,0.7839741756664216
C,0.4387912742764108,0.697684724178623
C,0.1869533879108721,0.30557065351414614
C,0.6565426414945936,0.7379652671294781
C,0.39661624108325,1.2215191620005406
C,0.7511713632713289,0.23422361721146653
C,0.8137229565333608,1.203078487481408
C,0.4708084763178411,0.8114937070879895
C,1.0174130492709412,0.5017068331433003
C,0.5523660814943931,0.4975805492308232
C,0.2294264498496718,0.6818587348691727
C,0.32786494420608336,0.4146026743946485
C,0.5768376618587321,0.8851588516970407
C,0.8409914784024536,1.5566717302178732
C,0.30686434039977,0.4590253973815705
C,0.6657118740804591,0.8324051833635282
C,0.5095298045116272,0.4352750189312568
C,0.3676641943880338,0.41372350580013256
C,0.546269019330878,0.4072826516910213
C,0.4284124043143913,0.8372935500833214
C,0.6023702027700384,0.9773541327350673
C,0.6614188593672666,1.4672678160060006
C,0.9527073362801198,1.4719595147892606
C,0.4935832580675709,0.4746394624429209
C,0.8406663557065286,0.5095256146631252
C,1.2504286468729955,1.574000147185274
C,0.5606105173442566,0.3234910418142068
C,0.8439444560903777,0.93246581941642
C,0.4938189120356572,0.9571941065737113
C,1.2038522605609232,2.3981315640364103
C,0.7727206057236528,1.6769883101807266
C,0.6970646175438491,0.34031307286525186
C,0.68947721567787,0.8421545816332381
C,0.2732428530571592,0.4015775885873514
C,0.6249568039225208,0.5543976883216761
C,0.43921507950543637,0.6563067362106864
C,0.4629934617218979,1.14857784726674
C,0.8111704378727423,1.0264437185918367
C,0.8171401267329533,0.9433749551428805
C,0.33393327633902115,0.5900247206782127
C,0.5018095370704101,1.1103804362700234
C,1.0106316199688796,0.9973839096880824
C,0.41281487762605706,0.7278834933980185
C,0.8079060464368559,0.9324531475556932
C,1.0574964962362783,1.0781320793589098
C,0.5541216096029516,0.6981611001740553
C,0.5983150881130603,0.25161882637745203
C,0.9270551383725605,0.9893284865213398
C,0.9044339097972665,0.513480607410636
C,0.7083901990239411,0.6745331766987143
C,0.7539758549768826,0.3741750204445474
C,0.945650481848985,1.011757424333427
C,0.5952525162256052,0.8333550925260294
C,0.714874103545852,1.9688724167329805
C,1.0320144442977455,1.320947548568171
C,0.34446444136860005,0.8306942520851527
C,0.7428685278818612,1.5545227118574931
C,0.9426613763398027,1.1728132435773162
C,0.6496783817021501,0.6127766131133184
C,0.3693115135228516,1.0115475418056472
C,0.4537608476164296,0.697992296199947
C,0.599155550196219,1.6028943073569777
C,0.3886482290680624,1.115684207189952
C,0.9349456518420616,2.0593841938620674
C,0.6392432063130719,0.43054406856662164
C,0.8428837795273951,0.5243815152734553
C,0.34913475938843497,0.18767317402663042
C,0.6244453469648017,1.1869584573390797
C,0.7324704198637745,1.1430442663270846
C,0.7100457821206342,0.97031524699087
C,0.34992745169210043,0.6426819333023739
C,0.3999670444791778,0.22470850071348103
C,0.30303080162345086,0.8250543625680434
C,0.19904773064176254,0.6377961233800539
C,0.586073588988145,0.6031874632270545
C,0.47167257594826,0.46226176988586176
C,0.41281297859148874,1.0794162982822515
C,0.465285339741371,0.3827300322755237
C,0.4068276543152846,0.359798934574299
C,0.8814390254670852,1.0097538794110146
C,0.49777078457271173,0.832623372986728
C,0.4548914952783183,0.4476851797747327
C,0.671688192946561,0.7812605746567763
C,0.6488395638333538,0.36341664449320943
C,0.5743950814893637,0.4345601254835826
C,0.5320413331534055,0.7928200709393385
C,0.722281872471975,0.389296400805276
C,0.5244386257501709,0.7387329592649101
C,0.571478873865194,0.8466711974756634
C,0.47325324525137297,0.18500652779627194
C,0.6328249759011351,1.0394191846797132
C,0.49787467045006395,0.7549471655610999
C,0.3960724563371759,0.2751505644113743
C,0.577836378082302,0.4144070203929323
C,0.856145586830676,0.694034131626566
C,0.7838021932140614,0.6908244620687372
C,0.5183049151331485,0.8608109506639292
C,0.5176486472024684,0.4274703627090039
C,0.6038719700967615,0.6296761961179699
C,0.27571741537236627,0.7983004909324259
C,0.9407399669802465,0.6563374914856581
C,0.4658648633439803,0.8064991353126741
C,0.5588803231496493,0.9075290547105828
C,0.6110823433644564,0.43931360907691286
C,0.4532883389668702,0.4172736632834808
C,0.20714916570858108,0.7017410752079186
C,0.4545490708938637,0.886518314144589
C,0.2803665117838936,0.5646142111777369
C,0.6869921387943114,1.090033129777277
C,0.6405251950409154,0.3926185329411246
C,0.4816377649220704,0.4275231686364754
C,1.029718233090129,0.8537897091728033
C,0.4457928228339209,1.180507781244148
C,0.6573159853837652,0.560721430758716
C,0.5250264455867869,0.7137285469021228
C,0.5022630727304981,0.7885778644922695
C,0.7566475013101687,0.7643147316069645
C,0.7376285512422245,0.6230978696090342
C,0.5292797555482223,0.4914546033213172
C,0.8236458011379648,0.7960151970297625
C,0.6609498023325031,0.16249223960902456
C,0.37363872618762173,0.35303878065326433
C,0.47087701972611173,1.0570367017758246
C,0.6025893141147561,0.5364953779222634
C,0.42683771163203793,0.04421889743702061
C,0.7659676744528457,0.40263519753998445
C,0.3876990164360913,0.6875369396657467
C,0.8880035955888422,1.5043433973441087
C,0.637575112422463,0.5565557844866622
C,0.5712071332288398,0.4890845329630016
C,0.3971106164731463,1.2736616875125266
C,0.7749595073603353,1.7190098516001175
C,0.5973795608174355,0.986879400530176
C,0.8044093758397283,0.44705305351715835
C,0.7378973866519811,0.6760760481763387
C,0.4574447158558477,0.8167664135892386
C,0.47748619473403087,0.5374432301849378
C,0.3478119766563086,0.22868263414622594
C,0.5370427917899911,0.7006821534336599
C,0.5519650941573945,0.2877976416668591
C,0.6623910800403812,0.9349788820569106
C,0.4960607062161035,0.5174438287108446
C,0.4266695446450187,0.6559482000777541
C,0.6510347980751877,0.3798349143365044
C,0.303754710010899,0.3810236321537422
C,0.7149351971678131,0.3452243076874563
C,0.40779328754246713,0.8739263594648098
C,0.7670578230335999,0.7360337035727954
C,0.4400752249593509,0.5283017168750055
C,0.4241888502524878,0.8474490250264891
C,0.5616672721669701,0.5706411683309814
C,0.22396982431204532,0.5181862765043189
C,0.27442924124085794,0.7537278018405335
C,0.33063710575320265,0.8173173638138802
C,1.0079481778364194,0.588436546087776
C,0.48959882937791,0.8772861085387961
C,0.39145800295541405,0.25936275196474257
C,0.49910231630437635,0.6501028882565245
C,1.2479727744487703,0.45547329910712114
C,0.8349386927062314,0.5919984894342422
C,0.3679254610995352,0.699855211299789
C,0.4962609380916507,0.5139052866445867
C,0.43404905892531387,0.9729702033686937
C,0.30131123838685203,0.4021099736296134
C,0.5431543991125592,0.9752274743684253
C,0.45739871020950545,0.35888740676199415
C,0.40249311999841714,0.3309224683615528
C,0.7060707913445348,0.07330179930982912
C,0.815456414058234,1.2631050153443577
C,0.49265293254632425,0.4771313078594177
C,1.020756131150918,1.1126326504335395
C,0.31442657604015306,0.2331612478581453
C,0.5833232569269476,0.9147701125268255
C,0.915907935626898,1.2675251279421673
C,0.7477768932560231,0.5222402236225968
C,0.6465760557484183,1.114500889077094
C,0.7094786451904085,1.1532362270058432
C,0.3613366039902479,1.0481943048599078
C,1.0509045165988842,0.32522407128172365
C,0.9343149032793757,0.9213162792943521
C,0.4580667507142037,0.5843111326036787
C,0.5490295812687478,0.7650176996247817
C,0.46491170942944715,0.2709114370658634
C,0.41497533940555525,0.42089819792734645
C,0.47248683574462974,0.7269604927345046
C,1.0058639113288153,0.9307342445672672
C,0.44772584034396046,0.5987833193249756
C,0.25452838457200644,1.5070292793786357
C,0.20730011179565813,0.6246031578856068
C,0.8580817230126232,1.412070463394617
C,0.38124793331048207,0.47240349555429323
C,0.5434247448304599,0.82903016047487
C,0.7084644580398903,0.6559873342037105
C,0.6657056148570691,2.0017692421511533
C,0.3844070616734837,0.5345586266414009
C,0.44631514726560007,0.22368991618369435
C,0.9628380783095244,1.598306094646278
C,1.0019076715837112,0.7990758234041004
C,0.7268844903953323,0.5022680288558785
C,0.27844222210799874,1.0427097972470372
C,0.45125233545132504,0.9742727022201166
C,0.3311185922085922,1.1672873839556774
C,0.446413437505529,0.5293626506200303
C,0.45185794805196217,0.8957894284492259
C,0.7626977235288139,0.4404606335841413
C,0.7194476395338717,0.7418776221615178
C,0.43483684204478795,0.40350888402256213
C,0.49096242280626035,1.1323834881231196
C,0.2882534237339818,0.6494112454825851
C,0.6062975027538415,0.5771215753386638
C,0.7591401683693887,1.5289535806973449
C,0.46415529085901586,0.637247642034323
C,0.8428354455817066,1.3614271418251038
C,0.3235964989365855,0.6800171082006994
C,0.740570052405168,0.9874155181113197
C,0.3361994604058798,0.613653663069823
C,0.6456866904937442,0.3827969272397089
C,0.42549531408879293,0.857106735879399
C,0.34605329725374895,0.9180103829125641
C,0.7606766229766757,0.2802339330678906
C,0.5484828601545833,0.3526912558010661
C,0.47604433364219845,0.5211536460516707
C,0.6121832507234236,0.8272102865774359
C,0.8158385044435698,0.7952025389534351
C,0.5604389323105077,1.323164082309608
C,1.2736419731376278,2.440004091703173
C,0.4780521344156856,0.6711247576799091
C,1.0033304473324354,0.7670097214351136
C,0.3117717671632337,0.8552602154881097
C,0.40849864395121555,0.3302987695157858
C,0.48440269658727314,0.9876595492266625
C,0.39073977138545224,0.4568873978203641
C,0.5152701861746467,0.7699453076214208
C,0.4767377301512595,1.3823692825676697
C,0.5118922225952585,0.31545076708580916
C,0.6427284784094075,1.0225856133076257
C,0.39321486456249677,0.5068372374009201
C,0.21536848198343372,0.4487428647381396
C,0.3106558070341794,0.0679763923988472
C,0.71768959813588,0.5491774269490729
C,0.5599205964737317,0.42943471818096596
C,0.3249328295971344,0.5761690141789625
C,0.34862232768938,0.3262180641365538
C,0.7329569216385893,0.39658426392873375
C,0.393325460413677,0.8448486770897227
C,0.4408962812081007,0.7279260009208081
C,0.5473444270357259,0.3025383323856239
C,0.42317355090784414,0.6127240670799469
C,0.42302271658132085,0.9615064087293617
C,0.5808311897217265,0.21647484369656786
C,0.4538579603817763,0.5805801609419149
C,0.5852810083005119,0.9447523960208108
C,0.6492327037290068,0.5816132102292002
C,0.7770521896122649,0.8924639918440423
C,0.7615177087228089,0.5361190994623345
C,1.1381103310297986,1.706836666336842
C,0.6835063209665463,0.4555847989413919
C,0.979880250749522,0.6957677946196063
C,0.5197545668449609,0.8963271381015367
C,0.2842784850553718,0.155440250200615
C,0.8119107485042828,0.6729122333559037
C,0.9518232042361764,1.5606336467312985
C,0.5321106362511221,0.7717823119828052
C,0.6920897429679785,0.5868228088223794
C,0.4374358110215365,0.6448808003536803
C,0.5012181439416223,1.0380435611260082
C,0.3816431451911783,0.763912385310109
C,0.6012321854315826,0.3123373370502969
C,0.42750950025300627,0.3607112893989871
C,0.21136915874226098,0.3276689073442069
C,0.6188983019799728,0.8271735756777869
C,0.5849163415342932,1.0122318964573196
C,0.6230424863775584,0.9585022019187239
C,0.4543931060438418,1.120584490068116
C,0.47366992595155843,0.9149346724967031
C,0.5379673615120545,1.1230213035903598
C,0.6534388840462151,0.4837627516019044
C,0.9091965871526976,0.9683073446267401
C,0.7655737432853523,0.7975629065542403
C,0.40278651229083695,0.2724268499336633
C,0.4334721773677753,0.21422832496775254
C,0.6041229739582018,0.6104420830007293
C,0.3895924698739942,0.4382278942459863
C,0.3892382087226702,0.34755389043651574
C,0.42864396350080375,0.45659379221614976
C,0.6264329816834895,0.7754059521773818
C,0.5513315831109491,1.157293356193673
C,0.4994031794586597,1.2210952947362668
C,0.3822558392314512,0.3255102178087177
C,0.872008347415986,1.2435637386159022
C,0.5889459865706612,0.36510986503850296
C,0.5716836002753058,0.6622373719540185
C,0.8761708598705948,0.9093860675055762
C,1.0240791169740768,0.8950106310720451
C,0.1973204291013284,0.6614258293781278
C,0.7489984543413023,1.5905128414230993
C,0.5872348637578939,0.7894041821426129
C,0.36400414322170316,0.5004275805818031
C,1.667189504723859,1.8824862667789182
C,0.5126174659696172,1.1101900094065467
C,0.5317486320280991,0.4895224407561509
C,0.5499240751069903,0.22681514570719058
C,0.3957844566014419,0.8957776914929917
C,0.49031745924848436,0.6513331460743824
C,0.3088632078803843,0.6696927290072553
C,0.588106865231933,0.5923041617634164
C,0.6965750672626615,0.5034118104674729
C,0.7685154829280966,1.305786138561563
C,0.6402910478171736,1.823301346670061
C,0.5544479296638187,0.43928370206569306
C,0.7113453335736106,0.2068990114756707
C,0.5198584232825809,0.502820282732902
C,0.315708245344787,0.7852056913853366
C,0.6007593615622105,0.18367691792323002
C,0.5571103239006192,0.729679239934149
C,0.7407456723540293,1.3060634909577724
C,0.7553120104327533,1.0663865215558375
C,0.7938334298571468,0.8427461167035031
C,0.7304800167162683,1.5525737311003531
C,0.505996987036744,1.677212412599283
C,0.2536208911230588,0.5117980310966445
C,0.3655379216517759,0.7599210872519914
C,0.544865008229066,0.5985006764683801
C,0.8811125078546155,0.2535549342653679
C,1.0816257460572176,0.8234848201647462
C,0.2301414094379881,0.42638243699242867
C,0.5672384332467921,0.7417335060339395
C,0.5163746366211883,0.45666106210823326
C,0.23630323821999194,0.5067236507116082
C,0.7069855129811352,0.6211054918279013
C,0.46754752667075916,0.6768489055784389
C,0.5231050200565516,0.4656794710352164
C,0.4013640801274752,0.5363674546811136
C,0.5794049192779738,0.9957315750232394
C,0.7845726953982787,0.42759439676632677
C,0.9450722566144936,0.7518798374696035
C,0.8800087074012538,0.6852551082579047
C,0.6005924091357785,0.19707388911462412
C,0.5513485066998957,0.7189074441723068
C,0.4655887344128804,0.8537627083388272
C,0.9013286365735911,1.952389863291721
C,0.5197184490809286,0.886336571414527
C,0.8624416716883432,0.16951606452147
C,0.9313948855652441,0.633413225925296
C,0.5644369409390367,0.28838325815235694
C,0.9587889167946035,1.2053545369029324
C,0.7634675259293412,0.46302979262519783
C,0.30440690549388416,0.966765481406305
C,0.544134167191078,0.633574921322302
C,0.4844090059927528,0.8648061182018527
C,0.8383470972290855,0.8797216410912969
C,0.5063951534811634,0.615818123987349
C,0.4940625277050391,0.3516176514335559
C,1.1432975383935868,1.2522193777618171
C,0.43012051054644834,1.086136138138978
C,0.7162422615458246,0.6757036462390105
C,0.8021381767514828,1.3149139810934327
C,1.1280913282882028,1.0165870300995021
C,0.5756104001261999,0.22999577974375057
C,1.0200311716523862,0.7826663278970205
C,0.16953959204601052,0.6151959197200529
C,0.47590247003342195,0.8989619879459735
C,0.43293395491776204,0.3825956310223475
C,0.5425933675065221,1.2907768796477108
C,0.93650544130382,0.6718495684998433
C,0.5275068294091475,0.5201930218199763
C,0.8447825294150437,1.484507224530982
C,0.4463006588283203,0.8027551999029714
C,0.7400970081350986,0.8261685248123047
C,0.6325630454121851,0.640073103927971
C,0.5436233030719494,1.0549251657687702
C,0.2746942570313568,0.8908750202447029
C,0.7380077052612819,0.5321639245939433
C,1.1913219554276768,1.1430577583685624
C,0.42979287141583444,0.49242246478348406
C,1.0250571947208653,0.5581254222104391
C,0.5294217690196068,1.001980294783634
C,0.4418217614278294,0.8286617793118953
C,0.3988381260742058,0.5501995480763999
C,0.5528635514054512,0.7016559645913785
C,0.675067322979641,1.8524975122548037
C,0.6370842205248123,1.1046447930546563
C,0.8512255208819828,1.3863391994736496
C,0.5624992527970055,0.22350223683196524
C,0.5173427104102161,0.4019164287962718
C,0.6603724801630007,0.6824675202843201
C,0.8650524265242656,0.671814865486918
C,0.40160493976674627,0.32843434322870485
C,0.5076214306566331,0.3019404393451856
C,0.5678808796848058,0.896196531926768
C,0.662279063743259,0.7246944478118614
C,1.5365586380183323,1.3270543488360564
C,0.630061654018558,0.8031470780880033
C,0.4045656422911867,1.0142869661953313
C,0.29322286000981806,0.42087606339341604
C,1.078547681530528,1.3899117259523377
C,0.506528862372715,0.424887856684562
C,0.8025001428138004,1.3335674108248112
C,0.7956638644706416,0.7570533654285242
C,0.6542993009866044,1.436151149494512
C,0.42257536547427815,0.21488165752231167
C,0.4020505730617196,0.3858419402463877
C,0.6395631583548363,0.4853336758261523
C,0.5416631905374729,0.34119320312104634
C,0.9714614233453205,1.1316332013337396
C,0.9165505753615315,0.36035705790877076
C,0.7186389964706777,0.6260320474654497
C,0.9296203285224095,1.1369165370417105
C,0.6709503429971483,1.1527233184379229
C,0.46805841867151987,1.1783348201682824
C,0.20976073015250485,0.41538196374531683
C,0.5388857809473111,0.9717891325277719
C,0.8620046380593713,1.66214575432323
C,0.6684744988867286,0.8360467815237838
C,0.23743001278218898,0.6352513301045298
C,0.6892551640543563,1.2780894749167042
C,1.0960706006816365,0.6160874007468597
C,0.6550579815412829,0.874594829828137
C,0.4859987354366254,0.4058358951990358
C,0.8166816906826657,0.9106020883194541
C,0.43137429648318654,0.2779138436357254
C,0.5051795953139167,0.3012414827428613
C,0.7147942252251784,0.7797785405296722
C,0.9854065733537495,1.4466416318418416
C,0.5869653984846509,0.884722837930626
C,0.3109957298121692,0.8278783105170402
C,0.5554834364889722,0.3998042987899595
C,0.8104020987957133,1.0947197373692727
C,0.4327256564021426,0.3811180366125594
C,0.4729005964350836,0.7180714266448043
C,0.3926549554940723,0.37857888545941565
C,1.1191317779414367,1.1784055642108933
C,0.9206971440871404,0.7179388714644426
C,0.20005264214450091,0.7725221152135563
C,0.5798420850738114,1.07214813676829
C,1.3273326802672385,1.4153039834038317
C,0.3449380178636396,0.7943406990014085
C,0.6270646740036168,0.37256823914456816
C,0.931372146500322,0.3672101094609144
C,0.4678194136997217,0.7215711056220646
C,0.6429045452286215,0.21460415299076446
C,0.37946815165392295,0.7314230846894628
C,0.4196029212206136,0.7826513668936097
C,0.3663640783157516,0.4689791727634267
C,0.11104260849058675,1.0886109906042756
C,0.970490622371993,1.318234346065597
C,0.34458491793305257,0.32342629357553215
C,0.38002373827553887,0.7055490956609488
C,0.6395771316008715,0.7172825006197107
C,0.8070175879019378,1.0570633720725915
C,0.44349474478583567,0.6149114116764838
C,0.7196716624217828,1.4520294879979172
C,0.5217972568122996,0.4418529153203935
C,0.41482712734248856,0.36075472486257576
C,0.666011049539408,0.7436409922750277
C,0.4527792129324251,0.8923488632332338
C,0.7761888810483593,1.2375203562616306
C,0.9006561350863497,0.3394655850073815
C,0.8009072789535663,0.7336025365614508
C,0.649299444197487,0.6605031614979903
C,0.7762055217067744,0.921584090494452
C,0.9767344407918982,0.4906377408969158
C,0.6543535926095859,0.48756788017913744
C,0.6002984924671545,0.737747025384713
C,0.5462198492091825,0.7052451496118761
C,0.5181425635846089,0.9507254812672414
C,0.7800316724180948,0.4589452451994687
C,0.3706534543930119,0.4082727771856073
C,0.5406078877374176,1.2130534408349103
C,0.5733105176827072,1.3123739481822416
C,0.9198764689545208,0.45989599384947333
C,0.576867961109174,0.4002014638897392
C,0.4264859963814627,0.36153022570822657
C,0.4225990497260347,1.023770021714384
C,1.3132141897116942,0.937421785796579
C,0.4819475634028294,0.7216636821280484
C,0.5331561832245741,0.9966743411961902
C,0.6284554412016038,0.30870304997365866
C,1.3342311641484326,0.8884154908380875
C,0.8583159534652974,1.3557168526102463
C,0.6487383761661453,0.84149789462012
C,0.3516513578978309,0.701132866563553
C,0.5751427886165599,1.3388611431416866
C,0.4513845587293089,0.5699595871253348
C,0.4960631166586864,0.47314095235918446
C,0.37209446468834784,1.1513891963249387
C,0.7046870164106163,0.6501019797237367
C,0.4632862415616046,0.6072456893147826
C,0.7334715080176007,1.1544259427269727
C,0.9295270337425879,0.8745492599227946
C,0.5544898087069245,1.9396513197323046
C,0.8551862374708572,0.4369432877924074
C,0.8752743290354347,0.670610753162069
C,0.8609904664497916,1.0535651756401263
C,0.4675125798805307,0.5890258421925264
C,0.8985668402862282,1.0794362443201213
C,0.5021603052625989,1.430834347253532
C,0.4609357416348797,1.0523724179108462
C,0.6889350225398317,0.5591977294782056
C,0.4076953199445213,1.1088738624351244
C,0.857929993714019,0.8786813147397885
C,0.3820519294341663,1.394350790374763
C,0.306399575349335,0.8344902861988921
C,1.017873216705671,1.9177038084327345
C,0.7183306817599855,0.5121331401978215
C,0.7000384071218241,1.1731833729131549
C,0.4247285481550762,0.4701625463078459
C,0.8579587316266238,1.1033949854355949
C,0.37792958526884035,0.4740838342096562
C,0.34133498915062294,0.7710969763111973
C,0.5301051577122368,0.8642804028593692
C,0.6361750170394047,0.9789191992219425
C,0.674160647502929,0.789617212018712
C,0.5176527973407931,0.5805077481550067
C,0.4833363600298023,0.5458654476239888
C,0.7285928222388408,0.5481562566767978
C,0.15904811945124986,0.26703377620174257
C,0.4045366697497579,1.3888815912604298
C,1.2461810179859574,1.0397354085791966
C,0.30519700248558346,0.7422977973614713
C,0.302326510026131,0.356708426330918
C,0.3706312913812102,0.6623033491812119
C,0.5246584499269857,0.23908988153100305
C,0.8144168115924612,0.9013501765098249
C,0.535275879469922,1.0788413923581606
C,0.864736437767878,0.330632307088975
C,0.7235379460238022,0.4107237690832835
C,0.643644449196081,0.5966233348190236
C,0.6997674077629552,1.3453320467835668
C,0.25931175699390163,0.5330084308499402
C,0.7471331725484455,0.2692825945540913
C,0.43823821688050835,0.7439257867506801
C,0.5906563654776922,0.37843648105431654
C,0.5412807788254583,1.036234379636957
C,0.5508240420582223,0.7303282200884416
C,0.6485053313778864,1.706468538401335
C,0.44721915966590237,0.915622318313505
C,0.28875055428671675,0.583693480172874
C,0.6259151683836721,0.48729656075971106
C,0.5279651653529593,1.0900041619849061
C,0.9477642498546416,1.6938143244058563
C,0.6389142430879997,1.4437900416419116
C,0.6718570952506854,0.2145297483799349
C,0.6812930453883681,0.6745003155544083
C,0.35050708711305467,0.6914965851004637
C,0.6200010929276897,0.6833873912725611
C,0.2536721600305768,0.8829584880903308
C,0.9956150663482761,0.9932286758896489
C,0.487260503713708,0.21366556292698063
C,0.7142238531140511,0.49572369978011466
C,0.32489664278165137,0.6339117690203069
C,0.49103443893689536,1.0907080658613901
C,0.5516630951037358,0.7401393085659717
C,0.9159696240750512,1.026827015833124
C,0.29614644516941796,1.2660534052469805
C,0.36637354777351994,0.864380121442716
C,0.5174260873396141,0.9308012567212663
C,0.9294028066389497,1.1888628832291683
C,0.6543737305358484,0.8771067495088631
C,0.7061714965513121,0.8225901862288963
C,0.17374423865557886,0.3899965188162618
C,1.2056576058889326,1.7143861640735159
C,1.2075552721157774,2.1840799284232846
C,0.6132922324511818,1.530881320989278
C,0.24374111945666327,0.2758408493664656
C,0.9738613525054033,1.1457881383130128
C,0.5957492358366868,1.736842287655155
C,0.8623921950444436,0.5057102393734687
C,0.7852052189200022,0.8199927913935218
C,0.3747614375505362,0.27394966043098345
C,0.5743851780263474,0.5001349116299093
C,0.982144892501549,0.5670432695516787
C,0.7253319187614398,0.9667162608342375
C,0.1917379939090809,0.6530034636283572
C,0.675878793543087,0.5363786644727538
C,0.8243138733327056,1.3167303311097525
C,0.39820995647786206,0.21114545568266616
C,1.124528361911341,1.7358951332132964
C,0.7875503790575225,1.2964338697921445
C,0.6500940670923255,0.5660049752956088
C,0.9093887251073983,0.7794204042611198
C,0.7621741019227737,0.1897628916000583
C,0.34427171805877144,0.8940842363664119
C,0.7809313338713206,0.9203110947307602
C,1.1311052843280416,0.9479185424118052
C,0.41638418736170163,0.516343005790301
C,0.33109224838149737,0.8068686754691531
C,0.5856803354583103,0.6152663087481206
C,0.5096938646662069,0.483527497889228
C,1.2627217616544688,2.2488049429322756
C,0.6415454322050314,1.288580992455584
C,1.055198530263229,1.2841927853039614
C,0.6392510532273248,1.5885992703453868
C,0.4369501450254931,1.1135752511929387
C,0.606204509965184,0.5983289480202675
C,1.1393378925496866,0.6926127740156628
C,0.3057331021970068,0.16353498264806127
C,0.38344237507789836,1.0095672530440736
C,0.7879659187844342,0.4936836597258337
C,0.793663514950986,0.7283472023725431
C,0.6697576781632184,0.5062062608822842
C,0.8426392202037122,0.5806251072089735
C,0.6003038212735428,0.491402201929751
C,0.5338843609518192,0.46145671284749507
C,0.3511938249738204,0.6414239685038293
C,0.6480152598220912,1.0858744079802
C,0.8296197672782162,0.7993662611751344
C,1.416699105244516,1.7914918662669668
C,0.5752754276672147,0.4847162374710739
C,0.5980686665022443,0.49759143172705084
C,0.4714537080568924,0.797804931043523
C,0.5285384857623767,0.2332254288722386
C,0.6382607261165307,1.3060156640867078
C,0.34784477687673415,0.4397861757226146
C,0.22190734593038977,0.31097861622556305
C,0.6015904349272085,1.0898732213900022
C,0.2813327756563916,0.2815755703974305
C,1.1188008318898688,1.5329244203116874
C,0.8713707287696686,0.6203996777427052
C,0.4634028371856305,1.7474762538126685
C,0.5497364180221933,0.2560071055857812
C,0.4568632845926194,0.7294368505445802
C,0.5059999967000363,0.9376852477330061
C,0.5388570421674177,1.3351447022317953
C,0.6489259540326698,0.6565291922501586
C,0.9649510444825461,2.2152330376642118
C,0.5671209700777473,0.9497830433160414
C,0.3277281172770326,0.6288242447622504
C,0.5398945006865233,0.2492923620087091
C,0.34598961653276394,0.6971593143332635
C,1.1154182164456992,0.7503918652799787
C,1.040232052623118,0.8950569183560606
C,0.3478000401568401,0.9417037434620747
C,0.40918606268179486,0.2507154347258024
C,0.5105815234967902,1.4454231369855348
C,0.43251951214355927,1.2320455338006135
C,0.3690422002728823,0.9220431502252351
C,0.522648834685779,0.5471323541716377
C,0.6222041566551578,0.6120067213102234
C,0.37475622823421856,0.5152439320775433
C,0.5416871281159784,0.6626499125671435
C,0.7977937196156233,0.5863079742627114
C,0.7344921377612854,1.0766439364514264
C,0.585162688820334,0.5862984932677621
C,0.6249192362453594,0.6082007011960444
C,0.5743144503618612,0.28226975297365076
C,0.4373897176802337,0.28328908194662034
C,0.3144211052516034,0.38769721787846256
C,0.980854687666962,1.46007138940301
C,0.30857524190417857,0.6601479327770862
C,0.6469223581587695,0.5374959085242703
C,0.8731214431134314,1.099270309310741
C,0.48259186714627206,0.9906552652385692
C,0.3287175088416819,0.9387529912264415
C,0.45542851107977994,1.1715129029407005
C,0.5348634318328157,0.41014531733423815
C,0.39163087729656926,1.4101215779143998
C,1.0350345887240027,1.6690236185211014
C,0.2996014792613967,1.5078429242936298
C,0.8216411953419696,0.5571843353702467
C,1.1305465797764291,2.287234550917946
C,0.8491174406383738,0.2669804541772194
C,0.5464879908944037,0.7959787678292551
C,0.5970900296454856,0.30758565349650746
C,0.23200685380921535,0.5409260934586273
C,0.6277778932202549,1.128665435111362
C,1.2395705732447937,1.3855856327366345
C,0.36210015778983773,0.4927304107186693
C,0.5507906803266548,1.2464999624626159
C,0.9316855830475486,2.021139449629499
C,1.0381920307756392,1.2821588734118177
C,0.5842570877029403,0.6675221725717835
C,0.7717533317038149,0.5862696141947918
C,0.48691345949702974,0.3894350497566485
C,0.34265691936267545,0.3183173483220805
C,0.8050737524779609,0.6814855005227912
C,0.9256027880327736,0.7317222039052916
C,0.4430763470223881,0.4212377638977592
C,0.18802887086065045,0.7007510617059066
C,0.6727388929394791,1.1144588929900556
C,0.5043627061827181,0.3946396335029823
C,0.4493003103194626,0.6677320328051138
C,0.20135066179796068,0.5262655920558065
C,0.5616616442329476,0.5806927795960722
C,0.65295901420079,1.54779134497082
C,1.2727050876687611,1.9273637891552906
C,0.46500045555997094,0.5668496577943013
C,0.21074233194080222,0.20084676538536053
C,0.8495509346407832,0.9234356360494114
C,0.42981857565071535,0.47700431803930177
C,0.9853919416361652,0.9846066687170681
C,1.0956809287139835,1.5135058332499576
C,0.8091493265405008,1.0659746514687576
C,0.8693654295014531,0.8897629823809969
C,0.41367814893874244,0.8818707660912615
C,0.48733901132713203,0.5415574063491807
C,0.5042165885182085,1.2011458338099603
C,1.6976985041366115,2.8281031324093027
C,0.8176895698390195,0.7394140416657639
C,0.45666138131184403,1.2371375068511883
C,0.7733278691464992,1.4576931009989773
C,0.42528525574250414,0.5161321396700833
C,0.38343177170497267,0.41126655105367366
C,0.35259716083020204,0.591495134517802
C,0.8040070836702605,0.5477490453058554
C,0.6440499197430545,1.248999347210279
C,0.5907094766372868,0.21922576586015774
C,0.5431409684560654,0.33587431216469954
C,0.2037463457265315,0.4484299976336398
C,0.6813572644261799,1.8661710299934264
C,0.3648722044568785,0.375977985787726
C,0.43242062853164154,0.8839465977925935
C,0.5586384950360473,0.7440102781739191
C,0.47857103815822316,0.9820548372388187
C,0.5846963879154012,1.3955207084814305
C,0.36631355628319157,0.8637916117111147
C,0.7917936864735595,1.4747084761002354
C,0.6379332043260281,0.31364187892173495
C,0.4816275732382602,0.9248376949468032
C,0.3537425265879533,1.0303535631426408
C,0.5571784185326338,0.586718902299411
C,0.4057856578106001,0.5796307592873607
C,0.48316308485871573,0.8250087487902917
C,0.5098649969413999,0.4671227410855559
C,0.6661961346632311,1.264842185386458
C,0.9608492340473425,0.8448456483224164
C,0.7481776897051355,0.7358424838376182
C,0.8320308212416342,0.9621465808962881
C,0.2919028188017827,0.9705484695961705
C,1.0294486396942863,0.9682937952397298
C,0.3491423708803952,0.6244871358829376
C,1.2153982209009255,0.9242283541434643
C,0.6273380751540282,0.5806456306486832
C,0.5257035722797793,0.34748125352660514
C,1.1780874624102784,0.8901442496499968
C,0.9181083157484092,1.2080650608338115
C,0.40095669061918704,0.4195108675296515
C,0.4130495739532232,0.4025778408639426
C,0.7484688318123641,0.8616633123377332
C,0.38886746002927597,0.2140680618500418
C,0.2709731847256202,0.29897569514293687
C,0.6902273926028742,1.4539391770865122
C,0.3681782198238231,0.7672106741357181
C,0.7293221029835849,0.8388889347844307
C,0.8836431813357254,0.4296295918537946
C,0.6512424495663324,1.2333576940136544
C,0.7422777197247562,1.3020024646679234
C,0.8697851044194413,1.1411338707504894
C,0.6918133918128054,0.21240934999731353
C,0.6784152860389097,0.37339415530746867
C,0.3495070043390227,0.66736736734914
C,0.3142304325942532,0.42409983320646516
C,0.5377675923218573,1.022561736662787
C,0.659529476759701,0.45408654068209
C,0.5438640964094216,0.6926971188846549
C,0.6809509320335853,1.0111266685612674
C,0.3990038710216831,0.824725327287769
C,0.8547886705200871,1.4047869671964586
C,0.7292796746541107,0.585559501362503
C,1.044224569558905,0.8662882263349516
C,0.334120228300037,0.8953685926842039
C,0.6091271413594207,0.6214691132461655
C,1.3702703480897849,1.521922185103703
C,0.4604278810069742,0.6048494035308589
C,1.336878654994211,1.0220659128811758
C,0.3807018601740567,0.6713878227862684
C,0.7764300707930599,1.0494801067166595
C,0.5981609452098318,1.2968331070422123
C,0.7212881343272042,1.186746604120882
C,0.5136685188803135,0.14075324636857897
C,0.7449680190917071,0.4825376989448859
C,0.9041042275513664,1.1526179275413497
C,0.4211615428217777,0.4458674342795524
C,0.8385305878678496,0.5430589715003658
C,0.5698332076244699,0.7164112462602895
C,0.8836279132475245,1.4893900396286706
C,0.45862813149504045,0.47865731830496344
C,0.646747012396517,1.036718991790099
C,1.0851753543661466,1.075474118484347
C,0.5484225877246012,1.2069243064802706
C,0.6307385967637531,0.2943030411969597
C,0.7751897624926791,0.5930065114360239
C,0.7231486317489186,0.5669640867187296
C,0.43354527741222815,0.814366890758303
C,1.1179321890885683,0.5778122515591896
C,0.6410620932494822,0.6223549703813528
C,0.20982910960243503,0.4275230343003806
C,0.5662776627981176,1.900128654700587
C,0.3125212451717698,0.36408574269593985
C,0.44975663450811115,0.5486863637316844
C,0.2864992826198797,0.5815274309179049
C,1.3970526833004266,0.9847716441216159
C,0.7050928137667061,0.5697080546395744
C,0.5726027988570921,1.0115761161013401
C,0.5101282253412179,0.20580323180278545
C,0.3623637148446869,1.697781171281922
C,0.7507277679141334,1.0359147164077782
C,0.37016722948668923,0.4284591129302722
C,0.5367513923586329,0.9643228094342152
C,0.3343681598789708,0.8274204686853974
C,0.5662565535746615,0.7817279988402336
C,0.29040831673596534,0.25075259768557895
C,0.5321636410991092,0.46677931784163706
C,0.4936512442197127,1.3494372654387
C,1.278272520537884,0.9174277632534292
C,0.8461411201614298,1.051658960752496
C,0.8083522335708792,1.677903150786761
C,0.3395023440348079,0.8416446043954962
C,0.32882701152524524,0.18327212548543273
C,1.473355089964756,1.8034361183133951
C,0.3768257819090213,1.537711038969325
C,0.73451008558601,0.584270406610877
C,0.3946908926206763,0.3007709008718502
C,0.8101380234245293,0.5230415949494762
C,0.3770601366954959,0.7562991957139661
C,0.4251418845302326,0.6299998916803333
C,0.49066280731858675,0.3309419040965654
C,0.37928949683577445,0.49787673975863384
C,0.39334223954590186,0.4251223591823009
C,0.4110639989175067,1.4464471926049898
C,0.4262809898030744,1.3124297662154591
C,0.6916125841503102,0.9165558838775062
C,1.8198180901337475,2.092757868236358
C,1.2785908277756055,1.7912064642762773
C,0.12226479301613334,1.5290136930661287
C,0.9315066495576222,1.344502986281365
C,0.6610695965290011,1.1286861682870106
C,0.7824510838209626,1.7133120876840322
C,2.0579550355838108,1.2196748594030726
C,0.9024906572159372,0.32448704946132306
C,0.49566892225017606,1.2561962714328299
C,0.3595845157653386,0.6188411801175359
C,0.9937368347508894,1.2014947502179159
C,0.6071870184024025,0.8340503489457759
C,0.5998880380590881,0.8989171396808631
C,0.38241320539551804,0.19731311582169142
C,0.6786485874775069,0.9304840375687411
C,0.40571773210481415,1.1092084226442511
C,0.6508687399303189,0.8191203027740748
C,0.7747933700474491,0.49955493717768606
C,0.40701240641733766,0.2264221036485867
C,0.8973877357152322,1.3201308029973662
C,0.6425545429948636,0.8476450768986591
C,0.4426035567206593,0.5757222234072673
C,0.8910215386130795,0.7689553307411356
C,0.4200931996385761,0.5514354107838351
C,0.8942433075369011,0.7331071204390464
C,0.758926258344904,0.820876667038985
C,1.075097883622062,1.7095687928214394
C,0.4643186608509914,0.7386766952479323
C,0.8662762693600602,1.8264082627497065
C,0.6166853038177328,1.0011107444577547
C,0.5158201087553765,0.6785238550945961
C,0.5252795224496951,0.6234603015112156
C,1.0063300810495994,0.7748404875947476
C,0.8113136099980849,1.3320825624329942
C,0.7348404527764498,0.9366935250144739
C,0.7596355849096703,0.8600816436038925
C,0.8140150452133736,0.6384352462850206
C,0.53607773443806,0.2138944242842416
C,0.4481597426035117,1.0082405721253518
C,0.2844245322339506,0.3456572536785674
C,0.412038505153532,0.44072001819754175
C,0.4662748949969003,0.8465853567084528
C,0.9965474289079214,0.8365547836326347
C,0.7829310801132825,1.2948543785739752
C,0.5835676306663206,0.23854872218232245
C,0.7616124396877885,1.239635150551274
C,0.4770955752539437,0.8425002264389151
C,0.45877325002791086,1.317019701578708
C,0.2660223190853015,0.8885291338291668
C,0.5089564034066509,0.8347076140395296
C,0.19153551454453197,0.5496171152371265
C,0.8101003630018445,0.31624566570807416
C,0.7779971880094905,0.6319587006591724
C,0.333779508292036,0.6408783565613039
C,0.6370047108528188,0.6576689294299749
C,1.1681969008781858,0.9547431454687312
C,0.5615743741502274,0.6177121083814756
C,0.37069000018176523,0.5810654870954535
C,0.3060579824565789,0.816604463338466
C,0.8200864223794021,1.2542809521762912
C,0.7424057437444025,0.9111319704843909
C,1.2940429102176965,2.625192662467461
C,0.7709693013309248,0.7486033536528465
C,0.2294106970785082,0.3816722610942475
C,0.4735689789227232,0.5321454997236424
C,0.7221698417841249,0.9413182203980323
C,0.7686490151451278,0.6474647847102324
C,0.39942446130252296,0.6759921911399961
C,0.6082597286391529,1.5694425158878957
C,0.41007744137053465,1.4275624765130646
C,0.604806232279724,0.9081563876823056
C,0.3353434701159512,0.09088681248859719
C,0.29281511811712885,0.435979064602158
C,0.6087578256678591,0.29411406868479206
C,0.993115872356542,0.6379973374022745
C,0.7990239518388682,0.6077358142615542
C,0.37299405325336643,0.5728827772193966
C,0.3445561852007105,0.9446578178889564
C,0.8441814888977612,1.9207159224731203
C,0.8759107926021615,0.8610785196133116
C,0.2582370092780438,0.4485376738772695
C,0.6421407184683157,1.328036583024938
C,0.9016019566472976,0.7821679634091304
C,0.8364862790613685,1.5021051904186853
C,0.6887018152287532,0.39434170664348667
C,0.6524294865172009,1.0570445004043278
C,0.5398144127012606,0.686725517643299
C,0.3243461554594116,0.49207211847150156
C,0.43294356485233026,0.47390873409327056
C,0.9169352858896578,0.5855277736295809
C,0.7871908379159581,0.783451382337313
C,0.7196872325346185,1.307572488373018
C,0.24154824112639955,0.6906394013902468
C,0.6111334625491894,0.747347547474422
C,0.7700794685044073,0.9517349004720133
C,0.8100268802540652,0.6649259767158744
C,0.9584788374163884,0.319507225513701
C,0.47202957094588194,0.8210027152900432
C,0.6834381854754602,1.0168998177375879
C,1.0644744218302202,0.8689589412438011
C,1.747991394547343,0.8171292384611815
C,0.4468649398423243,1.5791474924091982
C,1.4577441881865982,1.614752837810677
C,0.7705205229064706,1.259215553221045
C,0.5222551182193436,0.7849796697297726
C,0.4156358254357544,0.9105223031289046
C,0.5851751397606387,1.289882678433833
C,0.7221547139086285,1.1843541039089474
C,0.7746198218366951,0.9259542333788825
C,0.7970456853882956,0.9633356371825993
C,0.7422941023130571,0.47685776758870957
C,0.705126058707316,1.103390037497491
C,0.3383268327462835,0.7135350660966555
C,0.6776080456840864,0.8047054121969137
C,0.774083602669855,0.6076992559233437
C,0.40899736151202776,0.4912313563690479
C,1.0153834905462331,0.9255897428361618
C,0.4874124941666499,0.5799208704342338
C,0.787653571613383,1.326898919244361
C,0.4504303927244895,0.6985560165237831
C,0.42608313389505376,0.38407703030601764
C,0.5486543775851317,0.38638150769837226
C,0.4146296265182925,0.7682474108134015
C,0.8295759669237465,0.9531590341280192
C,0.6025807633941894,0.3793410238676212
C,0.6119471761484061,0.8485691885366488
C,0.3088886065431848,0.4228017927706321
C,0.5338335798202919,0.8749247165832201
C,0.31174714020927907,1.1566087980620268
C,0.4619056748940342,0.8611770615476549
C,0.6886680977476086,0.4647880956126063
C,0.7798600543298991,0.9797956525822681
C,0.9092449160873037,0.8342148154877564
C,0.45678815548629753,0.7524574962937508
C,0.9075000105614435,1.2142405186102705
C,0.8560266172274359,0.9082335018864363
C,0.458523438504232,0.6388989782070218
C,0.8930292433069343,0.6087668052611853
C,0.2600252361393211,0.4124757880588665
C,1.1391450307225315,1.66113065181074
C,0.9688862446313642,1.041447506688154
C,1.7187663940921,1.9770726308121263
C,0.3444476950600861,0.23392955621402406
C,0.49009216148841733,0.8868052061985346
C,0.28838656285383385,0.6399822675675805
C,0.569213706798331,0.4726779723051591
C,0.6757730571246022,0.45505897742575574
C,0.5649643709053525,1.4787098545692112
C,0.3443779784560097,0.7142566980164639
C,0.7727473337346212,0.4886721666155294
C,1.4295440364691172,1.3687411548896655
C,0.698373814422338,0.7150431780686828
C,0.16523289157681553,1.4348589036177184
C,0.6938621729695075,1.0083018164900528
C,0.8220876484603513,0.9831401769598971
C,0.9152349386907572,0.5664643170317177
C,0.6104714217607604,0.8572584576759523
C,0.6846985294314248,2.158778305818868
C,0.5710550440754586,0.6806119346461468
C,0.5774439677236325,0.6115631717126079
C,0.6700313332108119,1.237446478193106
C,0.5508335206125933,1.0547614701847827
C,0.6589021068853691,0.5586533780731235
C,0.37420290885364177,0.15630425124551733
C,1.9085040289109318,1.0931574437644334
C,0.46505153511254466,0.14743342256039382
C,0.5017034454943793,0.5553637854468751
C,0.35347119530851706,0.24070133614980327
C,0.37581356055963633,1.297889905024234
C,0.8097016490250007,0.8740536793249587
C,0.5347248385594278,0.8430545772384639
C,0.7747699360676804,0.6346695540872767
C,0.9187226313192345,0.7875973116955913
C,0.8284130994557118,0.8400638299511318
C,0.5444025748877619,0.5626554867695764
C,0.891647293113462,0.3801710099167603
C,0.5771318660809185,1.1417150946803538
C,0.6499830783324231,1.985548134332795
C,0.8277499286251523,1.2970703800325718
C,0.3347088154521999,0.3716145931419386
C,1.2938864112571071,1.114638971289385
C,0.3296007263841856,0.6219605521333589
C,0.6501972758262622,1.069853023481246
C,0.9008934450563468,0.7390510671807583
C,0.28553745353810267,0.2527288760079526
C,0.5149442683494618,0.5184878461316285
C,0.37437078207151697,1.131519806365374
C,0.529349704346243,1.1844657173331687
C,0.5175152372166782,0.48795259561028015
C,0.27806677817157266,0.8545799798279403
C,0.8966473411817771,1.1617406512140735
C,0.6632405296203904,1.0607620851410222
C,0.677907739296578,0.9194822688365476
C,0.6551671609964224,0.741557749971458
C,0.7444574194665908,1.2668812865910675
C,0.40374659206951524,0.8418973058404656
C,0.6214373144767517,1.3216199316269346
C,0.4226212244195975,0.54541401428601
C,0.5835716825797252,1.927260306718602
C,0.41023939107692586,0.4957219346984575
C,0.35246169925921145,0.15493960681481392
C,0.7579217034580066,0.2284365169180825
C,0.3974404831606226,0.9337169208458066
C,0.42996940230054687,0.8416446097069732
C,0.5603272545553318,0.2604236143396822
C,0.786773259982437,0.6654858623859196
C,0.4114757861251726,0.5051427157528032
C,0.6693127991317653,1.0401853327640274
C,0.6801030899504588,0.6968819013410353
C,0.622329156873969,0.4088965699825556
C,0.5053177967685459,0.3050979083535006
C,0.7641568197986687,1.297921934530824
C,0.9939926293123548,0.4434658539434667
C,0.45471271651319306,0.6745040572676514
C,0.6511284290215583,0.8962238582788221
C,0.9269900626707531,0.9373414025800274
C,0.32405585349988086,0.7561535070808085
C,0.5682943124466366,1.5908631208650645
C,0.3488861482706813,1.2017143502323755
C,0.44326469654543693,0.3345502979690353
C,0.8111010705914965,0.5623364172225808
C,0.6283575043627996,2.274821720123039
C,0.974234559517297,1.5489275913106473
C,0.6111197265897375,0.31974664565153715
C,0.5283241324963196,1.1332749015526344
C,0.6100639994070832,0.6073777352924825
C,0.4076098056481834,0.3061651089401737
C,0.557237646010054,0.6282985409647232
C,1.2334002062364053,0.8519001444573663
C,0.8704012526672017,0.40173301533778516
C,0.6525107394484763,0.8003488174844673
C,0.3739468767254053,0.2625876543548976
C,0.5929767382864591,1.3545288368257837
C,0.30441970811609104,0.713123595852874
C,0.34103474950927887,0.3648730211898611
C,0.6711503310351561,0.5327748712367734
C,1.0659398547755066,1.6714627549423084
C,0.2150088323951477,0.5448489972681441
C,0.49083553345866554,0.6877290053429604
C,0.4829782027309656,1.143048929076616
C,0.5110363710507745,0.41657594195788844
C,0.4845398916735362,0.5015960371424738
C,0.5502911391644402,1.6238807180924268
C,0.768228525535285,0.38817430629086624
C,0.8391282126229338,1.0046759368886675
C,0.4262231248342075,0.5671917471099571
C,0.48886489276773637,1.0003996340267154
C,0.7460461346115832,0.5567062602028234
C,0.4320646788334338,0.5696421651188538
C,1.1837548247136374,1.0956989399203014
C,0.5245792003287806,1.0435016549228844
C,0.2396577994718689,0.5816470050158326
C,0.6082912510134076,0.8058321625752034
C,0.49189448286243254,0.685077481157506
C,1.2166674594607594,1.2700640539383186
C,0.5613837243249453,0.9508582099710334
C,0.4831603668001707,0.4621275692670177
C,0.43599494529014476,1.2631424008009855
C,0.5896026886592871,0.320884552037508
C,0.2971675979975443,0.21981085070389791
C,0.5991272097753632,0.4550506454803042
C,0.6074531416018788,1.0160740829678818
C,0.5458568232054385,0.467076427750813
C,0.46639248788684773,0.7735309726732345
C,0.47928289062970336,0.579468266817055
C,0.5368611487321416,0.5033241626248761
C,0.49083511356837356,1.0049327762064748
C,0.8390880187272903,0.833067878832334
C,0.38144196534207986,0.8782898263719754
C,0.7537821146472414,0.646708603290085
C,0.4887475515205153,0.7425514431825037
C,1.138687058563005,0.996302073064968
C,0.7045792865868442,0.8365667562428026
C,0.4799949310079643,0.7744942266412017
C,0.3320286456135445,0.3552306678071679
C,0.43454704266727223,0.55217465573638
C,1.097669819297263,0.981984403541585
C,0.51528957824127,0.9002982349929408
C,0.4461717849237128,0.6275395017923405
C,0.2837535212820634,0.5068045380457014
C,0.7349407939303806,0.37462341750770417
C,0.8021794612574343,0.3934898349333448
C,0.545577831981392,0.6828572086353787
C,1.0218445336751303,0.4841276126124608
C,0.6724487554895646,0.19710720456685205
C,0.6399104863248245,0.47056214263354956
C,1.2140857406221675,1.9134878430503388
C,0.8185211359835292,1.0879457945044235
C,0.6759700891076914,0.8552708255423824
C,0.5681114443271614,0.928476041601563
C,0.5342150160885448,0.4377495947015833
C,0.5127024157100063,0.7593704298901598
C,0.45291641262418225,0.27802261530224237
C,0.330875835819676,0.8706313521014889
C,0.3031757506949642,0.5119189435083831
C,0.6892193312750623,0.6937287196512752
C,0.5202162808082389,0.8605048129763782
C,0.47742047151544253,0.513101797825829
C,0.30172226459639245,0.37053944730438015
C,0.2923329599030499,0.6579211119102406
C,0.27575096100268814,0.2757571485026068
C,0.1741096350691189,0.5581396379212128
C,0.49606662452093797,0.4961066835439131
C,1.1564274550971534,1.2297655891263382
C,0.8454838678424045,0.5849890462554846
C,0.38182824342863964,1.1310459885666253
C,0.5186724213297141,1.2910312329636904
C,0.6000654609180196,1.125396441750662
C,0.8868666787036416,1.5335414307938766
C,0.6890477957243564,0.3667653556740516
C,0.31691827327769523,0.605953583382905
C,0.44268170669251555,0.681648406357229
C,0.506229262408373,0.8533783357278191
C,0.9051257190979792,0.6383790362342834
C,0.3778289862638088,0.7128088035145842
C,0.6429572404506689,0.3549360566411206
C,0.517908880410333,0.5583985172102559
C,0.4216532922565793,0.8417194184574166
C,0.6358576068401804,0.4657452508417923
C,0.3470641765121999,0.46683708359528253
C,0.3194209480920979,0.47190083740036814
C,0.5549319989871839,0.8969538986901693
C,0.49717389914099547,0.6242359099854926
C,0.5275542337191511,0.31993727964569973
C,0.5266691549012174,0.7013615758221882
C,0.5044153997103205,1.0446120343885723
C,0.6376410065862832,1.3768887399730878
C,0.3612821524323892,1.0111317098913843
C,0.8305373991983556,1.2179176258277957
C,0.7031922539263789,0.5520265249220341
C,0.6081990459066298,0.46895947032025215
C,0.6171396761345326,1.1638464601460161
C,0.4451702254641588,0.8546861079294579
C,0.6432686244475051,0.5627323776000646
C,0.38314290909557835,0.36633885353220846
C,0.37837668306865674,0.6882262660991252
C,1.1645083805574812,0.9704290365871129
C,0.7813646446650782,0.39226353532397307
C,0.3827630994350251,0.48903273506753114
C,0.5889353528849772,1.2323028376363505
C,0.5683438340365863,0.8300526201051304
C,0.7737552524199082,0.8102156791912399
C,0.4549123150513172,0.5452691848281821
C,0.6689425197273826,0.9219123386715583
C,0.859781641525128,1.273247742588278
C,0.5990192433279399,1.153316211644364
C,0.47673739075533994,2.128749683539046
C,0.8147614767810186,1.1760096989447684
C,0.5103921182363786,1.2257343378032894
C,0.48370307736194595,1.0860045295099188
C,0.6128996340541525,0.4707319512073724
C,0.7083752451014663,1.1409845401482004
C,0.9469717641204738,1.526807953972412
C,0.38637995503013384,0.2657278740412222
C,0.7224088961043196,0.6694857464747149
C,0.5133343916624742,0.7419959909265004
C,0.5665201756254311,0.6955076707659025
C,0.40747256830543543,0.3947985388159443
C,0.6922732469016106,0.27383176030631595
C,0.5655016971491693,1.165132195134101
C,0.5176850658981892,1.624701588970431
C,0.694651271191952,0.6589818155934095
C,0.4244239350750255,0.5628257318186285
C,0.6975147058254694,0.7819419575170126
C,0.8790514262367685,0.7520097424618541
C,0.4246617406085713,0.540276280389025
C,0.6167975682913502,0.7114189207919425
C,0.5588176580515123,0.925362407585027
C,1.4111407580968585,2.6735901217470133
C,0.20265630905588844,0.7130453909101635
C,0.8077557021836268,1.5973418280156744
C,0.5130092379097241,0.8556338913749513
C,0.7833780734028272,1.628443095565258
C,0.724648211765294,0.49965150191359714
C,0.470788289112938,0.6820413975663052
C,0.8454533198347409,0.6380818836642301
C,0.4734819028433404,0.28211718737202995
C,0.6649511139572933,0.45842722013914494
C,0.9305064150317981,0.9594640171474608
C,0.32163333646082454,0.8770979246507568
C,0.6820772498653721,0.8774854577744614
C,0.5752817449390596,0.715206974875409
C,0.3134778148134218,0.5569284858278756
C,0.8046847262803426,1.1571620317915854
C,0.7058741716601049,1.0903328717851082
C,0.6034954769982677,0.17098265963985937
C,0.6087535589395374,0.6657933408542619
C,0.9317191989739828,1.0545882137668887
C,0.3828080438078643,0.7608183483605149
C,0.2999770823616989,0.4697881201539757
C,0.6005319003780696,0.07988113124310628
C,0.5155812981766934,0.6902450779101068
C,1.2651696273464659,0.7187206533020473
C,0.301341640612088,0.4940462399097042
C,0.658765370485682,1.0255208213171154
C,0.3936968070222178,1.3778902104866746
C,0.49315304711170377,0.5028978376680372
C,0.40431221066956036,0.29856022322462406
C,0.5881979823717348,0.44164534489078533
C,0.373742326362264,0.3891549586018939
C,0.379153428981517,0.25077803513383606
C,0.7974205630086537,0.9811463014739583
C,0.5274790463063073,1.0070351109454163
C,0.4232011136189563,1.261592432607543
C,0.33510702528140013,0.6352541810068125
C,0.3950961471732248,0.36206419093087705
C,0.5670150726516137,0.6908707816958902
C,1.0388832237337369,0.7459577862854588
C,0.4073656845737736,1.1320123542132345
C,1.1407708747003158,1.430408001284468
C,0.562415441220618,0.408737777661764
C,0.69159136807195,0.19900324978279518
C,0.3385924078508703,0.5276793910546638
C,0.8734423101680652,0.6055298163102957
C,0.7914702298141646,0.6395567805432026
C,0.6368985508166207,0.7072657609727432
C,0.7574010653746935,0.7725955691240816
C,0.4817011921344923,0.26516941343644856
C,0.8294460163132152,1.2124320655588023
C,0.6329048895399481,0.4397135357121203
C,0.4017909930516267,0.5406658497320326
C,0.41113351375526697,0.44950715909003836
C,0.6670619581010471,0.5690910052481842
C,0.7235866211374902,0.45517305942106295
C,0.3046787139828969,0.5681981605339785
C,0.38701196450781233,0.5115089943311022
C,0.8047377034662215,0.8207909034466034
C,0.8425220906426724,2.2183798603414284
C,0.5380458101545381,0.7731826933276196
C,0.5078407436601418,0.6502952235038457
C,0.4043798118484506,0.20809448115974674
C,0.879694577038133,0.9273966934937184
C,0.4485590128382479,0.7232922422893395
C,0.6600674934810951,1.5368111913186298
C,0.8425545892358904,1.0370914759917833
C,0.5735897712533717,0.8741187311865642
C,0.29437010843732325,0.1628001251224331
C,0.6114144652998093,0.6746955029659852
C,0.23411183226263163,0.3182625363763838
C,0.33199373582364605,1.1926225257750347
C,0.5873935665448098,1.225910380801851
C,0.6918956831684567,0.7788570489651654
C,0.3733149179405213,0.7301805575948083
C,0.44236558318465957,0.2845754943262082
C,0.8163718283167543,1.1998555236867496
C,0.47478623574833406,0.48078221482741407
C,0.5972819422792572,0.32411101654270663
C,0.8679845544780302,1.588668432690303
C,0.43128724910637445,1.0625971081921999
C,0.830330721836188,0.9166387805162242
C,0.6190477260474062,0.3375994257273821
C,0.4706651070301401,0.5390503417564856
C,0.32841044633396566,0.8317941199567341
C,1.036478653160281,1.1507716931905525
C,0.514203026810762,0.17673412212007486
C,0.6658995224993962,0.6838866532649832
C,0.3157490200162419,0.38381307683537974
C,0.6189261634146889,0.22614907162285316
C,0.8435742336356202,0.5585687984930392
C,1.0092483979280749,1.0287556252226164
C,0.7698730832857636,0.6088734529756001
C,0.9963975860627937,0.5703141559854572
C,0.4876182680061045,0.5166657820787839
C,0.7561010559634294,0.27375543113303996
C,0.38330419069074234,1.35804257684033
C,1.046340450370293,0.9987248861437361
C,0.6452351412930984,1.0786303536371187
C,0.6482958888965976,0.16699349986791606
C,0.5570755073432074,0.1305172083856555
C,0.285312618776757,1.148767675454059
C,0.5032290867072643,1.0144469775973806
C,0.5995957879791719,1.2501846010949316
C,0.8477898023565006,0.5951670931224474
C,0.5533640575470363,1.2421357170440892
C,0.28654921027827773,0.7132010874251872
C,0.44723349619919844,0.24078684588952837
C,0.27995311888164043,0.5558775908868535
C,0.6661518154533754,0.6245622703855465
C,0.8510220104032352,1.2292616075753253
C,0.4376227466370107,0.3703842184064689
C,0.6330104750890742,0.283111454891736
C,0.7453232550795665,1.0354029783665448
C,0.7416876903226687,0.9677150205395982
C,0.2911756716984628,0.6469976461324018
C,0.5615204202723464,0.7114794840677423
C,0.49690668325401105,0.4642795341642793
C,0.42588752871924007,1.4005081665155985
C,0.3993201435158115,0.40038445041671766
C,0.6752891877842617,1.3510696112582135
C,0.28346881466220764,1.0029532851631286
C,0.5133533117279253,1.2951249156342646
C,1.1886240325940616,2.318582317696003
C,0.318245824974574,1.3675796276337793
C,0.5551509894376601,0.9246984568052251
C,0.47176318569300035,0.7424178938734385
C,0.5939623869021937,0.6304908959775497
C,0.3319216236192097,0.6228990279346288
C,0.8861424530739881,1.0937105147065012
C,0.7222659550718634,1.6265976369362931
C,0.3721996287677474,0.2741458526925631
C,0.5123944531158454,0.5614147610144014
C,0.37289623821479173,0.40941841606957297
C,0.7076422979744275,0.724152621193189
C,0.3548333903420426,0.44973250792413605
C,0.7716525801494081,1.8881643910395713
C,0.740420538226123,2.1010063585898915
C,0.6767977353388239,0.5489746211003059
C,0.43794602393819343,0.41431091915833745
C,0.7463784446096765,0.5097097362448288
C,0.51305995200675,0.5975906016827255
C,0.3658631481432065,0.4451599086843887
C,0.6562560365416454,0.3525409366814231
C,0.23870163518640083,0.7207747032461208
C,0.8699519559845467,1.1599931582655882
C,0.4097825741257026,0.6193317770257989
C,0.3514419371046295,0.7375934136905994
C,1.2030435539499698,0.4323037775293797
C,0.3216994149033585,0.28699003523128785
C,0.5885499196891061,0.6556585089777578
C,0.41257286691125544,0.6125089026208187
C,0.4454578219570952,1.24018508785506
C,1.0109407346747636,1.4455165213130197
C,0.4971840157422988,0.2172434476499392
C,0.2967201020092113,0.2715142636109872
C,0.7270931423666065,1.0035603960412187
C,0.49780010669466895,0.6109733465895599
C,0.3755578231371591,0.5997820697204042
C,0.5069949610737652,0.49687808350152357
C,0.3583546243312673,0.5968576986280528
C,0.8500837145088066,1.0763162366511327
C,0.8166919856860487,1.412733317695813
C,0.8600925369874515,0.522164259813241
C,0.6427258732829164,0.44761848813518684
C,0.885780141660182,1.7822414661909374
C,1.0389938173047726,1.1572929223003523
C,0.6566235042426243,0.6001383047184459
C,0.5023444019912856,0.6592548886332276
C,0.8081334957651851,0.8263092965210114
C,0.6046107180316121,0.6992431559351385
C,0.7029919674627766,0.7256852583520046
C,1.0007716586871775,1.0264241993093413
C,0.36031668215703444,0.7762645066007106
C,0.3311817845596284,0.6968731435669272
C,0.37167559229036706,0.3347101768094769
C,0.9497258733379951,0.8368501026919426
C,0.5889885534196972,0.3021951964592955
C,0.6599338130910001,0.4302768884067532
C,1.0071867805017218,1.3348382388863962
C,0.35821485300959993,0.9598968515712364
C,0.44823172675696615,0.39874437294684184
C,0.7209788029246749,0.5747153706172765
C,0.5568049435988326,0.8392148869694773
C,0.47561249273648337,0.6804097765871043
C,0.4463579629539629,0.5849075599979818
C,0.7160210236330241,1.3148415914498843
C,0.2587771335330355,0.634336309978051
C,0.6769926708661926,0.5441338634293055
C,0.5487879029323156,0.1931280775907885
C,0.5211901058376412,0.40338760971821963
C,0.6247307787341405,0.24935617764081916
C,0.6124057595839345,0.6926358152517744
C,0.3460521315803331,0.9796397547242056
C,0.4981662415134538,0.3293674124396472
C,0.6499119450496629,0.4148081253767385
C,0.8294135548519094,0.3928108635219361
C,0.4255274816161081,1.122927154561925
C,0.639343154912796,1.6361532419281306
C,0.4577378661429907,0.39839470410067684
C,0.20815645985058748,0.5744374379515242
C,0.6919233479619685,1.083835389363673
C,0.6490841917566406,0.8631068261151075
C,0.6230628108973305,0.6018459040379545
C,0.4803901153322435,0.34259026350781796
C,0.38400954101794665,0.40171234928089783
C,0.63643627339155,1.511487985562064
C,0.7028074060651704,0.15018379373479854
C,0.6542648504788882,0.3167172491960682
C,0.5136311964243104,0.5004890126070456
C,0.7384518133460287,0.3377205774218038
C,0.4860052486724947,0.4523345875150788
C,0.5813139582259413,0.5659306048559439
C,0.7074134460701845,0.9326274633462116
C,1.124703600778915,1.1438596681951136
C,0.7592646239845506,1.0875133287312506
C,0.6552537087223189,1.4999099610029902
C,0.7909306458573466,0.9702429156350095
C,0.5879934009282266,0.7060002164085185
C,0.6096304302398406,1.0708436208105432
C,0.5256393233144989,0.9429076716257374
C,1.0250885222648964,0.830366211699376
C,0.4762687745002675,0.20188531998546544
C,0.6445106304565832,1.3611622942775707
C,0.4003586558895276,0.823983363766394
C,0.6408158460969762,1.2403368838571451
C,0.6384281939613027,0.6381220795699079
C,1.0087945687550188,2.1162536129565277
C,0.45893820813533875,0.6202819535437685
C,0.558895828346256,0.5889971759592576
C,0.9892151435271545,1.0432217771657222
C,1.0758757260353964,1.0499104361195155
C,0.42298569832677074,0.5000101154433194
C,0.6299019105723299,0.5363545636777073
C,0.4401047160406978,0.3327830339584412
C,0.8103101331971041,2.0607728358369797
C,0.904760092979472,1.5118180257194649
C,0.8727575168361353,0.9771857933140314
C,0.3672402314897908,0.3817903944786265
C,0.6065981746135578,0.5769811647185044
C,0.3690773056504731,0.33178284598585395
C,0.7312663663064111,0.9634900639007612
C,1.333059533748005,1.2482059553614397
C,0.5891510396197364,0.6762229943894736
C,0.5481447407419374,0.6711869670762374
C,0.545919260500487,0.6347802634978977
C,0.5942798497882374,0.5186281560095412
C,0.7655990670019422,2.05215126405162
C,0.29222303392549764,0.45373959088924953
C,0.5552694202795798,1.406323483708982
C,0.23272633862171618,0.625419623304837
C,0.565285111119743,0.2806573597857903
C,0.495007696157826,1.190179252154981
C,0.9657255987202453,0.9123638256280268
C,0.610332521371692,0.9541861030326896
C,1.1233977351435502,1.1896317564106302
C,0.5048413473565065,0.7883740367392962
C,0.5498180383518293,1.0154042523081905
C,0.853556942967759,0.9109875156502152
C,0.44381727602381055,0.7462030135190834
C,0.3752849373673737,0.7115164063513314
C,0.8268545799785955,0.7765796146431246
C,0.8132636885171375,0.5023394296948578
C,0.7793816234124613,0.46532228226666755
C,0.5633092463690432,0.08916798744933535
C,0.7258384330422503,0.6350686985618598
C,0.967365158119426,1.1739126403364422
C,0.5539306781828943,0.25231888618689713
C,0.8384508438288039,0.7853164550601782
C,1.0458340292526884,1.0571970584573949
C,0.9183877459688587,1.2997507776727595
C,0.5679688977218229,0.7405986278092878
C,0.9932657624960654,0.638926486037047
C,0.31722626625737443,0.300093716340404
C,0.7773605704804477,0.9874418102476199
C,0.6325113309157683,0.8248138678963695
C,0.8720236705698632,1.3316390653501031
C,0.7047451146423527,1.3652022005028583
C,0.6150918509457537,0.4331866081932478
C,0.4749239376682129,0.9716838893227397
C,1.3648655933588747,1.2921314715286039
C,0.7510086935312875,1.7876679905510713
C,0.32101700672461525,0.7275301658298033
C,0.36096990080372815,0.7717915082801612
C,1.031775569638031,1.4249980964460816
C,0.5790575490718675,0.868897939934086
C,0.37270082844523883,0.3471711857000176
C,0.7450638466309669,0.41158132849314394
C,0.4333369513663744,0.9556489079894998
C,0.7263291113310985,1.1182979344999984
C,0.541428352692098,0.42534086486069395
C,0.7382940074423676,0.6210153728581412
C,0.6121312017013799,1.0383668343508903
C,1.3430010791661104,1.3824975572554468
C,0.9442935470378536,0.6978949124449102
C,0.8094043297280318,1.6459896925967838
C,1.069148756563684,1.0486412276004828
C,0.6103724374139751,0.7905912241278562
C,0.4687587846033586,0.5793934156292841
C,0.7561520376264294,0.8238354838447679
C,0.8946169362182697,1.3465011957842266
C,0.5091108196861475,0.5697497308614183
C,0.7691474207377174,0.6885745962450284
C,0.4054884576666828,1.0915833419852605
C,1.1228939590694398,0.49921469728953854
C,0.7591196446458611,0.9400829047923709
C,0.4671275011176559,0.8017300905213497
C,1.0651261255095292,1.4594720691411809
C,0.41831719314778854,0.7191500104391141
C,0.6796977614171392,0.9096718912943323
C,0.45378076548916174,0.7431628762978351
C,0.5305409016028719,0.6782654923413411
C,0.3541987885123065,0.43026202885222226
C,0.5502635799177072,0.9792841101901304
C,0.6254095391354411,0.3346016344979926
C,0.9189015459960657,0.6202336513410562
C,1.0687807864786614,1.6049980398878703
C,0.6277068147219578,1.1961222540914402
C,0.5501105659157249,0.6452209100899782
C,0.5519326929159342,0.821335694765073
C,0.8094796827176872,1.4225423275724738
C,0.4748490308725126,0.5894865431807369
C,0.5481509460621585,0.6413822093148935
C,0.4860299119572181,1.4526199621189642
C,1.5895708165553282,1.8674190641938795
C,0.8978052428090021,1.1637664164983788
C,0.31528248847754936,0.822537954066993
C,0.45602901488928416,0.8981426143254174
C,0.5797417052661684,0.7075827910998238
C,0.46097342591336826,0.8029107660632604
C,1.1186644745312604,1.2046280344634943
C,0.6585881197878263,1.2651380300501127
C,0.44600086365467884,0.6958167388688175
C,0.7464145533089924,1.5826133248682432
C,1.0375724092865504,1.108430644884643
C,0.2647365941393958,0.3325304470491309
C,0.6042220573893302,0.5607643714322651
C,0.5327075722500413,0.971202330371904
C,1.0984726814726187,1.1289277378426013
C,0.32016980378744975,0.5234304245258835
C,0.5765754158154557,0.664684852886845
C,0.3479789805126971,0.4433582236275181
C,1.1407482613027813,0.8749747576359516
C,0.3228189662247543,0.90912037892748
C,0.36527907002858157,0.7333288965345884
C,0.7735497671745775,0.27886066369753254
C,1.0188061225671994,1.4215801143787634
C,0.48079120848302614,0.7470322808362605
C,0.8973340625166819,0.8241735410784489
C,0.755483506826744,0.29837426074409745
C,0.6489257791578441,0.906487055607609
C,0.4770345272886951,0.5737856279725898
C,0.3316388327871629,0.7100740516620301
C,0.3230061990272497,0.7058658743731905
C,0.6951966749784574,0.8173323589186547
C,0.3375327369146709,0.9500395183511787
C,0.6211029319738979,1.1622937384475094
C,0.7680004798992404,0.8820737825466888
C,0.4594671057257521,0.6614431018118646
C,0.4912668660519725,1.2546686239884233
C,0.762489971796414,1.130063319078723
C,0.33248427195781827,0.33599301802368453
C,0.5087015182559879,1.1998667575469375
C,0.6960086468235759,0.511281041403043
C,1.11896979379618,1.9541933093358905
C,0.3822406292722979,0.5172414519671288
C,0.7902402198518039,0.7070724809010307
C,0.4156807493829046,0.48504516529984953
C,1.062221880654016,1.0126651734878533
C,0.6863986246829804,0.7289744461275296
C,1.3996951611781108,1.5572221216021294
C,0.8583694587718934,0.8253354857677645
C,0.503267445206326,1.105021235681105
C,0.49493258349959884,1.7172540946127797
C,0.43047463537605396,0.47880171916773545
C,1.10687210968912,1.241747605959635
C,0.8829751893558764,0.36801759537062007
C,0.39519477634941425,0.41936947357179244
C,0.6066391138418542,0.7618801638192401
C,0.25230772422017816,0.2626541363754366
C,0.9896708255876457,1.0936288780028738
C,0.5175151543090357,0.4762860752549671
C,0.7384339738096374,0.39776766755542375
C,0.6461736616124792,0.6986970363927388
C,0.6216619260772052,1.3782847675850591
C,0.4599612743194453,0.5981356807635699
C,0.4125332632400246,0.36509555600658855
C,0.4097153447698084,0.9009890869578552
C,0.4326109171962334,0.607161545725337
C,0.49280644775799787,0.8114695941476093
C,0.6615478690169654,0.34011106750224224
C,0.7410237481755749,0.6549533583456703
C,0.9345068905595596,0.7817682988925115
C,0.6827472410220906,0.865078292286506
C,0.6835260069926699,0.5138997222955652
C,0.5227033760882472,1.1186884273961706
C,1.1312288069470222,0.9859688426730386
C,0.44009881215028074,0.26838059717649804
C,0.6312439639231734,0.9204665851961246
C,0.7915082271088838,0.6640555563385963
C,0.43549990749728584,0.8338642303367922
C,0.42933510167608085,0.3363859852315773
C,0.5966356066135093,0.5246645028266432
C,0.49759592300688055,0.45024954720732496
C,0.4037052542889277,0.7735643561355864
C,0.947587248521505,1.3617723279923615
C,0.7361966784847088,1.3866825663574311
C,0.5760880940609967,0.6034765601061972
C,0.5823534597628673,0.35285187349887653
C,0.5334275806639983,0.9444387906772245
C,0.4204831644393573,1.2504549721358267
C,0.9403698121059775,1.6345004426348677
C,0.3553274885741388,0.7410746245006596
C,0.2470297435534655,0.5303754503114698
C,0.7731042549664957,1.200111763100786
C,0.5156785795641857,0.9864427898565428
C,0.7624928220188814,0.8247110232819849
C,0.42648924672484384,0.6021345215657251
C,0.8741493459461361,1.2184921763984002
C,0.5905466399176905,0.6752592168041166
C,0.9780072963330304,1.2787748670471666
C,0.2752385351379451,1.497068449639148
C,1.090337777437546,0.696094273311226
C,0.6237156313386177,0.8563150596422883
C,0.9712301465437633,1.4921870390142002
C,0.1923048538949638,0.43137145948352734
C,0.5492299369551424,0.8080022159780855
C,0.37417044854400777,0.4158338135668155
C,0.5299776754768402,0.48795148851508885
C,0.9136885468597538,1.0357531075707573
C,1.070674972789291,0.7190937223629844
C,0.8129606738162307,1.25315030048281
C,0.7583603160422807,0.27784021594807656
C,0.40364351140438015,0.5576739072288138
C,0.7251258011932274,0.7387600842259413
C,0.9696623151506926,0.6680973871513982
C,0.36529406996139246,0.6455546499777475
C,0.45731079435855043,0.7988755574243365
C,1.0841919444645058,0.4394493287066154
C,0.45157872771226626,1.1629049256877846
C,1.1218201498948992,1.17922151334458
C,0.5265777389250512,0.4347739867064731
C,0.1614871183142472,0.470146963268805
C,0.6714450262660089,0.6788726792857924
C,0.651160750675338,1.0870074102066012
C,0.5170753011034448,0.3069898742702847
C,0.3189627281390999,0.9667572566665955
C,0.35270734382733315,0.3900879926768901
C,0.4121502278327719,0.5678006614895641
C,0.6145374542739979,1.5067072613991743
C,0.5885790631088639,1.1204199285327947
C,0.6347280914429131,0.21685983256304675
C,0.6197464214945559,0.5222204557433093
C,0.8654472516964351,1.179021135251719
C,0.7923045448574011,1.2674996145020567
C,0.660704162506657,1.1238415372567727
C,0.8647386107545738,1.7290809311110995
C,0.54219140909025,0.781056075113332
C,0.6334399580931028,0.29788918307684376
C,0.7300008358860293,1.4606350912220305
C,0.7124354286679015,0.6772145709832086
C,0.34537216478673805,0.4810888097230344
C,0.5214075707612547,0.7018312526283796
C,1.0437039303381865,1.0037573554117083
C,0.39100329510934195,0.5437222951923092
C,0.5572773021575859,0.5950776622770583
C,0.6365231037183172,0.3834937337806883
C,0.5538564738919787,0.5641882849426499
C,0.5608896534863121,1.2241444956169092
C,0.33695843840497147,0.6559003481858013
C,0.2962447399366189,0.8897853787940749
C,0.34750417993818017,0.6676988724001319
C,0.4292828408130544,0.6609583269745007
C,0.5205299347600576,0.44175539957018173
C,0.45847350327205516,0.33389481675276667
C,0.906781157014041,0.9363545162200506
C,0.6833298800398786,0.8309563163609449
C,0.35947855450979777,0.21474805226417223
C,0.669020826313695,0.4710315430383602
C,0.582351781753518,0.16875015077500455
C,0.3670183820937327,0.8844149271583213
C,0.770110538762169,0.37392704195364174
C,0.9437034540773642,1.4287244853496548
C,0.8422479816972269,1.043596831582183
C,1.2130638278677073,1.2804911797685221
C,0.5564073373191644,1.5062854917270256
C,0.7395179704048975,1.389086895024542
C,0.4320352407824402,1.3141543520186938
C,0.4168347956102903,1.9102686889505807
C,0.5743734531202038,0.6582354470870986
C,0.5265210318808328,0.5519514194951642
C,0.32932108120156806,1.0485635844536494
C,0.8340056331813196,0.8134228778101781
C,0.7401455584448898,0.9148093751518588
C,0.6943032920479071,0.7713953090177608
C,0.6373250809267904,1.0625931411408056
C,0.7438277414279238,0.5390984600877916
C,0.5640409850808843,0.8703279954947933
C,0.26367344745961346,0.45226328403260074
C,0.6638162426935187,0.22392603030714256
C,0.799274817564748,0.899243177210408
C,0.4052475311763015,0.4496765630236045
C,0.6753219957266234,0.5260342164979196
C,0.36484575075526077,0.921198170501365
C,0.5218432565254895,1.4166756922274584
C,0.5605073052685724,0.2764310148599486
C,0.679419160576894,0.4621754883611483
C,0.3289872613262995,0.20163089400624054
C,0.7751415896281426,0.2960554565509144
C,0.5728108512310285,0.32606212533701195
C,0.814351496728125,0.7352368677383317
C,0.7849340985007727,0.557424465273456
C,0.5448994953462934,0.2930265775784527
C,0.8738918397994284,1.0059188434887152
C,0.9648371019931126,0.911715156828078
C,0.6483808716048358,0.843830373544384
C,0.9052811083073566,0.8206941971137751
C,0.617981902632642,0.2575292509146027
C,1.0108671563072038,0.8860922242767061
C,0.8345588546509602,0.40003085155527757
C,0.9271828979870114,1.2420249609743117
C,0.3985169231199924,1.035338981013091
C,0.49733076289155936,1.1326727012855773
C,0.5139721534510573,1.148221426672223
C,0.28558892664210256,0.8558549393111038
C,0.6042537257814113,1.2525167730255915
C,0.4304585983282996,0.36345559292541046
C,0.6660286645894609,0.23147639027690292
C,0.5277751633576272,0.2894310272932125
C,0.44206615162740354,0.42032952187958705
C,0.36039860363340454,2.040180162008614
C,0.44235367705360196,0.6370688571464894
C,0.4217499025152653,0.8825387137702441
C,0.3119453291819517,0.8574497468511982
C,0.556774941008633,1.061169525234195
C,0.5253317877594127,0.6054525904535718
C,0.8900052992925931,1.1574006868799747
C,0.49766207626464243,0.45193880305958756
C,0.587883013564825,0.3751659512797468
C,0.3443528585889131,0.6772746625154591
C,0.9322004806601955,0.7451539979330883
C,0.29637844585484063,0.5965860031990985
C,0.7353425989624323,0.3280892396907406
C,0.8728830903569762,1.0128034894055657
C,0.8990818614020042,0.38282718254195514
C,0.5206536887490077,0.42236418670139575
C,0.5759962231254185,0.5404086112826033
C,0.18364956644979372,0.4343877102476652
C,0.5335578149964203,0.531214377712496
C,0.5483294661701542,0.9669453928709286
C,0.7790423243271091,0.9104122618474324
C,0.5267951825888553,0.5282373872883167
C,0.5358419541576028,0.3255638432117499
C,0.45553075664952464,0.45091064095383887
C,0.9874980822552624,1.063665258086847
C,0.756526237223505,1.1479592499537405
C,0.9716685804694131,1.1989132233933406
C,0.4487113869858756,0.24903227275677353
C,0.6252085139010394,0.7435107208703569
C,0.5282901738580257,0.6053084957650084
C,0.4053623238836215,1.05463788298335
C,0.6982850410154426,0.798594624023409
C,0.32623035933042677,0.9488914991571434
C,0.5262821884760657,0.46841040319570587
C,0.5704270783627777,0.7459338586457117
C,0.9381766668311144,1.7677432207901773
C,0.5821239172569905,1.1407824134730873
C,0.34583610477045085,1.2995308376981383
C,0.3864826490288151,0.8143120094085801
C,0.4781280949563537,1.197225146594836
C,0.47180208030394805,0.8588241948289307
C,0.501095251711331,0.27714471143932695
C,0.46750683932189724,0.6559297345231224
C,0.7866736396401875,0.8927091741802226
C,0.34054190500262427,0.6080218892327504
C,0.5808678085081913,1.0327819400954863
C,0.40767493556139905,0.42073600203429323
C,1.4506378696272595,1.1595671504149843
C,0.2730174558358786,0.5892841759686432
C,0.7560951486230488,1.2719294356068962
C,1.1793454762092699,1.018620258554082
C,0.41457908990910086,1.0742116675461797
C,1.0846492508820382,1.397791404307409
C,0.5383860846881877,1.1160179373539394
C,0.6687085448424054,1.449904835877414
C,0.6067124000595148,1.3410994102391776
C,0.36821813730342307,0.7304391872839077
C,1.3184078751584025,2.743552051723753
C,0.3462734196890819,0.9568935802488602
C,0.6207952412891383,0.07982204262321078
C,0.47574726661930355,0.9113621658057853
C,0.2758677577487253,1.0089243428353054
C,0.5014270915270566,0.6438204347452888
C,0.5214527091668048,0.8104329495200915
C,0.2614128561286624,0.6041580921598808
C,0.43876370040332746,0.5186335290041103
C,0.5731864678587433,1.6014392141509257
C,0.7752686590772434,1.1654855733052096
C,1.3286894219126377,2.1408216270637745
C,0.742224439981817,1.062481355939784
C,0.2946891044556974,0.6361524389354392
C,0.503474707081581,0.3212812956438579
C,0.5079534057216272,0.7830719366117469
C,0.9158409658864454,1.017036673651932
C,0.8742602169995767,0.9926734283502782
C,0.6896352658576137,1.0772249102499292
C,0.16367638404874654,0.44839284884013625
C,0.9135615434772536,1.6525511439369178
C,0.9119950639302653,0.8037293921107685
C,0.28762246680431175,0.5459187504807346
C,0.4497198150284736,1.268220603995144
C,0.6441332767338457,0.7819312250129967
C,0.4223861490791494,0.537768537463427
C,0.7229466767277555,0.9452905069489963
C,0.5623613910849434,0.739214925875656
C,0.25476539317912034,0.4228629475454781
C,0.506031131952708,0.3167681597300289
C,0.31747092746370065,0.9412661045610965
C,0.547133196635863,1.4334240325818572
C,0.8867596694358459,0.6976130052273448
C,0.5372360998674258,0.7213578311394515
C,0.5086578552345914,0.7359940431683045
C,0.3127412556121581,0.5364442290607958
C,0.341854127091868,0.6078948435345348
C,0.517215918233575,0.5234441807698901
C,1.0651939220076583,0.7133253904881312
C,0.9915927309171205,0.8626789124671791
C,0.4016851760984406,0.6972131651667415
C,0.541115715519377,0.5835466889559232
C,0.7433196201177839,0.5719073039735402
C,0.4434930789931745,1.031452814706731
C,0.5590237632084749,0.32885139667680424
C,0.6254592455399991,0.5014227301543748
C,0.38439401912016163,0.22728506965228715
C,0.6485405097381471,0.8604025339925143
C,0.9246266472297919,0.7154359344941482
C,1.1780487454707311,1.0842124447666084
C,1.232929934698779,1.4582564845256751
C,0.3959669758321318,0.4801770054303881
C,0.5080143641352346,0.9104978690335093
C,0.4084627379697336,0.7419301962078718
C,0.933964267847903,0.7923299354713743
C,0.7525024359726326,1.5986521618955793
C,0.7467872940292107,1.2563782377186652
C,0.6015035241998805,0.48662691996800533
C,0.3825635166603056,0.49282955481498886
C,1.8032793734183747,1.8899793708403843
C,0.7830514801982256,0.8244285572116914
C,0.23475294656236076,0.16446756215244723
C,0.6744216831337938,0.6397617556866703
C,0.4903138868358086,0.23022017217732982
C,0.44784504980884426,0.050810716108373254
C,0.41535980357155794,0.7537979402763951
C,0.2543510667292882,0.6984382947030932
C,0.38922383067754573,1.22016904155476
C,0.8958899205630794,1.341207603688732
C,0.34601637990870265,0.3788871704803854
C,0.7774063871741511,0.5894603579879935
C,0.6530884009673555,0.9940431830440422
C,0.38110567189281547,0.5101663418775287
C,0.272479241392911,0.452440901190072
C,0.5096149675557501,0.8734906253179389
C,0.4738898525671257,0.25186628738355543
C,0.4667498892652726,0.5886508753294566
C,0.5266398212646597,0.9399210194556444
C,0.5950206121901026,0.798485256770171
C,0.3977623855760457,0.12008597909649935
C,0.27984295422098937,0.43478207915140527
C,0.6239212137522497,0.8628137309490674
C,0.46955331635690545,0.5821222438327102
C,0.6839088274214382,0.6425427148499995
C,0.6228450047695668,0.4698955621471304
C,0.5118146857234663,0.3305603441149757
C,0.8314472338972081,0.6435581057183957
C,0.5185088736600874,0.3522547791831444
C,0.32937502743799796,1.0120843042644383
C,0.41064022798494687,0.4512804177850386
C,0.497697481898587,0.7442214494704835
C,0.5330590036324856,0.6956064576880866
C,0.6867320538037698,0.46395989811207927
C,0.2753866494655539,0.639072779042149
C,0.5597100446246532,0.745531867460966
C,0.5198338177822419,0.833956429717925
C,0.7876036998547074,2.181975476060101
C,0.47292469716271895,0.24111579294122712
C,0.26594039636213945,0.7673499257052945
C,0.7889537272624907,0.2549192008633186
C,0.34127265298942727,0.6795006060500439
C,0.42993285891524824,0.5445793933555547
C,0.46059543315019275,0.6824518538620017
C,0.5489056565519007,0.2965297392318393
C,0.2995894776146594,0.5754186196350408
C,0.3712243823872493,1.134714036994062
C,0.3894631263631553,0.5228269616732443
C,0.6884060963261646,0.9999530358864547
C,0.5300600612721139,0.7535559213579311
C,0.5912058225147142,0.614744365160907
C,0.8475058703694264,0.5965387256170144
C,0.8510894352980111,1.1121971812879619
C,0.47892940165338327,0.8639979286701236
C,0.29109792683294117,0.7836811094370352
C,0.555053031241473,0.6066257691896841
C,0.2607374556357197,0.6369280278958979
C,0.6926920324846417,0.3762944039702602
C,0.29835013561348206,0.46497264458532644
C,1.0036853548490179,1.270999740575163
C,0.17132856734086022,0.5055950048992428
C,0.8706319067252194,0.8194666531022313
C,0.3940532807966173,0.705679690989486
C,0.792807136014427,0.37379720710178393
C,0.5849637293367144,0.4422942458708803
C,0.46109888422830175,0.4684697377038786
C,0.7269244407304413,0.6507744333191637
C,0.45216516990724265,0.47222707211735243
C,0.742969808291067,1.1676005397519102
C,0.38719896024999506,1.6094261600476563
C,0.39404132607243786,0.9091322205928497
C,0.8095500392280863,1.1147796229567515
C,0.5119649008489425,0.5797612206882903
C,0.6374802154435671,1.0466804913313816
C,0.3408279968625377,0.5385966881116419
C,0.3674646186186169,0.9541614013656273
C,0.5955629594500751,1.3236485937420108
C,0.3804488254829485,0.777846618898763
C,0.6194613374625008,1.2626139532084375
C,0.6082031930271808,0.2595271633953417
C,0.8979182727591858,0.8487086438511052
C,0.27271240569516936,1.0518870351183836
C,0.5239876679595682,1.4969402564900351
C,0.5310164522038626,0.5771522294501634
C,0.25860064852828,0.8332724489359514
C,0.5256521213409557,1.6201248705636127
C,0.5390503190990082,0.587494137501608
C,0.41407497890466033,1.0322077831537884
C,0.34146938852099307,1.1885925525357928
C,0.8225280946333121,0.9225167009294425
C,0.35798128323264683,0.6458827315183734
C,0.612200614508681,1.0290893757761908
C,0.2690237848046356,0.3830167818199001
C,0.4713532799256489,0.34063957715805876
C,0.19395077033824043,0.29932021679539617
C,0.6475049774498841,0.5877996317667874
C,0.5026599868085863,0.5137076907437503
C,0.6611447137341286,0.3753096448947345
C,0.6032957605138795,1.4202275557632182
C,0.3264058410951292,0.7475295665912011
C,1.3506623923790735,0.9500987150627426
C,0.4083448645041737,0.15408101143531627
C,0.5866589382486711,0.47910977644467256
C,0.8003476097337137,0.3881119973990866
C,0.4533304904832174,0.9532315150688188
C,0.5051790234243827,0.7437220116581739
C,0.51134709271401,0.5061457076676283
C,0.38781937346475487,0.8023963081986234
C,0.7592186759717686,0.5994897689384229
C,0.6394437506638659,0.428224390592059
C,0.2399751445732078,0.7898733328500388
C,0.8646242794228696,1.079882802964087
C,0.43387719396316804,0.2701231391162049
C,0.38391328214916776,0.6026557682984338
C,0.7571048141577955,1.221651293120669
C,0.5633541040866376,1.158355484103701
C,0.250412194252126,0.2913156727371072
C,0.28540778976719466,0.4312541725217625
C,0.6424983207933418,0.5683939379667434
C,0.3938770896628804,0.8214393797479244
C,0.6079134631157438,0.6492053093144947
C,0.2478781331246379,0.4635050386750422
C,0.7068674795474702,0.26819683132478456
C,0.9645484372193335,1.1333205895064764
C,0.4911797831158923,0.6689765782218443
C,1.709072007922538,1.5386240807627387
C,0.7388740662059811,1.341875855288701
C,0.6530606918340092,0.8198380647616237
C,0.9145110061839744,1.5707877974756614
C,0.3482887409434392,0.7082687023077283
C,1.057430433639297,1.5145017102445915
C,0.2671249006463194,0.4732276687781595
C,0.576103866118233,0.5822494772818663
C,0.5176901653730842,1.2612937930530683
C,0.6789105420701478,0.8415593649565971
C,0.5691103171106233,0.9119873572695842
C,0.4715566032203312,0.6192698772214332
C,0.2892158383033581,0.8915379916874094
C,0.6142862195810679,0.6769787711708477
C,0.3313992742048577,0.6334460937041436
C,0.44544379593292943,0.8856074537649097
C,0.3979926102653806,0.858980779756856
C,0.9521848049029895,1.2480268195506223
C,0.46934445233711497,0.6961372361630963
C,0.48339324906647235,0.6574611742757674
C,1.0862367495999419,2.4824286202091064
C,0.5367047656584124,0.3147205131239011
C,0.3042076965819685,0.7493200300299374
C,0.5454654204758336,0.9941878926147716
C,0.9328954803689492,0.7216744326359976
C,0.6794281786860823,0.7313659981571463
C,0.3120901077361549,0.5182290048852396
C,1.2038761187480296,1.5330416530411444
C,0.9994740397801475,1.3361346220637598
C,0.7755457823288495,0.4741126730090484
C,0.4647786290145697,1.0712547414837699
C,0.302154649452931,0.9716621192235115
C,0.8060809753064233,1.0141403168210912
C,0.4177653113091668,0.7015242125816256
C,0.6524104594476158,0.5880745706045086
C,0.7017789438204064,1.9393399842893737
C,1.054333336856884,1.4137145836750227
C,0.5059351270210547,1.1155056206582434
C,0.41986058131628345,0.2407877140718444
C,0.5793078812935636,0.6193825283131632
C,0.7327141524709591,0.7914392219783112
C,0.5517534377074629,0.6064189039403416
C,0.7525359560797096,0.5339570184344443
C,0.6808888981873166,0.36185488546404654
C,0.4044731389891328,0.6288899096115022
C,0.40757181546450216,0.1157145646531169
C,0.4506874873774206,0.08667742260738688
C,1.2575129385932267,0.42266300204010476
C,0.5164544941128429,0.6822034858855466
C,1.032464796284897,0.9158954177604128
C,0.5847548779949266,0.5792136479356261
C,0.6135050127052372,0.4026785864931877
C,0.7980919105173644,0.6996897545748461
C,0.34712744869387346,0.462915031442585
C,0.3717161360022418,0.6817238815290498
C,0.6252155630888621,0.435590734648565
C,0.33990996986096933,0.4199457933074408
C,0.49190786803827535,0.43658460348242223
C,0.47339799355433987,0.6354246990858808
C,0.365106897987542,0.6738960902935806
C,0.3731566834132859,0.560019915494941
C,0.8173525895257783,0.9734426595320788
C,0.6791509348041828,0.8783560389976652
C,0.5688864544643351,0.9587502259614852
C,0.5095418436942107,0.6886654369973871
C,0.7209836730500249,1.1928571869274187
C,0.8803950757362144,1.2238781184182423
C,0.5969688822030289,0.37950561409590694
C,0.4518900373833316,0.6412208936148502
C,0.8335741841955017,1.3982912866411354
C,1.15134856621527,0.9467076468529738
C,0.403279253122706,0.558506390043701
C,0.6329006091259168,0.9526175056645967
C,0.6754943943503021,0.6248161217366921
C,0.765737665028902,0.5296891612496211
C,0.5666742265804677,1.4310353653825938
C,0.8342846357591859,0.6666337336078663
C,0.4138706566380201,0.6716292266160465
C,0.4912159837048631,0.6042951347973151
C,0.35849047823885644,0.2188904442123225
C,0.44118416370551017,0.9181847805055906
C,0.6706077337658962,1.0058706612378865
C,0.4757521228200583,0.5322821993142377
C,0.4083626356068265,1.072858183080013
C,0.7951508504253552,1.8350959770866606
C,0.3504642586409725,0.9221268033542701
C,0.5674855691228158,0.4154603053304863
C,0.5107732189139236,0.14047204194898832
C,0.6587401795853978,0.8033034698800424
C,0.6846511057584126,1.1443361715605442
C,0.46900320816082725,0.41143875964382776
C,0.7734746385777074,1.8375056916075705
C,0.45745945224552387,0.8815094764260522
C,0.5040965461409319,0.4563803846770813
C,0.48079263807867256,0.6608621628747164
C,0.5186438503478666,0.5109611304751404
C,0.40044903440062196,0.7467786574342503
C,0.5025981501522123,2.6471746402472855
C,0.6655305610107547,0.5649697507336879
C,0.25270089680456326,0.7033278621448933
C,0.5444064229071991,0.8430950093567692
C,0.43174728357604286,1.6254980234602214
C,0.5604883528430347,0.27998834597256544
C,0.38453475265943465,0.3071209691392315
C,0.3629163776333347,1.2011043803839263
C,0.7203504011356324,0.7673463325842445
C,0.5552172764395823,0.6370134584521516
C,0.7463967503635728,0.9267237864300334
C,0.759149689110769,1.1138181326670806
C,0.47060416961324864,0.2660709056489973
C,0.9572149300404669,1.248793816541737
C,0.27070958548922025,0.9738074521479034
C,0.7351873825937987,1.7715314969554186
C,0.2484652521555988,0.755522264197182
C,0.3153756991478086,0.5747333361518548
C,0.5101934696449745,0.565476044289425
C,0.543640102815325,0.8372307095451442
C,0.7488633778380133,1.2276314897603469
C,0.5135066021202528,1.2525247984153929
C,0.22545267176289877,0.8099636520054609
C,0.6361538835103079,1.3031791802568407
C,0.6702213829602903,0.4180192157895725
C,1.1939018141514695,0.8773171634340492
C,0.4123058376438775,0.4473658815311638
C,0.6491621722166453,0.647766927440147
C,0.5581985877179308,1.0380899141821869
C,0.47831429665905373,0.0886513325530028
C,0.46974027409270475,0.40605106823940623
C,0.18024984072262035,0.8737683057693104
C,0.5439387413737056,0.6921173913242004
C,0.8198091789351435,0.8971844977461084
C,0.6031378580114922,1.6635097117382591
C,1.1241057468996967,1.1917689596856598
C,0.8377216738964992,0.8478190818662868
C,0.47897949794754496,0.4388640345771749
C,0.6510375007122717,0.3438034356856055
C,0.6823170801858931,0.5337437002969372
C,0.39646880852397176,0.649462442266636
C,0.5874637449241172,0.5490112680128649
C,1.0436772564999544,1.469031904414794
C,0.7871301464199493,1.110986926455132
C,0.6181021536541652,0.5344281388334324
C,0.669727329340873,1.1416547144361386
C,0.8936457677378701,1.014436479502335
C,0.4371024051866241,0.7557611830985645
C,0.2948177276732629,0.6707366858375409
C,0.8406891167144113,0.8689872114489503
C,0.5222918546962818,0.9545690165043318
C,0.6111012687301637,0.1560436644819033
C,0.4434572427405233,1.0272389045929622
C,0.6521340287706107,0.6950963029676883
C,0.379072728879083,0.5923228171897906
C,0.3891420562253042,0.3939693100833481
C,0.8248435794697103,1.3530163077260682
C,0.6460249087812359,0.7096618059302302
C,0.8031985302166158,0.7483533634613667
C,0.38269974380365335,0.6409067294354289
C,0.6875729458136924,1.6960969637647767
C,0.5153111655953418,0.41416419757559786
C,0.5059790081555398,0.8106647561185797
C,0.6455694511896461,0.8821635728622085
C,0.4590081701457801,0.5365794747239261
C,0.630747772839047,0.5080223870429061
C,0.5808309499020785,0.27048414668466053
C,0.7395704360474776,1.051869865900742
C,1.146111059989349,0.9950568534216949
C,0.5439698496361605,1.2115322920134428
C,0.8537990508280632,1.9903476437895329
C,0.6557448461506776,0.9694543324644764
C,0.8460483152573135,1.2930044670665843
C,0.6959730142441666,0.9646347641488393
C,0.6250323518075245,1.0334720243823137
C,0.41219683633447585,0.9182081481269804
C,0.28172572223327375,1.2325566931406162
C,0.27109859355427274,0.9605645360735932
C,0.48711193753072846,0.6027526481761794
C,0.620535741444419,0.4670000660333689
C,0.6795681685213913,0.1602835348477569
C,0.6816669841138022,0.5675561510969237
C,0.5067830626939206,0.4797334534696068
C,0.2732756863891962,0.5410389830552212
C,0.7212147860731037,2.2085650140996758
C,0.5011991899289971,0.6661540418706213
C,0.5940982029336249,0.6638177177067665
C,0.3897526352584017,1.6989863586336955
C,0.7805163940084354,1.8851872472595814
C,1.0493594982203138,1.1464050732424562
C,0.7582424852193116,1.2181024349179526
C,0.837878802064283,0.798499550928597
C,0.35137948117852114,0.24949793670533216
C,0.7623320983901064,1.1881175760627876
C,0.27344751784331434,0.7019016236078196
C,0.39173634856005685,0.5525125521291843
C,0.4360916816356534,0.8998283119685575
C,0.3827911892707374,0.566091081331097
C,0.2417966521600783,0.3482407291870816
C,0.5937476239360291,0.7212225702820056
C,0.8203467475639902,0.8486381511070252
C,0.46243328008752116,0.7273837883108805
C,0.5870734838363603,0.9240975907119162
C,0.5095692375865651,0.7172935244024209
C,0.4120539369793519,0.482627810339734
C,0.634504453142002,0.9801939660833816
C,1.1336513542932405,0.9400321119038132
C,1.0385963644629743,0.5414430394054149
C,0.5509876587797835,0.83497040367819
C,0.5620095427712078,0.5119937407551877
C,0.4865185529104569,1.0538385705521773
C,0.8897402214404133,0.7399530092555637
C,0.7911031050598101,0.7110367880286866
C,0.5975267576258888,0.3678304795294868
C,0.85509160064174,0.9761560019623735
C,0.43074327785537136,0.3332489422913885
C,0.6226903918173045,0.676287285072691
C,0.4270102569689948,0.5772811624146994
C,0.5912933674686598,0.7112648484563635
C,0.7827801050207294,0.6426891632512859
C,0.5926296986700204,0.4857640184750143
C,1.3613383781887713,1.2507520930422742
C,0.5927257879108895,0.5487077776481367
C,0.5597243804675012,0.7291529551210061
C,0.5018109651819239,0.5921831808421921
C,0.663353725457569,0.2557327053043702
C,0.5342781189039314,0.6264693078186732
C,0.6191462109504677,1.1932068924065866
C,0.4989172504222569,0.38598608102776616
C,0.5420799204564901,0.7572625443163298
C,0.5913556417666752,0.6448572398320176
C,0.4321094991019864,0.39497473989071735
C,0.5287695540532772,0.38008523727920135
C,0.7565291137492005,0.7089933687101659
C,0.23774922275441207,0.3307867958299918
C,0.6858920196235033,1.0870117051524848
C,0.5938742234073997,0.6774629401906697
C,0.44336674643309365,0.7788863068809578
C,0.45460977758451065,0.7621832769876998
C,1.1035248294118634,1.1499628301088902
C,0.3191487894030726,0.3553937289383416
C,0.5230206182809388,0.41763052957591756
C,0.6156937652834557,1.1634849578070594
C,0.4701718991483679,0.8195615441457657
C,0.5741164173915912,0.9159351415486999
C,0.48891295986107575,0.6468303268791675
C,0.367325771223239,0.5892144236967378
C,0.9364593162321255,0.9715272355227762
C,0.9379984331689576,0.5514963603832174
C,0.3152513311022259,0.9462856169355665
C,0.46940309775215,0.9178765271463916
C,0.29095411585263553,0.503686429193635
C,0.7560470947015073,0.5728584339372927
C,0.5555640462417277,0.4475139931308901
C,0.962674227787646,1.2505183766612094
C,0.7831991035078681,0.5823278899800313
C,0.5730442203717234,0.8114196600437388
C,0.6866303990171265,0.5582519675995871
C,0.16226947148692006,0.4569135294602409
C,0.5405655240057586,0.46524756415600954
C,0.4378561261260534,1.1920520128445344
C,0.7179577535399081,1.535075206458323
C,0.3681541075128438,0.43742938352508587
C,0.6887638611174866,0.8085592344683626
C,0.6216092169036571,0.7711476333477203
C,0.8259879431311187,1.7721696011437105
C,0.42084269461682616,0.9450657609571487
C,0.7838239014299955,0.9794090980255871
C,0.24907189659101997,0.44028009931455625
C,0.670558982852041,0.19989379417096284
C,0.9808655096798657,1.4029607207191697
C,0.34873314437439284,0.1957598416115328
C,0.6567067429019049,0.9586210934780319
C,0.7185139342304078,0.45425733694001386
C,0.22081688959427628,1.004542221652095
C,0.5682686422292166,0.760568243803191
C,0.9793538945141027,1.3105128274077444
C,0.5498344952669729,0.7535363742386719
C,0.7062446955010894,0.5501547112472869
C,0.8743618871032828,0.7180516976718012
C,0.5666294221828723,0.3932040904584838
C,0.43872127362150337,1.191760283557806
C,0.9712633206491764,1.5479976710284236
C,0.9082675862357246,1.0099294403399794
C,0.6955782611745125,0.36323593254666176
C,0.6516161940997099,0.6885082808629277
C,0.6825036354411091,0.5458567361286946
C,0.7455538054666939,1.060609908323786
C,0.43541078766216024,0.6370784104946684
C,0.4927038251118039,0.5512553817934243
C,0.9558607662037707,1.2421444874124419
C,0.6152848850338534,0.9137396046884998
C,0.3074634296152624,0.17975325868460026
C,0.6479183360198427,0.5366188854060217
C,1.15985797408694,1.0556151446478366
C,0.6993937984118734,0.5063115012631456
C,0.31882552791300794,0.38622547201000185
C,0.4844098069512384,0.4773988551615179
C,0.5265634816028681,0.7484873000328002
C,0.5257080988673518,0.6236215295600886
C,0.40310220707917577,1.1333230886920231
C,0.45797263551669926,0.43484610972105003
C,0.666579828324319,0.9573840371025519
C,0.4464583984153336,1.0582749741997541
C,0.5065479522483255,0.3569144207812699
C,0.621900013302068,0.9838355484562056
C,0.24035309768848945,0.3304794654134076
C,0.3211544893586515,0.2513372598193536
C,0.625254199351466,0.9050888774005967
C,0.6291097216162149,1.0982025886177884
C,0.7974177279968199,1.2562261388068523
C,0.4779582632864673,0.5770589033219943
C,0.8281283715373778,1.0174918333958978
C,0.5705441522008573,0.8934043860106383
C,0.6495359609794141,1.0250374360885854
C,0.6188159278893974,0.964712024552031
C,0.7326485589502147,1.0354828015496063
C,0.847062558476701,0.6173597300362602
C,0.780789354395377,1.6489630674978126
C,0.4799390866400413,1.264912576533262
C,0.5613782115948697,0.5373203721333618
C,0.3356020793453084,0.49530858390328425
C,0.29539134272449424,0.7795151392456433
C,0.7133154740960277,0.649708434364712
C,0.26558165151256347,0.46983198979127166
C,0.565412689783309,0.7343506628260891
C,0.5505495623499654,0.6489048320325532
C,0.537992397455135,0.6880535984470132
C,0.4446283793580303,1.2767621444024726
C,0.629193361924586,1.4082524889888048
C,0.22986812693259906,0.6606496038382392
C,0.5665326889598663,1.0786856564983995
C,0.44343817703440036,0.4728859111957411
C,0.6292502305295742,1.3054087863865922
C,1.420185428828953,1.0396362303721671
C,0.8737089434692519,0.8808335372712468
C,0.39892011282841194,0.3194281003326046
C,0.7070776363080612,1.023482871052426
C,0.6393038218978866,0.6260505721601144
C,0.7900853590252412,0.46820704330900326
C,0.5728621514178802,1.6907389375042148
C,0.7194032177577258,0.7494993472034601
C,0.6843481311295466,0.9807732819538185
C,1.0673211882887828,0.7512559997233741
C,0.1381974800339251,0.2968709391004139
C,0.7803819089395572,0.6145726721136509
C,0.6819750143560408,0.29265082473947085
C,0.6339105748020999,1.247583388205651
C,0.37888178758124,0.1979786586156332
C,0.5334225135091852,0.7257454208141209
C,0.4553222260448825,0.3868405084866664
C,0.3619845076813936,0.2510702167420415
C,0.5972880563672709,0.5913184535883187
C,0.9528499561874851,1.5395440282715198
C,0.29143874395125524,0.18033991323256268
C,1.013590980715011,1.7981771666753674
C,0.4679283829568363,0.2664292631176083
C,0.8724231074579379,0.7212030967054541
C,0.2657361851496249,0.32388831518974703
C,0.6333559890385649,0.49823805922292264
C,0.49970138982285206,1.084874562990261
C,0.5987056884954342,0.8108873571472283
C,0.544939314247009,1.5151199628290946
C,0.7475372745060234,0.541720680211318
C,0.42165133824255524,0.9239384538379254
C,0.3126212722957885,0.7221256726991838
C,0.5145910115822155,0.613267023852464
C,0.5116406491875116,0.6821481302912655
C,0.515979648781981,0.7509241197298594
C,0.4890452965928601,0.4642619978738723
C,0.8112759251018163,1.8095992272188426
C,0.45641321396952106,0.8125298104067901
C,0.8946062223586054,0.8543899964367588
C,0.4110511476914055,0.8742315474271368
C,0.5244482743361027,0.2117769161383908
C,0.8297460474888265,1.228281025414537
C,0.3097612798051845,0.14043471971211094
C,0.7463231889545168,0.6402489660143005
C,0.9639995852996726,0.6718623236761979
C,0.36524331754856154,0.8220390164590035
C,0.6815997389650007,1.7399091990077362
C,0.6668959989536045,0.3787668687734506
C,0.618726444220857,0.7311361369292965
C,0.8886849284552822,0.9438979535947281
C,1.0447303646496537,0.7945591287415829
C,0.48813647967289076,0.6749902468488498
C,0.4293253080529024,0.6624068116400768
C,0.5295579505254638,1.6486902763653704
C,0.48781314073938103,0.3421468024003669
C,0.4897458944697485,0.2188927912350159
C,0.6935492030140724,0.466146400697835
C,0.6165918308421358,1.065136840382455
C,0.47574733258855845,0.35199910215487934
C,0.5287920494548936,0.4819573509208106
C,0.6666590015196007,0.7305924412424282
C,0.6188159082759822,0.3969910626331412
C,1.2727089244101162,1.725736634839693
C,0.6965263186076288,0.6163748340582251
C,0.23938841366449745,0.3346974358901122
C,0.9253321664103681,1.2013092424592602
C,0.8479866941950477,1.0280337227218925
C,0.3846588922088596,0.24263000210671393
C,0.6329300067584781,1.5301916274584237
C,0.5782000198431754,0.2986709318391807
C,0.3151461039026586,1.2754378470478436
C,0.1556198285932738,0.3865031024256878
C,0.7809108549004552,0.8859278246365434
C,0.44180463676731574,0.23427959187664835
C,0.545290020295188,0.4107035481403564
C,0.6602550763250347,0.787673228359596
C,0.8281124899396975,1.030269727615389
C,0.5850744176777447,0.5255629505679918
C,0.8853484310555882,0.3376192745606048
C,0.8250992842450255,0.675164083295621
C,0.3590087663844833,0.5923029945734217
C,0.3936256427718504,0.49053087672635076
C,0.8226009425704445,1.9175372784152644
C,0.7729439763482406,0.6669802793627997
C,0.7003142005506167,0.9775979504895382
C,0.5464959674744925,0.43493623699837913
C,0.4309729616533986,0.30505055250915253
C,0.5894499040064249,0.8133260765253497
C,0.4275357089246878,0.5978410179905759
C,0.4834066570578959,0.191642522358046
C,0.7826202605176984,1.4865355468812147
C,0.5496515148008012,1.0416712463997453
C,0.7181179695937702,0.4677391728137707
C,0.7516571648212192,1.4631561530014776
C,0.2807083941641189,0.4011109670093469
C,0.7965065454951753,0.6541550105821934
C,0.832704895893519,0.7662726716410057
C,0.5398226184856251,1.5963363830586892
C,0.6257219887502012,0.7824048087669037
C,0.22537506093206458,0.653302710461441
C,0.4370115556140824,0.37464278191513006
C,0.6862508706461261,0.5719865329868472
C,1.0816810541039235,0.6260775681193431
C,0.6244442011869404,1.1273749947369622
C,0.575703016072709,0.1934168949317194
C,0.5808673015164361,0.7643120764556157
C,0.6211654320143414,0.5867741649763296
C,0.7436241212235243,0.9391925960388949
C,0.9047106177126414,0.706255806981908
C,0.693462624963296,1.0650981686163454
C,0.6695894731937974,0.3121564820985286
C,0.5553590154769571,0.626114329553362
C,1.146104552555785,1.2822603284824547
C,0.2787662631174523,1.0550765639128201
C,0.7012733403656117,0.6922430152247377
C,0.43152660046631114,1.4495942211493806
C,0.694285669803721,0.8875931366101006
C,0.539427502202022,0.5875686006153273
C,0.9135236404222125,0.7900776556068551
C,0.4078298663644928,0.6747174148952856
C,0.6162246848487761,0.6991129602566225
C,0.681973971295416,0.9658983221164797
C,1.004261562116098,1.4755111019580078
C,0.23530614141978778,0.8373673697841608
C,0.5688112355686036,0.5446577898584508
C,0.7508053649117877,0.5726537822307043
C,0.5481984354916427,1.0738756406689247
C,0.816254604692348,0.9129205759329715
C,0.46472577677181304,0.29084484800086463
C,0.9442427393352552,0.5844758562374166
C,0.7040579602976975,0.09421707463789059
C,0.46314629587431655,0.3617673931016971
C,0.3925040539275129,1.0266458665501579
C,1.0274839032141798,1.5379321294441455
C,1.096114730390436,0.6994599000215923
C,0.5437671765681127,0.6003364745718849
C,0.6405586777261634,1.0459658698104017
C,1.1169220074530912,1.5788512194747624
C,0.512461232600823,0.2986668905555518
C,0.5449779950779433,0.3800939069540546
C,1.0454137143728595,1.3305595876726277
C,0.8531811213491514,1.9030219491872553
C,0.3986797941413223,0.49883531805903797
C,0.3390240659985161,0.5096958092124368
C,0.2794950174039278,1.0439378231900116
C,0.6961137685172758,0.7284195624381642
C,0.5546042367758199,0.44448263973677876
C,0.34187244634924885,0.6248093707787649
C,0.46440703080327517,0.623150378094331
C,0.40803713589438906,1.4347666426333459
C,0.6513326139026065,0.4879202842186
C,0.7234297828274602,1.5347840223222022
C,0.41003187380900263,0.23755673374243882
C,0.5231145243622713,0.6958045222423321
C,0.5710041453893031,0.8956356819153437
C,0.5176143845731072,0.5768466518129862
C,0.5824658641397097,0.5426207658757716
C,0.38761514038061656,1.1031124940809254
C,0.25817766496006694,0.3980960239775914
C,0.48190346417867763,0.7228907137349665
C,0.5016653865488127,1.0312760820270421
C,0.4452019447009907,0.6610235051770078
C,0.4349625056353352,0.8123310121765079
C,0.7995951388753147,1.1229064884752666
C,0.33769284160162544,0.4161676513163304
C,0.7819687963000214,0.5336847496282344
C,0.42433726541170164,0.7990006499594484
C,0.4373761788471843,0.5837250372067126
C,0.9897314322415798,1.333509865944276
C,0.8078454872404778,0.5969248431294704
C,0.5904399542689581,0.4437376372286188
C,0.6114968875167669,1.8367932511637135
C,0.7336208103150631,0.5875424848386355
C,0.6791503196359904,0.6268852608375399
C,0.33435069509423987,0.3228521570534924
C,0.2613695157903492,0.595888257357887
C,0.534654449096644,0.8678905587039628
C,0.2556936251128114,0.7120138901816253
C,0.41718735677286983,0.1598041474067597
C,0.44535431763579264,0.6556296959954563
C,0.9699134724299526,1.3615528002139912
C,1.0722527690405017,0.8114155830720506
C,0.3698746016946171,0.7659414625139478
C,0.8660986790131693,0.7146462040015629
C,0.8223135710253775,1.0192255943234236
C,0.8371624294470712,1.2914301661863636
C,0.8618947089402411,1.0811465609536361
C,0.5310144520206481,0.4508247629711206
C,0.6656227778589962,0.6286055904203169
C,0.8116673605179945,1.255926710752208
C,0.4710663390555688,0.859795288778812
C,0.4200655024296461,0.619315528815471
C,0.9649786945135844,1.6203229344868144
C,0.761348033511466,1.407527384397907
C,0.5215159019602611,0.4574758077190948
C,0.40240000364882395,0.28536312063835073
C,1.1220665638511014,1.1634365992895148
C,0.5676575249604067,0.5657765749579874
C,0.41095684700747065,0.8098140207874175
C,0.6843669964656525,1.4276357544410034
C,0.5770134514504166,1.1190314206163603
C,0.4492771303241809,0.7035276172410971
C,0.3140300984253657,0.3278934386480893
C,0.74222529585622,1.30778687170873
C,0.2804968322920062,0.5736058691064971
C,0.5927806272889851,0.4773116682961122
C,0.515018904605964,0.31280088394261457
C,0.24075149500699072,0.28738015736548606
C,0.1413646497882617,0.15348164719687316
C,0.4444396637132775,0.5717020910256511
C,0.7314166473532779,0.5714945871801171
C,0.6435994961481013,0.5930250046361036
C,0.5430671957596551,1.3105103088373034
C,0.9699048652400468,0.7323986153527176
C,0.34112817421828795,0.8402009334602212
C,0.7112321376844525,0.8814865954337621
C,0.6216598449389232,0.5223417366650874
C,1.4870547327441705,1.4675332398822911
C,0.7464040802044941,0.8021292271476907
C,0.9357828337400067,0.6885333423048959
C,0.2953745614217973,0.9470044159568036
C,0.8369344123102996,1.2768001847912847
C,0.5516897996072083,0.7053504176575843
C,0.7475872744464406,0.7242067724490127
C,0.3067531373498159,0.4337485780527007
C,0.6490657032416142,1.3266599270566697
C,0.7675667585392899,1.3361654156118004
C,0.5468659888998181,0.5339258842754716
C,0.6324160073387632,0.7622808917677028
C,0.6977776891537742,0.22007512768492152
C,0.4430053213906003,0.18084224476175131
C,0.522335443168806,0.553419449244537
C,0.5680597977730922,0.6886375853291504
C,0.31075620689265665,0.48711506032241614
C,0.45965893683950076,0.6957904085652475
C,0.6263482584713684,0.8613733070364453
C,0.797216828796848,1.4793684458089973
C,0.5339001202081228,0.7742312893374712
C,0.8577290851205872,1.399585763405448
C,0.37416335806765655,1.29356259044415
C,0.29675549673455853,0.27506933069290274
C,0.42631108561015724,1.338617452040427
C,0.582199840196294,0.603146033512134
C,0.5438368724366767,0.9388492174977052
C,1.1903573683105364,1.1991396169482882
C,0.2974533728034264,0.2833704877938416
C,0.9640995481027202,1.0141644239242618
C,0.30591960392558565,0.5581065152716885
C,0.6312066294358963,0.7155119687052734
C,0.9382381625485828,1.914482764070385
C,0.5646727569313477,0.2952334535205252
C,0.824894330524418,1.3099194089517943
C,0.38280646034754295,0.6560655821597912
C,0.329186094674734,0.7437752575522747
C,0.6106507658585938,0.5183662614939618
C,0.5915912770304337,0.6388451622924295
C,0.4335860485865941,0.29461217581411686
C,0.43643674302334445,0.8873886995838067
C,0.5938578088199307,1.0718091718574942
C,0.3575489674856911,0.8151081482822823
C,0.5320529129373133,0.8983548222734126
C,0.6244167936426069,0.5797521059393824
C,0.7616249744795418,1.3238594737935703
C,0.595029496222521,0.843809380052659
C,0.5221139242016455,0.3945903613426167
C,0.7524870249986533,0.9028872878780653
C,0.4451874064056966,1.3834498773039017
C,0.920367810444516,0.4671326982690121
C,0.44147440587555264,0.6339118255233223
C,0.5680675044591169,0.9029160718890148
C,0.2663048857859812,0.8087501540259707
C,0.6674073582157541,1.5776556746042698
C,1.0924612345560742,1.6370630254965954
C,0.35407936323440115,1.1879508869786244
C,0.4622237456747408,0.8493715070684766
C,0.7510581549659519,0.7747211504367781
C,0.4905093564033251,0.9793986565934492
C,0.5181722446044567,0.37122379017343266
C,0.49759649791938687,0.6150091721242614
C,0.647803616251726,0.7273252654900619
C,0.4343408545195324,0.49966155951201124
C,0.7622648140622315,0.4105690064888447
C,0.3995956088843197,0.7725544051259571
C,0.2884263592161941,0.3635002541132551
C,0.539060681394613,0.768327408184094
C,0.454464574074373,0.7023424724802936
C,0.644620793443283,0.2248706854305109
C,0.5484428547165059,0.5193792240815586
C,0.6561723064783115,0.6298595541389753
C,0.758675408807665,1.0459393144909568
C,0.5690369736803804,0.7919849459303021
C,0.44422657026602147,0.9111552500193856
C,0.23569762079985987,0.49351195960822997
C,0.5809820890229525,0.8996303509090621
C,0.5092048315899352,0.37601146920559825
C,0.8105651154561263,0.6126825549292737
C,0.7688351776385163,1.2719659233719771
C,0.6529703002554198,1.367910212127007
C,1.1604802281878077,2.054578544927504
C,0.4540822153934433,0.7015731131776078
C,0.4893860784812806,1.0484585307489545
C,0.5997022594946076,0.5903057724898136
C,0.1851839733631327,0.5580814508855277
C,0.5548381734712503,0.8632821302940268
C,0.5998366764080016,1.6380891736849208
C,0.5856410446822676,0.580538544673097
C,0.4308397874677372,0.807009364291123
C,0.46052261982211107,0.6315850620535818
C,0.4961421780325569,1.081844958921971
C,0.9274294006644327,0.8719062574815306
C,0.6219632217287961,1.3884506853873835
C,0.42163013524041787,0.26930950861642455
C,0.2568617157590579,0.7057138129640612
C,0.5123579415784904,0.9146717500321919
C,0.2911713350942748,0.5391349705606999
C,0.6264203492697461,1.0654542686432886
C,0.5933959533015578,0.5031778296219743
C,1.634101096746059,1.2774614622037372
C,0.4892481434438985,0.12572561457906195
C,0.484965781122327,0.334860816078017
C,0.7071518383993803,2.4110100061409043
C,0.5673029031614023,0.5627285352275626
C,0.5241256365099621,0.9007306291048113
C,0.458219570508621,0.5133590127049682
C,0.5364690638530426,0.4321605175493963
C,0.9652020419058496,1.541300561471188
C,0.34850808736849886,0.7646316819603326
C,0.49830066252141925,0.5794881387278523
C,0.5663003631946,1.1369681575820925
C,0.5928865862401123,0.8401464224982595
C,0.6107949449986019,0.6084192120338955
C,0.4893679437478258,0.37396864441106026
C,0.5832699228276148,0.5135526376128865
C,0.94848983673745,0.8612705865141961
C,0.8131951379771929,0.8871386606572756
C,0.6992407430282077,0.722539707057
C,0.5689100173044506,1.9808253762241694
C,0.6349766364831069,0.30159481544430106
C,0.6393083097895756,0.5103649209196882
C,0.7474992265253668,0.637184852792891
C,0.5115342675988029,0.9424289619911064
C,0.5500735849551163,0.674481202811974
C,0.6445079737669479,0.9936931639818896
C,0.5082436012618573,1.140100320803775
C,0.872291856143935,0.9416096465492942
C,0.23768489308136098,0.674380462547313
C,0.43881976315202265,0.3160413352085527
C,0.7318308437917629,0.816431205236919
C,0.5789298017632798,1.2978839343815476
C,0.6476176188538073,0.5479551185718536
C,0.35511455903994155,0.46385736270387545
C,0.22307412873809387,0.4799532015143425
C,0.5592337506160019,0.5812660860386292
C,0.5470479157375198,0.2560041908721056
C,0.6014710371794357,0.7005953880091079
C,0.6803187925364329,0.6483347474999908
C,0.4459591969164357,0.7474737576056525
C,0.5675028250785608,0.4490368940206514
C,0.9449558079819123,0.63724096075304
C,0.9180575428297014,2.129780677875735
C,0.34142596692990484,0.6141772478774153
C,0.5771248042378451,0.5049621258943712
C,0.6679343385457467,0.5271474807713207
C,0.9897606518152627,1.2232659349352595
C,0.5720765683590424,1.0916025635040183
C,0.35807530791856756,0.4704398427434156
C,0.3006760826143888,0.9731528607585656
C,0.7444536499973611,0.9065859817304422
C,0.7514174041665038,0.993404883539622
C,0.21681445563911486,0.2411367445413323
C,0.4283365048272331,0.39470951257815634
C,0.44444585603885545,0.3633608356419481
C,0.822041669615807,1.3768875581295161
C,0.6892601439075468,0.3845780146868502
C,0.704562497029352,0.782972267887784
C,0.4279390098650795,0.3003073467266977
C,0.3129353497094345,0.6056853440943344
C,1.0188518872954926,2.1569937451142183
C,0.6202034506402038,0.6246713135438319
C,0.42880652260615343,0.6626675986248685
C,0.564643853231146,0.9971811236670771
C,0.46500399352573957,0.6418410922622495
C,0.9860314245508953,0.9927239720132286
C,0.5139101816031347,1.0468426344303514
C,0.7566654355738338,0.667017577023095
C,0.6645954368959031,0.9613150190828837
C,0.5577048423059779,0.37833356142154534
C,0.8342142328524911,1.2812606510734077
C,0.5990665688737523,0.571871337850221
C,0.7084097884416318,1.270902064706113
C,0.3829834274363177,0.5868754349062303
C,0.7189471633019623,0.583740553056666
C,0.7975949460469283,1.6544623616807947
C,1.2970854446719118,1.5157707046997608
C,0.740104060124196,0.6095272162207648
C,0.8054837497797444,0.6674716559729112
C,0.9368013151557378,1.4475966096058204
C,0.2904930811007693,0.8728706936298002
C,0.8527831253356585,0.8675068756771301
C,0.6161156956850707,0.2476171427126537
C,0.6327934413693389,1.3258404325769866
C,0.2844086766640065,0.47855230446141217
C,0.8484149104895132,1.1686544182003198
C,0.6471175289771216,0.4443410996371891
C,0.7281606696730571,0.5858830813596791
C,0.8499451318193316,0.8276314428240585
C,1.1168269657838132,0.6656134236318231
C,0.2656759524143052,1.0118818044646665
C,1.3380866570688326,0.7539015708781307
C,0.8677377338559722,1.47135298989384
C,0.3340706965234064,0.8300559670436519
C,0.4743216427888953,0.6612389177119706
C,0.46207987645796467,0.3171763322019836
C,0.39934518465703855,0.5356931759203856
C,0.9234944519322495,0.440873978893821
C,0.46381669400570674,1.0183384788920948
C,0.8831666529074431,0.8725301156170626
C,1.564619877189874,2.381019001730481
C,0.8043826395406403,0.7883503535429378
C,0.5167854503746647,0.5859690866177598
C,0.5352013802991006,1.1073208276204252
C,0.45370288128331576,0.7568969991752037
C,0.2812800680395458,1.1639044759384514
C,0.6042581908007135,0.512614871647704
C,0.16839515719523881,0.3266001458059723
C,0.5306817824904182,0.5042258231600227
C,0.42535008215869646,0.2365726822748506
C,0.48897939624124287,0.8632174995593112
C,0.7401206421428562,0.3710383746405488
C,0.9479760564636361,0.5354290967610703
C,0.17427483971763044,0.17612436471099965
C,0.24529836061599636,0.3121016763861818
C,0.3906268484412757,0.9800437482124958
C,0.4875793833398128,0.47610809907142543
C,0.5026551200906771,0.45726816238473583
C,0.5192327104144184,0.6955154630593875
C,0.7341326281230889,0.9475099703319416
C,1.069841047601982,0.5137849661077291
C,0.3824609222582347,0.41381547237126737
C,0.736868945682043,0.6891974266010658
C,0.5995312293248675,0.32722066882381534
C,0.6576169775208972,0.26761354940522003
C,1.1745001791121783,0.5614909423135488
C,0.47002285252660425,0.35478092872728784
C,0.5127819380466051,0.7250443728333937
C,0.28223112230425446,0.29713359128845623
C,0.5541319853068778,0.5079863927407474
C,0.6911737810814658,0.5975194767017443
C,0.2757051108252429,0.36815105537044124
C,0.8905409936538149,0.4095767715395141
C,0.3787714544360079,0.2039203700089194
C,0.7280126397093928,0.5765896028861515
C,0.3962788525605469,0.34389547811338866
C,0.46991162206950243,0.661482505798035
C,0.3389427814146013,1.58967306657345
C,0.6417174650710336,0.5830397231836334
C,0.7294070150237848,0.5419906345286464
C,0.4628020475765593,0.8077340813335466
C,0.6516603969858212,0.29174596533364716
C,0.5541149611980954,0.7969777556279618
C,0.4371748365960732,0.1425791053938062
C,0.648429592245159,0.35064965659318204
C,0.8162369704677601,1.0586504068534073
C,0.6834844603229188,0.6284602769793093
C,0.3344269719027681,0.33114239162419273
C,0.5790873097317936,0.21842782213939266
C,0.9336044436596244,0.7356435995698386
C,0.5334861453765674,0.49949927520140275
C,0.29357460279979614,0.562988726584515
C,0.6899797713557311,0.7275522118956567
C,0.42069232743084684,0.7200859480265545
C,0.4558144708793927,0.7240260385634798
C,0.45566069713130564,0.4542206181962887
C,0.5223304089018947,0.17026572056851422
C,0.509277500138888,0.6310138856141289
C,0.5057967666079437,0.31675335898880247
C,0.5242004822566729,0.8136018264659074
C,0.6618837948435015,0.31397607146023404
C,0.42969014609911355,0.353214752096072
C,0.41370854057244716,0.44924864601009573
C,0.5644139002347649,0.7605415986783414
C,0.6319865250411512,2.04496138363658
C,0.5296623318228182,0.5130868251690106
C,0.7175854362796199,1.109013139360186
C,1.0766537123577156,1.2075295184513304
C,0.5021974406074089,0.33952417723047074
C,0.8977525027997117,0.6482900444674305
C,0.6590646601708137,0.8423516266674068
C,0.9844939475021552,0.717116866220477
C,0.41875872786103197,1.2782523578329017
C,0.6276197927907613,0.8727726247914324
C,0.34085599736954364,1.1503869540184195
C,0.5960147848430222,0.5213936216640278
C,0.44761926070664965,0.6394929776870631
C,0.4984113065902964,0.5801569513286486
C,0.9140058657965506,1.1791597481799896
C,0.5446205993233743,0.7410062465186202
C,0.5422911803556764,1.2530680137664403
C,0.7385679534568653,0.20645812651074377
C,0.4662725093725144,0.7065424847410051
C,0.5366632643305782,0.4553819697973908
C,0.4277558641738106,0.5500231549834306
C,0.527194212974894,0.4917459759776592
C,0.6930047912420201,0.7974742615268984
C,0.5861073261105568,0.619663828590066
C,0.38933826731832294,0.8656932096387226
C,0.3410499252614842,0.7847121330659426
C,0.6690707034304332,1.3334735466196495
C,0.45485802362501804,0.4810011577250628
C,0.41217663488094797,1.0115048990908757
C,0.3518461556763551,1.3303897896418482
C,0.6177679498372894,0.8879514156201668
C,0.7457889014196314,0.5068069857973907
C,0.40377191302945087,0.3527677407321489
C,0.7547178532233657,0.4011335258778831
C,0.9945854545768748,1.463394301141173
C,0.6499119337335797,0.6947191390150789
C,0.5011944167157883,0.3867019973453064
C,0.5515166133342523,1.375490672395738
C,0.7046280310002857,0.7290455265748033
C,0.5908184466091301,1.4474283303585447
C,0.4248019719449402,0.24844816273540316
C,1.0176534137275983,0.7606238764801314
C,0.48753846950678187,0.7257900453498695
C,0.8429540816980374,0.43798493299647273
C,0.6894491659993588,0.23012677604032683
C,0.8455222665100698,1.2281645971636133
C,0.5803814257702369,0.7870142839771749
C,0.6733464143353534,0.33323111693573954
C,0.4106529697681984,0.4367726299421572
C,0.3482434292060278,0.4623041066951969
C,1.1659759841408126,2.589892876621317
C,0.795306494079323,1.313364544714863
C,0.6176710962283936,0.8163545844393003
C,0.28862104405414585,0.8372907756780613
C,0.3825083219732901,0.3964902773417836
C,0.463157471413576,1.7948241752952743
C,0.6183954933906833,0.6087940087965157
C,0.2717312304253827,0.10020434505085127
C,0.6838981915473479,1.231680629367432
C,0.6332949670192835,0.23975640652947716
C,0.23624831340950436,1.2283576305764026
C,0.5716424471913958,0.78230936019735
C,0.6821498603839103,0.36654796134185075
C,0.37677185459916396,0.6321334910758907
C,0.7863251328090488,0.6285187400128098
C,0.5199637545510917,0.4840608252478383
C,1.1446587453441426,1.3589009108166272
C,1.148791269897837,0.28722893658878385
C,0.8114175967247285,1.4020662917458004
C,0.5228097167150243,0.8863076390408036
C,0.48030708310083475,0.36786854574974015
C,0.38867070405447546,0.7284795200916006
C,0.2318214354808539,0.1850817863689659
C,0.9900854115648117,1.1729315577715604
C,0.28041452836010583,0.4991868170723485
C,0.6232647495444961,0.4425229401903988
C,0.3006034654699162,1.0244419388339678
C,0.41561448944260515,0.23973238557361687
C,0.4970597853509419,0.8629160516849671
C,0.8763107757052072,0.8245066934573692
C,0.3444112639599423,0.525711481493371
C,0.4536992121393501,0.8260235411917751
C,0.7382090139539279,0.6951208894736938
C,0.5362949542902689,0.4001650844877776
C,0.39192113916586546,0.6567274958379289
C,0.346735032597171,1.3534978181687312
C,0.6808823346365874,0.8871363729607862
C,0.7582503782995019,0.6966003638722493
C,0.5763751128505015,0.31633994174224306
C,0.6744257361925284,0.27897568026338365
C,0.30411072854845855,0.33676304410389957
C,0.7326107947467144,0.508170593513421
C,0.6507657800938345,0.444122826393997
C,0.31298541155443105,0.6126851125998194
C,0.5904163393459617,0.7574246363887964
C,0.8944947961025609,1.5109446390044958
C,0.5743563804735096,0.6340811677236362
C,0.6575733270736623,1.2589792746099338
C,0.615756868100569,0.8729837521498751
C,0.45873564792985855,0.9816658440573575
C,0.42478211053140935,0.4546787944172611
C,0.440895749437163,0.2764795594044984
C,0.7661392165692812,1.0278736604356262
C,0.3630594978552496,1.2741877273675768
C,0.3312070948199767,0.4960244203532456
C,0.4534484084765239,0.45734212358209203
C,0.32921964087339006,1.3789126575396171
C,0.5408931492962512,0.33839756824308725
C,1.2625359187688414,1.6733907949272635
C,0.40944571253516415,0.20980777348830545
C,0.9281726693441895,0.6521053244376807
C,0.7394170765017739,0.6439414646127958
C,0.448358353661108,0.8694358255602301
C,0.52970380896545,0.612169234997156
C,1.1482839022511753,0.8946318675180976
C,0.5588533071847613,0.6251917892250997
C,0.6164643894833229,1.167871069667347
C,0.5040154679701474,0.8665464402975905
C,0.46746617552807995,0.5893510711871577
C,0.46676470512514245,0.18873559179042107
C,0.8371666802078997,0.7124287582867931
C,0.3849281554436757,0.1907874512246267
C,0.49966691235093313,0.45463354877273404
C,0.6206693374604378,0.7514069426320839
C,0.7484228414408938,0.47449108991973443
C,0.5865463549855771,0.41001728658900694
C,0.40018838437870125,0.3302516942328184
C,0.5380581797328476,0.8593709985618958
C,0.5075307322520536,0.14213503870185892
C,0.8404764812148098,1.16524594938014
C,0.5446246086779902,0.5980610862694137
C,0.5517838582696049,0.7454901652727673
C,0.8263312455273243,0.8008229072761842
C,0.5574614810293419,0.9084066854313075
C,0.45989041336062914,0.6458018989921445
C,0.7529898227719635,1.3827803052540333
C,0.8769815675089481,1.305789917822079
C,0.5985090327101693,0.6180075701487725
C,0.6323016003720932,1.0624036094063758
C,0.5915954574203539,0.7398076807050933
C,0.8829744936721773,1.0667295550258646
C,0.881459214963756,0.7258778257422351
C,0.5432126795741061,0.892851561081971
C,0.6165334743802245,1.3695265691791025
C,0.7844921549864505,0.9830576934712977
C,0.6575865592292386,0.7477001246991833
C,0.5557114503490559,0.33680540918624285
C,0.8427219551585986,1.0320629550743967
C,0.5654054716207492,0.35531957224836713
C,0.3023876813427361,0.30033071709004455
C,0.6411220975776024,0.585649680211442
C,0.43721608433139597,1.052288171920756
C,0.45310571173053243,0.27933709386626054
C,0.7533765141115144,1.7951963682831498
C,0.7013057524198171,0.8880667170341128
C,0.46232036679452154,0.37077132117794737
C,0.9139585463764435,1.0804338491768288
C,0.7814912814163152,0.8130817392369958
C,0.7183059905552284,1.3934954308856111
C,0.6300606957768655,1.475886206911576
C,1.0475334834353627,0.3229288653958103
C,0.45194159059088895,0.9530360881548684
C,0.7888484568537514,0.9413931367993792
C,0.29188787545124084,0.5352528471723237
C,0.5255082954525467,0.3924694241168067
C,0.5400978223211694,1.4021322065304678
C,0.36019605837910545,0.4779416361708787
C,1.25454018814291,1.2620261665999666
C,0.7624017288197429,1.2941773096454656
C,0.32793389714233745,1.1772961386630678
C,0.4388108697539987,0.6571278680713436
C,0.535546902174784,0.49376057664536505
C,0.4318494850475527,0.6185710137177304
C,0.61646142419726,0.7514794834335462
C,0.4204094533939705,0.530493636759997
C,0.46211488050155597,0.9096639266586858
C,0.4101484425400137,0.8708656644123322
C,0.5779103868939184,0.379625788161874
C,0.35748591018480935,0.2301405250779357
C,0.6600340609854342,0.8937437009946665
C,0.6179970258626503,0.62060159576373
C,0.7458679810291163,0.38835832002413334
C,0.5551268415161081,0.9146194268353791
C,0.7582982664734839,0.4173745301639844
C,0.6592485358659519,0.544916145115419
C,0.6413071817181931,0.883094834187885
C,0.5593546923732176,0.679736770709046
C,0.6042280198099899,1.9581215389569955
C,0.7197724853637614,0.9917486943214784
C,0.6936033178248928,0.2813479753023315
C,0.615288465885808,0.19654431210945708
C,0.5440071153287778,0.2030871692704017
C,0.708218164011128,0.7356339315020336
C,0.2848595410622665,0.9190923966913678
C,0.40185428088487013,0.38285203444311194
C,0.46925641377231514,0.825215926309575
C,0.5382044030928916,0.94260905732669
C,0.2625663922755714,0.10265126551575568
C,0.5084554832573405,0.44182088753582294
C,2.409332430570272,1.5480371142494016
C,0.7342288807705598,0.7649074589125651
C,0.49387901926528777,0.6150541271976431
C,0.3754067330024499,0.39930964109832406
C,0.8684310026377137,1.020576092997257
C,0.40554993486676305,0.8171228530582882
C,0.5333750696344539,0.6679358157849565
C,0.5496574133508013,1.6533136606971757
C,0.5913358477811064,0.4519842787337367
C,0.6572710095316144,0.36649899086628207
C,0.455055346837613,0.5673719743601686
C,0.5469157179371213,1.6555569637452305
C,0.40995259594651196,0.272271378649107
C,0.46342058373305495,1.0706278235031128
C,0.614897370812218,1.313425221307348
C,0.4903109603369353,0.3470627911076158
C,0.48874420805387886,1.5532445328006728
C,1.0144437318507795,0.30560548996753356
C,0.5730362129585033,0.4887676489256245
C,0.5776853680722456,1.569792542401446
C,0.25253858465148027,0.6693138835262498
C,1.0218803843594297,2.116233863712042
C,0.5576980718039908,0.6723675209361932
C,0.964780998096422,0.8872019320476485
C,0.5121358392858643,0.6129889032541449
C,0.6433661889195085,1.0317131186244128
C,0.7318695481197915,0.39020013027178096
C,0.6244516221038596,0.17011696115834088
C,0.5997237611913198,0.721268136176023
C,0.5647329737298756,0.8034824014760397
C,0.850064117614759,0.8562183961897641
C,0.7021698209478946,0.8035233082206925
C,0.32198727843584946,0.5198965650766656
C,0.42317318321775693,0.42296078600006787
C,0.5889758686033795,1.3009074530042348
C,0.8052954790320617,1.0731185150472111
C,0.717193691787838,1.2009415229665583
C,0.714432634517087,0.728177567637182
C,1.1968114674536732,1.9733078897064098
C,1.1459597376325958,1.0525369733891545
C,0.48009965129242826,0.4312598548096373
C,0.5116120734085634,0.5274263134700309
C,0.753279783335362,1.718849036574584
C,0.8957889441538178,0.8234702124978631
C,0.473405735127297,0.5854083549888605
C,0.5824454797903362,1.226938406282542
C,1.572495014481208,0.4100935591042504
C,1.2421176579977475,1.6708183633230231
C,0.23915443347312218,0.9783035818864394
C,0.5147760434622389,0.3465315645181309
C,0.4984860078381159,1.220987575653837
C,0.32447509230897187,0.9313452831404017
C,0.29726559709082473,0.3248841738083052
C,0.3702050470930332,0.41626929849257954
C,0.5713919111491733,0.7210059463047221
C,0.4575094025998087,0.3504818207242125
C,0.4198678821235386,0.9650322530908642
C,0.7198548645570542,1.3487092944870647
C,0.9018576008072965,0.5710059680373407
C,0.6897785679573754,0.6280663202018599
C,0.99383409636918,1.8197271416772256
C,0.5641371645883761,0.6992084406221255
C,0.4527777209142931,1.0391779148230744
C,0.6314560908132802,0.5485660443086113
C,0.6465662153303638,0.31901172088429264
C,0.5949201139378777,0.4334020000518817
C,0.48591649896584094,0.6246327497151571
C,0.6818429925792492,0.8697718369758098
C,0.4333815052804264,1.355576074561416
C,0.752070992255361,0.30381201504996036
C,0.5316765538545531,0.5993811325714709
C,0.7095281986887658,1.099840831717628
C,0.9170476455839033,0.6105226429225231
C,0.5806905831340352,0.6777602747588845
C,0.4079502276766097,0.7464966219083052
C,0.5552236529573102,0.030279796950035468
C,0.8482729444345055,1.2327107449218966
C,0.3711527722652395,1.2048251049708194
C,1.198509570236006,1.7663172246617007
C,0.6106660464054887,0.5221305829798929
C,0.8610696132760037,0.41356553752552283
C,1.1264221383065365,1.7637911647172302
C,0.5304158135127182,0.6770609410663967
C,1.1044348029321227,1.499890250195419
C,0.43703954239710924,0.11574927242739716
C,0.751404726757079,0.41247085157108504
C,0.861113644341931,0.31902284657080376
C,0.723592724212052,0.9018033709273673
C,0.7399710363183845,0.325035289168636
C,0.5507663824670218,0.5168970582190614
C,0.5609618072506515,0.22611893295922392
C,0.6313995950241091,1.5134965843385253
C,0.9249478776789268,1.261720725577108
C,0.6842629641195364,0.6653116769773522
C,0.46037186977175615,0.45879175583388304
C,1.1509507058697845,1.032958762656026
C,0.4998548182042714,0.31185425720096294
C,0.3138395896303716,0.4186889849264361
C,0.6579419884447488,0.17922125273207531
C,0.5663489278965309,1.1535958057596631
C,0.5145187234665852,0.6506592178377112
C,0.9232746374319536,0.8109440438543555
C,0.3510091438972909,0.7035104031780454
C,1.1970007915066803,0.9947265637525409
C,0.5137083014728668,0.567785506888409
C,0.9473560743793703,0.8701745209304996
C,0.5891803870690376,1.6493346178919426
C,0.677445026121807,0.7178886761495652
C,0.8457808343403698,0.7624075668833535
C,0.41394123421951334,0.7596481685797853
C,0.4792147167903454,0.2539613311127652
C,0.5235176557929822,0.7734635971287017
C,0.3902549461635754,0.3038806645596857
C,0.7121832144671223,0.9120328764762003
C,0.9555379430159242,0.7549977839895246
C,0.3327361721361501,0.3337405244450334
C,0.6474799652669633,0.5526364562419136
C,0.7851109816766739,1.097707982189668
C,0.47394122429180385,0.528642357682921
C,0.5701916172923649,0.8150610833649233
C,1.0751655677315466,1.8604401820282035
C,0.39715210990768784,0.28363057313577095
C,0.47076183696388724,0.4737569703446651
C,0.7689077222457128,1.0615120098919155
C,0.5139879615818113,0.6174250429987633
C,0.6378252045296244,0.3439039136870066
C,0.7042262899877484,0.7819559777450195
C,0.426924792631931,0.37268480518780694
C,0.5794473391664893,1.3435488816142789
C,0.31873878362470226,0.6719546691534157
C,0.721386074372469,1.3886225281592635
C,1.054125377608577,0.7692902019826557
C,0.62237826173191,1.0740095472368931
C,0.333372524152845,0.43907882202108633
C,0.7080598729698429,1.1897111144710453
C,0.7634273987133509,0.9850533037051508
C,0.6584668790634707,0.3279890705612701
C,0.7461444172581189,1.0568670507625528
C,0.7396542430208694,1.544276669410613
C,0.5269217619935016,1.1595320973001975
C,0.586301830939987,1.1880865847382611
C,0.6624476291309305,0.9385257914773067
C,0.5256254580225509,0.7097287058375686
C,0.5611448542256194,1.4113847881206951
C,0.3843005701306391,0.6825714217845359
C,0.36497233262272827,0.3582530515475012
C,0.7049530846921964,0.9465128265182201
C,0.5843549232996677,0.8890620181790362
C,0.7281011392696795,1.3550266028002798
C,0.6932111566933696,0.8673418656034978
C,1.3465810333934234,1.020838920661084
C,0.4795618554653011,0.20925241741911757
C,0.6876605924958974,0.4499864004312579
C,0.5549362686089447,0.9653984257888691
C,0.8206155276379874,1.1662660108420522
C,0.33407740713645934,0.5344672445356139
C,0.4681769055202971,1.3868772761055965
C,0.4097845854511837,0.3999555818202254
C,0.6735617457089911,0.5093365997537586
C,0.3443997946048683,0.40944404581685306
C,0.553305311707777,0.9129887596848112
C,0.5385709041960777,0.3824938070730793
C,0.5574737133936701,0.7152965921495626
C,0.6975509993664346,0.44268610630044536
C,0.5590278071004142,0.8527388505456401
C,0.41974943089160777,0.31840334548194915
C,0.5201335780163472,0.7828190859620138
C,0.23081795999860086,0.18218696174555324
C,0.8485174904642093,1.0288420171848223
C,0.6681496614629335,1.1196979283671014
C,1.0977200624651748,1.5206889039409341
C,0.5436769536219423,1.3037710013044022
C,0.42355950499388595,0.266056374740942
C,0.34765104765470645,0.2334187702140044
C,0.5968685739146761,1.4334336637536889
C,0.928035318156,0.75136917255804
C,1.9916611272404412,1.9667205582298783
C,0.9206746995991772,0.9311184719676961
C,0.6750486692015748,0.8419408595398565
C,0.582754609251653,0.9705146527822528
C,0.48282471828958945,0.8244225965704285
C,0.4314828628728888,0.3311993723874237
C,0.6075903320980397,0.7222967368020669
C,0.36487987848561154,0.9529467042973514
C,0.38480675621205174,0.3277448997842517
C,0.4754284337756653,0.968865020812345
C,0.48320931894735725,0.5610172780101677
C,0.7087849891215341,0.6695489663290937
C,0.633110844823556,0.6349870542252207
C,0.4257744144615799,0.9936307045791027
C,0.35701485669063415,0.2774157052625256
C,0.39982486283679175,0.4321459507099037
C,1.2100020036797445,1.1613170261609447
C,0.3630431867239902,0.4343678411044959
C,1.1444763355014438,1.8970542254757998
C,0.9188679950229012,1.1554061526798227
C,0.5144979172988778,0.13492527931259565
C,0.6272713447135603,0.5934054478687056
C,0.3694213082909236,0.5740735885113438
C,0.6147705693613974,0.6358396244175087
C,0.5573837666334952,0.6794138008006549
C,0.9643634621626679,1.0682683752364581
C,0.5414470443274101,0.35722730369963807
C,0.5354858530448287,0.6433885825934418
C,0.6841681295040202,0.9384061857132098
C,1.0387974504044697,1.3776694286156137
C,0.8611399803399493,1.5357505339615434
C,0.42804327756299704,0.1635401994918465
C,0.6074098357640582,0.3636983872595211
C,0.4288654396163305,0.5494037698008757
C,0.6222343722150565,1.5031552970437259
C,1.0086805231567433,0.8608758791866459
C,0.2863714092266254,0.5488523610609279
C,0.47864493542018793,0.3274716781749377
C,1.2178110381620426,1.4773043367482033
C,0.9402290117811083,0.9927837384171714
C,0.7386358506709771,1.0866653484993032
C,1.1773703181674025,1.6409901949969175
C,0.5815980713262052,0.7514650557117982
C,0.722834292167555,0.7483814291482849
C,0.8199277385030689,0.7154500977144497
C,0.49502128170974985,1.2356495827980782
C,0.429806050211011,0.5620096136854625
C,0.3863705365367999,0.7168985046564772
C,0.3455042536271373,0.36692117929589874
C,0.9956163561392875,0.8642137241758209
C,0.2906088746954946,0.5002705699323592
C,0.7439416113748505,0.82347636998202
C,0.5278179432443411,0.365676486344424
C,0.3588199634601292,0.7511665198299637
C,1.1613904396554515,2.0747747578870435
C,0.6052116889514823,0.5065315175086909
C,0.6448799774932593,0.5838339901555525
C,0.4518078907300007,0.3664507988194831
C,0.7090784597896939,0.7686623195297169
C,0.41636284206636004,0.5970440033800039
C,1.5825804678865552,1.6694925265366922
C,0.7118989698484466,0.8327530101316637
C,0.7699865640482223,0.6159845214233862
C,0.7447916011226382,0.48549523396928307
C,0.46781940740076355,0.44695484578597366
C,1.1528557581168277,0.9553056696198845
C,0.514675058654971,1.2362673905644934
C,0.5238788726652632,0.7688188192712319
C,0.46186855142582095,0.5142214497289186
C,0.3543468688155705,0.4888495444842748
C,0.7730393616792187,0.6770999326680548
C,0.38880716380171526,0.16528556092889232
C,0.5659580260693112,0.2878899703056207
C,0.8714389301640905,0.9926588556889488
C,0.7886304040049855,2.0909343685912067
C,0.349105814328983,0.2714463215647302
C,1.2181852503041228,2.2372576469255376
C,0.4973383125442574,0.5763638652619227
C,0.34901586867898016,0.7398083869483212
C,0.7000699989776277,1.1249847597290281
C,0.5209144854797806,0.7136792238949422
C,0.3822564144015254,0.2568762587181983
C,0.4425445948868329,0.31332511621393283
C,0.8785667975840149,1.0106510973284502
C,0.6593123613170631,0.5932636973218581
C,0.8535918204714321,0.4226558041521501
C,0.668807435469827,0.9107486691420278
C,0.34277557403543196,1.2627824421420932
C,0.40517014257185735,0.6778690616094399
C,0.42903057372543196,0.5789626515666663
C,0.5718896717908978,0.8253848738212595
C,0.5144034174942945,0.8496638789399923
C,0.5187212517282449,0.8822297582770054
C,0.6714781186664531,1.0364463730056488
C,0.39155525027494575,0.5024480942522838
C,0.5154606177856634,0.556649806578559
C,0.6371772265515901,0.668342739298953
C,0.8132080693626256,1.4995908103943596
C,0.6016567163913852,0.35408852709311056
C,0.5423803747932551,1.2255158501945043
C,0.34866199043648427,0.1980510605453587
C,0.4700771098058283,0.6459593763426762
C,0.6348443297024786,0.5180455702295114
C,0.23009254258916917,0.7559150451294478
C,0.5946353168210898,0.7866461826813081
C,0.21921221533340887,0.7818978492958296
C,0.41940308841387364,0.6977611231032738
C,0.384182890811713,0.321628299706513
C,0.5158611551407916,0.6019682917797975
C,0.8028463437538881,1.4923566742769874
C,0.5732390392774009,0.19589188114361328
C,0.7265925289486643,0.8666371609695172
C,0.6150397278810539,0.6399596439365042
C,0.3291320484258602,0.35499285731614
C,0.6474703136953257,0.5353851485511516
C,0.44095627511323393,0.07668634648379982
C,0.446271549488623,0.6925724319070548
C,0.7219620134769568,0.710988128161451
C,0.8001540732926172,0.7132104612234178
C,0.30240626742024823,0.9494836191661818
C,0.6450728754637566,0.9429475517068391
C,0.575067061693357,0.3301694571557832
C,0.3171940722869239,0.27631478685473065
C,0.4871963576434956,0.2631048145076889
C,0.35158584177006874,0.4337658748494867
C,0.6817447181336261,0.6011201456022479
C,0.7987356734490103,1.1409683666405148
C,0.7636087796006619,1.0136449210772214
C,0.7698020487231532,1.341842608893507
C,0.7337576444592617,0.2523982182534277
C,0.253411872154288,1.5365082909810632
C,0.7183889931993032,0.9294944719691561
C,0.5485580280397884,0.6255947221339495
C,0.9061608200334063,0.6570244809714857
C,0.9352937201177751,1.1411496927360243
C,0.8541477012210877,0.8976901132696344
C,0.9408396909669565,0.6527332725713734
C,0.25446706185709445,1.6041585719351135
C,0.5295751369834787,0.9652830141884862
C,0.2803460596958115,0.26595583375206006
C,0.508086268197483,0.36347167771548405
C,0.6805446670993048,0.8959405725576747
C,1.0445969806034192,0.34017569501617706
C,0.5653563537480065,0.7098312922359905
C,0.32421010807587924,1.4932600797685094
C,0.7455133145766365,0.6919026041465927
C,0.498249487022018,1.1696004128039095
C,0.36397724938524517,0.2804502050020814
C,0.6351393737482641,0.5593945859548801
C,0.3735754410569247,0.07995043974687914
C,0.565910509572418,1.0266895294538463
C,0.3949578639882348,0.3825893083460955
C,0.5622753745361011,0.4220629282122702
C,0.5591009624881315,0.45838601981873317
C,1.0015439621807263,1.7033971360365014
C,0.4949196914562898,0.7135887073923561
C,1.4319456049833679,0.7825101272755888
C,1.0736708311791057,1.3295590264788428
C,0.9265191379332015,1.4004005419930194
C,0.3487794609639851,0.6966269714858743
C,0.46381205724436386,0.10323274143707131
C,0.32611554003872956,0.9872909906682553
C,0.4277667079320263,0.9112037573367455
C,0.6995014669100332,0.7056326940117281
C,0.6438773791055876,1.3187948214291487
C,0.2931842537563884,0.7803105144022057
C,0.4792326110616351,0.3113179069537862
C,0.43830569182600837,0.674015330260931
C,0.3170668763663798,0.2450712963919585
C,0.43936660848992143,0.7174972769706015
C,0.9286845736218067,1.457444765116294
C,0.547698847944242,0.3287768576963617
C,0.30177970183427016,0.22064388171283777
C,0.5364510599050674,1.0420403067359179
C,0.4957261911240232,0.5275634429875639
C,0.6078129156369804,0.1707872578612197
C,0.5910534374140002,0.9791495647777531
C,0.5935316218538964,0.40037555423131643
C,0.6210625780539138,0.800069435094803
C,0.5391673268709175,0.1914408845706244
C,0.22698911883490067,0.4376241665296853
C,0.27462434542969955,1.127446256515996
C,0.3765219093171203,0.4460220537829519
C,0.24562583321429418,0.22210132307494299
C,0.5825025615413494,0.5689533575075802
C,0.9033759756018602,0.9459620614093983
C,0.47601932888109405,1.327520655087976
C,1.4866116979980042,1.8336174270572616
C,1.426891230709638,0.7183517974645053
C,0.6562470926408455,0.47814391041376925
C,1.0411815907650606,1.0987553791023854
C,0.7962012294588807,1.4668688672145138
C,0.6344737928378289,1.1148200999326618
C,0.6254256124700198,1.5935050662588448
C,0.6130212718521992,0.8972318827590775
C,0.35094570151366283,0.05826644171761382
C,0.29404440150308403,0.5328084857827433
C,0.5766172977185646,0.55812099576443
C,0.5834096108281364,0.9421606392271902
C,1.0139603565234148,1.092769449077945
C,0.4252965264691537,0.32668833978246486
C,0.5871848463997346,0.8944206506022929
C,0.34252542239324035,0.40342518144042694
C,0.44922591065715006,1.3871648774060013
C,0.5013574872526606,1.3086319200495347
C,0.4000353294030213,0.6130312968508431
C,0.6222653041150314,1.1811986103383036
C,0.5473951152365228,1.558424227183402
C,0.5660156065094917,0.8492474597021582
C,0.465970520289262,0.51060363986103
C,0.33944061936322684,0.746158526794953
C,0.5611638595616347,0.16644911294560183
C,0.46070154698643534,1.309881295525893
C,0.5495670024583353,0.7275364831352081
C,0.4714476008007909,0.669309422326367
C,0.6520296294702529,0.654972828068068
C,0.5481831124196401,0.5795205441679904
C,0.7056791510589042,0.6214470805231866
C,0.6120811771094152,0.7618651482347587
C,0.372020491019132,0.5577623977984972
C,0.4763887849624679,0.37465491995105266
C,0.9903362634188374,0.9015982345893315
C,0.6290424843182003,0.40945038594152094
C,0.37763034102175963,0.7556711574784934
C,0.9890430614892857,1.4361925022171298
C,0.5225836134055333,0.506541984247955
C,0.8762403642915231,0.498686021930227
C,0.49001135157888964,0.8732463405818179
C,0.5513568717990227,2.0471585820936506
C,0.6933823958291708,0.8656546874588842
C,0.3340354042528691,0.9560721394021725
C,0.5924204090093511,1.0369843944006842
C,0.8302536752270301,0.6065260046985174
C,0.513617596983329,1.5530430209187684
C,0.4361043499230478,0.5783667227890461
C,0.5171050042902959,0.44043141414871323
C,0.326809599798356,0.32006494394454815
C,0.5341969569709326,1.7801661133152293
C,1.0410079808169534,0.5907244478202365
C,0.6038563205906473,0.6992849063184727
C,0.4318208447291684,0.40957718948779376
C,0.7761911215777672,1.0561703172947088
C,0.6765219558200773,0.818376696076318
C,1.031241390629673,1.1812482885831488
C,0.8036719097936234,2.047503462586879
C,0.7072026392675455,0.6826348777381598
C,0.4099922359417222,0.33417155435050133
C,0.5470144961214167,0.5053640826697313
C,0.3527213279264457,1.3736792778810574
C,0.5462477671994665,0.2696654440250961
C,0.34142452161860387,0.6658684957909126
C,0.9548015620575405,0.6719733637201379
C,1.0330539049823777,0.5889690901113216
C,0.6325828017290593,0.38671480294870003
C,0.3992320985107964,0.7695011323257942
C,0.4827896936160826,0.38253584561132314
C,0.8198464430291493,0.9259196503295043
C,0.5629021519656138,0.6341659439570428
C,0.678856639396598,0.7003306949043409
C,0.1799538888177284,1.2464876555271436
C,0.33328727564314564,1.7906675984721572
C,0.47413198151351466,0.2841600812439895
C,0.5668378859034588,0.5527432411395897
C,0.6352986115565304,0.49690404527308646
C,0.6939065172488869,0.38642774892135745
C,0.4967808387996769,0.3532878350320857
C,0.32471418757183623,0.6163416083113245
C,0.4942021950477362,0.6741296202506868
C,0.6026323956969629,0.7363522127711738
C,0.5249764692354412,0.35147946368822713
C,0.4582495125160126,0.6608406017384661
C,0.563136608506301,0.4526004073784367
C,0.6478613006050247,1.136149296979509
C,0.4653300562550831,0.7535260403497438
C,0.5953208988975046,0.15412293191498666
C,0.3042909663497248,0.46043651128925117
C,1.1645138360222898,0.9382438719867952
C,1.2182698411105386,1.7613286048210863
C,0.9560082908567791,1.278124085217982
C,1.3310860834647174,1.9905475595320359
C,0.4725075529857887,1.056383119911945
C,0.5040913981841911,0.41772824922345375
C,0.5037916048974894,0.3331363660462271
C,1.5421049200874324,1.871325145225738
C,0.5406277407762657,0.34682338328426054
C,0.6361630902923344,1.045279176987464
C,0.7251694812591075,1.260156969882288
C,0.5259130871332683,0.4629005340859467
C,0.6389260321744158,0.7337525078099831
C,0.7316781963503816,2.1648138634790635
C,0.5646498067077209,1.2129511618883138
C,0.3626561306341121,0.6966668934589147
C,0.3784315673038415,0.6226254591285855
C,0.48513767222931753,0.6416326896707879
C,0.7113298062110517,1.4375828399734545
C,0.3579302302902233,0.30154093217698485
C,0.47169350331754206,0.16886498422330576
C,0.7844165011212896,0.8336053090582093
C,0.43942429853925774,0.40745106198267333
C,0.9456012661284514,0.716815503901836
C,0.4626887105147493,0.7311383907390938
C,0.6474451633031417,1.001368418323021
C,0.527500739562525,1.3384137892072583
C,1.01132179314537,1.7425506682037848
C,0.47227824513896616,1.7670199353176979
C,0.5757172579231574,0.7998522447513677
C,0.23374740747267397,1.1212386543093993
C,0.6691037439678745,0.43400293890149616
C,0.5519670777816768,0.6499816590056676
C,0.8270461605485596,1.1382459548511632
C,0.539200718924176,0.5053005292250359
C,0.4229245272704405,0.9326004089463552
C,2.378558622255396,1.990501868785502
C,0.7725026359138321,1.1016692295447241
C,0.6928293969761677,0.814759983782269
C,0.9784021932647359,0.708156162965663
C,0.5242510136103882,0.3367319826242042
C,0.5031015725099053,1.0507250846245109
C,0.4221563196882226,0.5003402157615446
C,0.6611045855061173,0.9509264115707525
C,1.0142238414196254,2.1942924273934374
C,0.6046901535929134,0.6292777119795502
C,0.8844905150327594,0.33679412376030604
C,0.5481174004430366,0.9058083160965161
C,0.44536805443970984,0.19937587936225237
C,0.6101357575203291,0.8701077364614352
C,0.46843229832661015,0.7637049304933
C,0.4005493173964391,0.5904837794976869
C,0.6086403137626195,0.5319727696456088
C,0.33393662461189666,0.36089757137812734
C,0.46739150212945724,0.850220220358468
C,1.060856729395681,2.8011099145406346
C,1.151189150959093,1.6722646408928314
C,0.5956771745617965,0.6815558888823963
C,0.48816824434479633,0.4201194624285645
C,1.1197644984794175,1.6223817996527776
C,0.6578453764677451,0.8927897610006367
C,0.48864185607728455,0.5404705246414253
C,0.4197265928697512,1.1234798533067092
C,0.6473848228303806,1.6391086858743733
C,0.49029501289850436,0.17087095314616177
C,0.3422887620369137,0.6263626036271092
C,0.4267980130035338,0.673700598666807
C,0.4484094814061956,0.40160940868173994
C,0.5301597911386932,0.47494600221817707
C,0.45137837427811145,0.4501766013732251
C,0.7528199701936164,0.7673619550058663
C,0.8105892170695779,0.24678345325187623
C,0.3335591386487452,0.906808534930938
C,0.5456663263760662,0.6331780446725339
C,0.5898108112197478,0.8993393761901921
C,0.15618253578527408,0.6717977329045207
C,0.7755007351803077,1.2994728359767003
C,0.4866346574792838,0.8963412005407589
C,0.44402306940447395,1.100401739137195
C,0.7780867724425632,0.7997815848310925
C,0.5854466764541711,0.9942403305755544
C,0.6337156127056617,0.37667604166958635
C,0.6658683556961462,0.7632594494780932
C,0.5592221010005526,0.4857143917939525
C,0.5525527482715309,0.31784559415704594
C,0.9569894125043038,1.0276300550722186
C,0.8000242845867478,0.924866178714046
C,0.32745508851130695,0.686098541309192
C,0.5052947026993846,0.8882743754212703
C,0.31317328120750215,0.5431965007946025
C,0.6992960736043851,0.5708172858699125
C,0.7247615835849306,1.2656921569429818
C,0.5540241571260849,0.6425283302327468
C,0.3991060752147727,0.433225372483401
C,0.7989820561271521,0.6377139017246514
C,0.45708173153755116,0.6099213656833757
C,0.8531931267744403,2.2087125688634415
C,0.7908402295212345,0.7893025520323713
C,1.063888479137114,1.9421181599732693
C,0.5468878315430484,1.6520642280813826
C,0.409551282662205,0.6620574541669383
C,0.9028908343961632,1.243926807826892
C,0.2696749954720609,0.9293118111035218
C,0.8473423248045917,2.173253197906955
C,0.7088203465746121,1.0197769640217271
C,0.5784409921312279,1.271516850246541
C,0.4001387219659674,0.9872985394741666
C,0.9711976909917188,0.6707443201869658
C,0.3082227989535128,0.5561869190552455
C,0.6706570346527234,0.48638097669614017
C,0.4780597843207621,0.6044229688568229
C,0.5343912707423579,0.763256599404515
C,0.6039510491859746,0.8705862432133032
C,0.37273547840255167,0.4369796899641738
C,0.41372677886131365,0.8324461882290903
C,0.6651973493171627,0.5894098983750886
C,0.803362540789409,0.7079864665199309
C,0.4347925569247591,0.8693856306043282
C,0.503404623997636,0.4116118768529403
C,0.6301560774796328,0.7278088536574829
C,0.607825979516449,1.5589620339818557
C,0.7990487413214522,0.9912321150341074
C,0.9126803465963274,1.4137543290999655
C,0.588760944157387,0.31957541267288386
C,0.4990252825127403,0.6554087702101843
C,0.6586610803256119,1.022715397829968
C,0.5751235975752154,1.006213823199269
C,0.8166083143678948,0.5854606355974736
C,0.4162322819919179,0.9954732118967907
C,0.8483221557682333,1.4795485046428074
C,0.5947238787218823,0.32270371549391347
C,0.6355015679666854,0.5343538577778854
C,0.5700130023386516,0.8585866396700343
C,0.321985109672857,0.2548314541720813
C,0.8576057339783636,1.0113831283934467
C,0.5084097054667407,0.7704487236264559
C,0.4418038523755044,0.47815038006771304
C,0.3037346242996358,0.8570263506191427
C,0.7591848686233286,0.6658557520835136
C,0.785718494068071,0.8991535632033976
C,0.7759895984491055,1.36237930117597
C,0.8114486987206327,1.5013705743218728
C,0.48058904775460176,0.7881589360459547
C,0.624712013676017,0.5442161197118277
C,0.900617601625376,0.9845154721913718
C,0.3620655555911345,0.8282460417142171
C,0.7206956908257294,0.9678736053219211
C,0.3663438808287653,0.4207992172413469
C,0.48711453932977006,0.4444840627334745
C,0.581241404707019,0.5122005781089037
C,0.4996874712478673,0.6471885333993473
C,0.9667824320319058,1.1316189703794342
C,0.5529760019462601,0.432856087136373
C,0.641818138081418,0.6033767155180453
C,0.5496763418481869,0.44071427149885223
C,0.7075960018052926,0.7253232677714851
C,0.5316875690609503,0.3441294692213579
C,0.4196604137859939,0.5042741930243019
C,0.4451703201233256,0.8762082894067224
C,0.6800185448186103,0.3466891171575401
C,0.6214523403956327,2.1171720269527783
C,0.9471366119185983,0.9036003143857279
C,0.8978452716297904,0.8583170211024046
C,0.9879417581973078,0.26406439868396997
C,1.249417494381692,1.2160300050664004
C,0.814488942241388,1.5002047071704332
C,0.3999052544959004,0.7706889254504474
C,0.5114363373809482,0.6959600247225394
C,0.47855948512161023,0.6730664176910174
C,0.5755915732293655,1.0614388070625087
C,0.4580699802319652,0.4877322765557556
C,1.0417928491274284,0.5448797812034004
C,1.0898781480295934,1.3083435516490631
C,1.1150549803808218,0.956129155442172
C,0.3966682994294956,1.4220090101641647
C,1.0757278701477968,0.8867608350723793
C,1.2814659324415956,1.012693603128416
C,0.7126302138259083,0.771308018831059
C,0.5787850448751233,0.969305694828104
C,0.5790982484143566,1.421879165569378
C,0.3939578097608678,0.9770474189927699
C,0.29057715648649785,1.0527070440143302
C,0.6904205414075739,0.3655619625590551
C,0.5372015697484263,0.9067679646177303
C,0.34515944912904906,0.6518677436958392
C,0.5246918419668511,1.1358424914827647
C,0.48711757068695033,0.11867383011547747
C,0.5969440135924861,0.9090113335646733
C,0.4366996355088712,0.87268488655797
C,0.26501593018514435,0.23034375192782336
C,0.3800534703173253,0.9480369145257145
C,0.3891096454587964,1.0733228834109574
C,0.3231235351293276,0.44954906457854377
C,0.7800333015836698,1.360286126647631
C,0.5404805589620956,0.9623833144966517
C,0.41741883631416254,0.439694417426479
C,0.4260075675232701,0.9927751474109217
C,0.7130598290244085,0.7017418908264471
C,0.5688260008445524,1.1289197567272296
C,0.445035662689164,0.8938570151986268
C,0.4840934312415142,1.1927407516879571
C,1.501308682197699,2.6385067100857986
C,0.985720103942733,1.6007148564481322
C,0.6568631972190159,0.549512368764979
C,0.33757993044453755,1.1455286925370247
C,0.658889542327503,1.4961367465736979
C,0.3678108065109745,0.7254548816893807
C,0.6093912344862888,0.40311751268361506
C,0.4407154361235556,1.215786856226862
C,0.6311849783306411,0.7935189819249185
C,0.7619500968054604,0.9618566327232418
C,0.32572775063860676,0.4766917137604038
C,0.48578025019052307,0.6153801777896065
C,0.8603002203876797,0.34356941781398004
C,1.008533034774924,2.881847111875318
C,0.5469330362561865,0.37762128146436214
C,0.491744480656768,1.0293201110001944
C,1.1478338014261127,0.6133149871075991
C,0.43724834611473223,0.39544702325150527
C,0.3057918056647845,0.563825968418915
C,0.7455638158880956,0.8482292757263293
C,0.4510609645864445,0.4266494612963348
C,0.8111425149252152,1.3508414621337244
C,0.9511864094717309,0.8820278949353837
C,0.5414082482044561,1.37076736296586
C,1.2038157774815719,0.42845848184273466
C,0.34460779827380994,1.195118785128376
C,0.6511954748634564,0.4889474634722547
C,0.282408952549196,1.0503022856389526
C,0.5350764727859022,0.8171311377278875
C,0.6177907194233347,0.627986328233283
C,0.6880121250951735,0.6715704347302474
C,0.6222403101776622,0.8979027783174195
C,0.33546092669725797,0.4417442981273352
C,0.39744953907962804,1.4613652496360678
C,0.4724301135098246,0.8617614506790551
C,0.26212424095895326,0.5830569554807292
C,1.2640253760050082,1.178348351226713
C,0.695055375196014,0.9434267929381791
C,0.5979370110055701,1.1966656192033427
C,0.5472426205768817,0.869061669659003
C,0.7800348398955311,0.5415628963391481
C,0.802087341396821,0.6018546177946237
C,0.42273962409933463,0.21129840631888208
C,0.31095599004648605,0.4843631683856722
C,0.6714686587315992,0.6361651545943132
C,0.3648287495499893,0.295673532338483
C,0.7267736109791285,1.1952205888868193
C,0.3433380243196961,0.49438564422507036
C,0.502007664152126,0.7094372201305059
C,0.6763827780115016,0.6128481771799705
C,0.6001547185108757,1.0624778833014454
C,0.8404512501088808,0.7797134463195533
C,0.9659288442496086,0.8703102336012583
C,0.6577315761523859,1.9762675601042463
C,0.416318427017982,0.4372975023696708
C,0.9959345788744974,0.9502925802663884
C,0.5429435632166071,0.4464078173014754
C,0.33010392912246705,0.6448210239506764
C,0.7155686802523635,0.7461630019491636
C,0.6191931931818003,0.6042107555504163
C,0.4737418838858159,0.4676516002346045
C,0.7854278686183562,1.0211500624328558
C,0.8702410135465989,0.6612434001017511
C,0.6338182008707198,0.32477174891619687
C,0.523235537164785,1.270036681132047
C,0.859248932873282,0.9623429614641353
C,0.5734218216198712,0.6664175304369243
C,0.4101447995042299,1.1468999730446074
C,0.7072644419370863,0.15296495576257724
C,0.8144804458001103,0.9968311738603524
C,0.9702067391043441,1.1000818708786535
C,0.5193886291099508,0.9043738494063975
C,0.6555965375832367,1.112424671107736
C,0.5790587837133201,0.4283350648718843
C,0.728524628150213,1.3391502320638775
C,0.7665642850198768,0.49843049984188836
C,0.8426082657348073,1.0496946558925802
C,1.1892326851176094,2.2308390492397936
C,0.5169687200093509,0.26824520656947204
C,0.5338615609122072,1.1602368053387704
C,0.7966635157508423,0.7081874509258965
C,0.7617709604310225,0.6346986191306218
C,0.41503639079907534,0.7272300858810136
C,0.7811630299991803,1.9367841690459728
C,0.7084619374800547,0.6344858395627846
C,0.5866688675956352,0.3949507487222681
C,0.602251788953636,0.9234355101683895
C,0.8363928942290672,0.7202992073060194
C,0.9728646362246114,0.8850095963898579
C,0.46909666431694313,0.8478017940430228
C,0.42197588877190095,0.18758478879492166
C,0.47811928638568085,1.1168565959523762
C,0.7164227885065865,0.3822485023597386
C,0.29954543135790673,0.7307944540710145
C,0.7978821947523596,0.6144758161810657
C,0.609753196255382,0.906783960020572
C,0.4462207228951086,0.8410881173898994
C,0.5408713183657546,1.1201638953709918
C,0.40775932748161553,0.8340802421545508
C,0.48156066152922733,0.34574671130732965
C,0.42121222719202034,0.31085119010520446
C,0.39868779341893573,0.3400071304430461
C,0.33811038195758025,1.2463123826611053
C,0.6234902012555389,0.49087861771520414
C,0.678208840513059,0.9055433637669033
C,0.6986146874032351,1.2497681359219543
C,0.7661931562886617,1.0693625480911104
C,0.5233915323652375,0.5802460910820334
C,1.0492633542810903,1.0140141056569272
C,0.5080504993850244,0.9383422568045402
C,0.6596253360682485,0.753903149443576
C,0.6270353896239651,0.76390402562766
C,0.9046110996059756,1.3407717544876072
C,0.4878166416212168,1.071216332748668
C,0.6484123330671022,0.4900233257529868
C,0.607370797187433,0.6399503663239784
C,0.6501424081905615,1.3516179942220476
C,0.5938183241854353,1.4149898107702055
C,0.39496387570789293,0.5707402840549058
C,0.3642319902529374,0.7735325425091621
C,0.5373371158641185,0.40992664733534667
C,0.578329876930464,1.269395543477127
C,0.7644530115211833,0.47479470600395357
C,0.5248472808866781,0.40960934500523344
C,0.39165083615337265,0.6711989576105295
C,0.7506066595277966,0.740838494065021
C,0.4534431752693887,0.5307470730664196
C,0.5723980717262418,0.2912836671059934
C,0.7650202408641951,0.735261018132848
C,0.48921424924208856,0.2810470454038547
C,0.3854287424581057,0.6678211087104965
C,0.37924220833376027,0.38139569091807185
C,0.6354183318944778,0.609719438745511
C,0.5073713273614112,0.3195666173259096
C,0.4764197670607492,0.13515654227300652
C,0.705753975649321,0.4998076249893582
C,0.4921738607955249,0.6837019144246537
C,0.3863005042112681,0.04709529781470557
C,0.3289736531873044,0.8250146336794657
C,0.9983493965355639,0.6473983266451205
C,0.5195690403383593,0.29166135489032685
C,0.9042275904871825,0.9280993026176254
C,0.7629368184020383,0.4154543055528205
C,0.5560709583390291,0.5569805443837522
C,0.4254131336479778,0.15393436242464043
C,0.47813883336786994,0.5276046836409038
C,0.6781636750645135,0.3770304563922827
C,1.0593502979386797,0.8485733642242784
C,0.4205687890780557,0.6395135158086858
C,0.9553381983396466,1.2048110258747422
C,0.344596444581721,0.9173726823593534
C,0.6052147884407031,0.7497232270733193
C,0.3085392207540117,0.43524619502285244
C,0.5750576194932719,1.3252771667616734
C,1.2852256866855725,0.2651776232930339
C,0.6642546818500455,0.7500430614358019
C,0.2242379837862625,0.30781913332568145
C,0.6833585093024227,0.3973445457998501
C,0.6453229916246814,1.6674637414497826
C,0.562088125878461,0.7400583384895192
C,0.8219183789193694,1.4540089409763322
C,0.9006525732209728,0.7337504350882426
C,0.525677045308614,0.5397318881821337
C,0.3260715959327061,0.4871094378255515
C,0.3267258161965694,0.48661389579836967
C,0.5268896141702407,0.8518156993130916
C,0.5912536999797614,0.715614649539905
C,0.6166023317171602,0.7389510148929965
C,0.2925479992412109,0.409834395999167
C,0.6206272497196044,1.0739244925019518
C,0.36135300160802264,0.3779953497236535
C,0.36240568814653557,0.29088855595071167
C,0.3634184240094887,0.4856402101045175
C,0.5826566791922997,1.3340753383102317
C,0.952092901987756,1.0186055264549896
C,0.5961006610353881,0.11407296312972348
C,0.5643279756342441,0.5785388138964568
C,0.3701346219220628,0.5622511582037086
C,0.6731514673735025,1.125648770593535
C,0.4483372931731295,1.0599144228849242
C,0.5793447354625113,0.7314912132032101
C,0.3985814087660755,0.9298702659691079
C,0.3770820652327121,0.3977586889709728
C,0.31542364936666345,0.8938888552276367
C,0.6667091712557798,0.5139866490766987
C,0.7713203773733341,0.4128632828016567
C,0.24492726823377248,0.2273730180930437
C,0.42397259458310915,1.056853031920182
C,0.5834422487063552,0.2798595079143335
C,0.6008529302782596,1.4476145860607013
C,0.592724929672331,0.6489419034516484
C,0.4533919026825518,0.9517508205659978
C,0.98173090869337,1.0095998610591865
C,0.5909673415183785,0.8557488698679618
C,0.7372751863953431,1.246093023399827
C,0.45163823242352596,0.3232798626719543
C,0.5901213305610236,0.9564173774343391
C,0.5704881161668937,0.8996297177668181
C,0.3296533295037367,0.2992055735002571
C,2.076862247222777,1.9223039045049952
C,0.40282516387645295,0.5480803427785585
C,0.39596339517174545,0.3813346397428821
C,0.4654464316616008,0.644166138926329
C,0.3360151497145584,0.39119801458661607
C,0.4653055235221137,0.6522651608069577
C,0.6393583632057936,0.7050492004780733
C,0.9779221521048661,0.8169344487110785
C,0.9401359215676443,1.1924761696697181
C,0.7755958147965286,0.9974556102618718
C,0.3525605955775503,0.490886325515596
C,0.30383780798918547,0.8944758213449396
C,0.4323594801027223,1.4408293044408067
C,0.544164990034682,0.4242990291902643
C,0.5205044760168556,0.1686104725248814
C,0.8282964744180505,1.0921239552926143
C,0.47495704043459713,1.522937414578512
C,0.5982733436016175,0.400351842590062
C,0.7652002457585549,0.5027696607145687
C,0.6505893811541038,1.2424860032270775
C,0.5859849828431987,1.2665378695300575
C,1.134595213971724,0.7037321565861193
C,0.4777926558689004,1.1024625856385915
C,0.41547704555443754,0.6916223704641468
C,0.5797761644743897,1.1967333572389933
C,0.5647635423670103,0.08970019971144583
C,0.3603521271876415,0.5474876883846777
C,0.946045959642437,0.5052759443909189
C,0.5726295957224835,0.5241154684000958
C,0.5392514849533063,0.7687133129600192
C,0.4266430319336963,0.6701088168836307
C,0.5874379580085806,0.19128853662121903
C,0.5615041571119497,0.469971101027186
C,0.4651471510838229,0.3062907714033028
C,0.4636940675806333,0.4724206719659422
C,1.7186924267688954,1.6602541986462775
C,0.7116605543755715,1.1459093595774217
C,0.6991394356234346,1.1372055940006722
C,0.7147002659678836,0.9330821923257171
C,0.5575580058568432,0.6913044897309119
C,0.46890694569179964,0.6296230194708307
C,1.2219660675568849,2.160691629324914
C,0.45131272340469053,1.0489086483795593
C,0.438147989155007,0.8122503009814923
C,0.6230877357252774,1.134985200129201
C,0.5520773014473145,0.47202022277972033
C,0.37619752743634716,0.5425112844956668
C,0.54283726740116,1.331864103537485
C,0.38530895292163064,0.36492944792348353
C,0.692739237051679,0.5511124072173669
C,0.45521108270343086,0.19230484171567833
C,0.7522360354975399,1.0992508652841515
C,0.8136200777653655,1.0900617941293116
C,0.6242999379086539,0.5573530139637263
C,0.5535177728944196,0.7089755982900247
C,0.6635383103749585,0.7000078248337734
C,0.8464700981798415,0.793866185717673
C,0.20770922046341192,0.2690258436942098
C,0.5291499875753596,0.6568768402962487
C,0.3314913932342,0.3163689208085885
C,0.3481453299055688,0.4704278476260404
C,0.6826356977707109,0.14916236888462608
C,0.19543317607505425,0.6276634920142167
C,0.3001238405716266,0.5335796014096669
C,0.27027412640381204,0.14999344137400936
C,0.5614641980338657,1.0526627829692188
C,0.3083304395881856,0.679995933153944
C,0.633535339555926,0.777627924842712
C,0.5996259701245388,0.30672574076398224
C,0.49527311206402896,0.8281115682591766
C,0.6200763732587069,0.6570772172675644
C,0.702837055370537,0.5523936940807139
C,0.5429422043632562,0.635858868346519
C,0.35767662303197895,0.49687281116768145
C,0.4803791434669506,0.5218801175567522
C,0.36126917511391193,0.8226371991667059
C,0.42411542999213037,0.2781314485427841
C,0.6899997892984491,0.8390766748483584
C,0.5389581204943683,0.9077579951789261
C,0.8363805662402651,0.9823852678416578
C,0.39075523296002646,1.052669717438935
C,0.6230946013645292,1.6276733579840852
C,0.42202649074044446,1.263520501607106
C,0.5109212581336525,0.26841392851199264
C,0.3794651677732024,0.6765196781201145
C,0.3891063715061789,0.4493790229582232
C,0.2767571318979574,0.7233885749764482
C,0.686684790594102,0.7412688134052627
C,1.0242813628044025,1.1236509245821917
C,0.9408625657410935,1.3646535220027805
C,0.3782558755529546,0.4081598353618694
C,0.5410591372631026,0.40375670247870965
C,0.4609833965749028,0.42996655157196173
C,0.12326469959861747,0.7128366432477681
C,0.6745388308583716,0.28895731665719016
C,0.5507508125537497,0.7134118688803235
C,0.8172319318452287,1.1657840639749604
C,0.7587401110962396,1.5245794502680867
C,1.1268078505311108,1.8541192999275065
C,0.411895186080341,0.28483363939225165
C,0.3468407365246543,0.21701811440951163
C,0.22470046974961308,0.1966966972769922
C,0.6015746995831408,0.421984708544668
C,0.7672969332048992,1.2127341727959149
C,0.42117979474474576,0.8124334125787285
C,0.5333231758840413,0.372220294239349
C,0.3889440870091628,0.16815002299121226
C,1.2473068069415456,1.2265660336495172
C,0.8777697923315709,0.2925837479877061
C,0.5411629949820694,0.7897415039995932
C,0.6626731995134012,0.7968454681119956
C,0.5894787877324166,0.48810543850007393
C,0.3902552903682283,0.2784967235927552
C,0.8348071165121185,1.214367185056595
C,0.5346966978131994,0.5602723092356927
C,0.7576891596229172,0.4557414818421376
C,0.21975912920887178,0.2724920586323855
C,0.5917791596780643,0.6857398824085789
C,0.7081939854707562,1.3501422079828524
C,0.3761340813875553,0.25615994910540796
C,0.4662306383077347,1.0517660319942752
C,0.4138412448953211,0.33081946756187613
C,0.5549903231274388,0.6892667611591191
C,0.764106611971988,0.6514228680733722
C,0.6078633707799492,0.8153477122262371
C,0.8133093014242038,1.4109663051591401
C,0.6123197486884668,1.0408174147254539
C,0.42921421745891136,0.5373830051313456
C,0.6115818218094247,0.2672884944415754
C,0.9477126884161633,0.36003119797399524
C,0.388838935763787,0.9183011980966806
C,0.46876322385569724,0.23644731785284462
C,0.5467031315905327,0.6642580924114964
C,0.5732539867357024,0.7322643283084331
C,1.2497560243864976,1.4023173715562651
C,0.28077974594689364,0.6206961626002068
C,0.5501925340566555,0.6111048096018407
C,0.35255320323573147,0.5171639327008012
C,0.4193262859052886,0.5427331329012248
C,0.4203797772278766,0.21652805838898398
C,0.6563868949372872,0.6631577174102716
C,0.5555110714872802,0.9539747243154727
C,0.8667992571803268,1.760897859454469
C,0.8635902228650039,1.2496447679727143
C,0.9463817480209608,1.6265015144217367
C,0.6309170117873735,0.5120952524683173
C,0.6848611541180518,0.5180729093575005
C,0.42781269006839007,0.8306613308069762
C,0.3175276615666506,0.37815161955818183
C,0.4620152128927316,0.28487317189606326
C,0.2850231213542078,0.21077461112734852
C,0.8773527114480171,1.101393362028885
C,0.8604157175368997,0.5348245083432211
C,0.8288425603024798,0.5719215285333694
C,1.0313950698220413,0.6802635168661512
C,0.7233190725888667,0.7565933232959771
C,0.3877379136853271,0.8993365677215589
C,0.7592955199874014,0.5066970621086128
C,1.112309308127545,0.58427046986431
C,0.42245251448851245,0.28557880729780205
C,0.5425168785860269,0.2372864724405807
C,0.4372393705385378,0.2147067116242483
C,1.0222820775385888,1.0932161045240985
C,0.8950093945775073,1.025130248805336
C,0.5332244296411307,0.8806119647080705
C,0.570696979709039,0.6576450571601705
C,0.5436684258684927,0.7947843160647673
C,0.43584126177680504,0.20942096320271436
C,0.5014224544926058,0.844626249035009
C,0.38502965966949104,0.3711172850298906
C,0.5309315707686438,0.36359176910833957
C,0.5196641098283757,0.7806700090734835
C,0.6457736474063287,1.3354442281151881
C,0.30870926762932077,0.5040622873060739
C,0.7833623884286575,0.7846843266097457
C,0.6536230533217927,0.6648765006636032
C,0.6591533708627343,0.8499723426704259
C,0.6797172110003267,0.6551741031166646
C,0.5580280406851583,0.7111786980909343
C,0.4769225216991952,0.7415097490787572
C,0.45348577414858315,0.4438801230643271
C,0.39953682233897886,0.7665506346721398
C,0.6275595529951773,0.606621435906707
C,0.4487128587859375,0.5723539287587546
C,0.4206622502820633,0.5924809697717823
C,1.1737839174374158,1.1940661685577783
C,0.8177986267908622,0.6497943400736951
C,0.6479024361196146,1.6753444939003086
C,0.84388355888541,0.9968751908066461
C,1.131123464786111,0.98309711712946
C,0.7895151671309646,1.0671391310492757
C,0.7826438397221642,0.630495531883575
C,0.556911497707792,1.2197915011189993
C,1.2982225986444693,0.7901034871113229
C,0.9098880025781079,0.5564548536235581
C,0.3955914451535441,0.38597345131723365
C,0.5602405317748483,0.3854508616457583
C,0.526216229073856,0.11120670619417578
C,0.6011355067806652,1.2632486572877593
C,0.7157258843031841,0.535027170937976
C,0.4536012817004262,0.8869399154795755
C,0.5189868520264377,0.49963765443559033
C,0.2878049171705326,0.5494111601255852
C,0.6813980610270135,1.442480940357781
C,0.42566415939675706,0.22878817681836197
C,0.6072299127722256,0.8106988819278446
C,0.3853896480484946,0.9134337565876796
C,1.0244663988409797,0.8257057774363807
C,0.5547428983642524,0.6839879779736956
C,0.36435267397596216,1.1995113698517472
C,0.6597848414701974,0.4753513833048233
C,0.5073581272027711,0.6737452619272847
C,1.125021284509524,0.8162135741008201
C,0.9764386150110622,1.7298399691695345
C,0.39563270274416923,0.5746735442774923
C,0.6495121943710186,1.038970885610283
C,0.4906518879073817,0.5348209600262337
C,0.36802411288139425,0.4240415918114674
C,0.5827538025360431,0.6826096218200772
C,0.23122844214947114,0.5331976021421931
C,1.425037639848894,1.3978842091264312
C,0.3078690363785495,0.2285151594699011
C,0.5632783029101838,0.7997730806151689
C,0.30528286950082517,0.8068101162368505
C,0.9017831030915809,0.6414606376107383
C,1.009515653133206,2.1211106599182665
C,0.38789793820339374,0.46266446652393417
C,0.7722816065681648,1.4962323701411966
C,0.8738509853666626,0.9063743475206292
C,0.2630760954083072,0.3945581399356733
C,0.5650453554588686,0.49370808896924195
C,0.3918414267118175,0.7336254753915497
C,0.41077399258660596,0.7245959041784423
C,0.5907475910497677,0.31817636998996324
C,0.7605748895673291,0.47460893510492896
C,0.7337982783954639,0.4661654525397934
C,0.6057526393769428,0.8214599076299265
C,0.28970539004284923,0.24837515448477715
C,0.25360140558334715,0.6262519455235331
C,0.4919440139859332,0.30153796681504713
C,0.9120615849050674,0.7166338773542394
C,0.6703463557545982,0.4673625310740389
C,0.6566004583407505,1.1976051351611103
C,0.2783252205615915,1.039389080669574
C,0.6291354201042951,0.7626040671533499
C,0.5949623881849478,0.881959066039362
C,1.0651575582560984,1.9884542933615
C,0.8388027194431356,1.2413948299159694
C,0.5978458138438801,1.5609990131671863
C,0.8743775274489237,0.8196192186361587
C,0.6442103183253377,1.4012303767117253
C,0.750219692950593,1.0882516000148743
C,0.4282309637446364,0.5149641361604217
C,0.507074722939527,0.3004636783259211
C,0.6585014434912798,0.613040052020522
C,1.0370932063437468,1.258885169110475
C,0.3898463326795801,0.54027803845634
C,0.37167223985102604,0.6458145273777244
C,0.3468500648933005,0.4098858637364979
C,0.624259195314653,1.4140539781882513
C,0.6127031778708627,0.5836428196935451
C,0.5455619703532288,1.2857677427354164
C,0.6008635132232151,0.5550256449788448
C,0.4941334906218541,0.7018427451666088
C,0.48300243366383655,0.35799284237074824
C,0.48718866666888494,0.4659612886710951
C,0.5901121772130308,0.2689443484934987
C,0.40437670681169297,0.16149377044737095
C,0.6215236471670361,0.8259485925891544
C,0.9915068248207444,0.2759617024618157
C,0.7887653161578766,0.5957872074240722
C,0.2502628128668851,0.29461654400567877
C,0.6680548149568483,0.16593681537050897
C,1.1008423424945768,0.7122351738365282
C,0.5989350550458953,0.19566230806342116
C,0.208416100753338,0.9921302259686372
C,0.5182390271250339,0.4411596130570208
C,0.7109308656103693,0.656315342679304
C,0.629409545555246,0.7622999129742162
C,0.41751905048365884,0.3852291846383769
C,0.47875888496448255,0.7477855490023345
C,0.39424199607167437,0.7587719261386637
C,0.421078013128535,0.5461722007141515
C,0.8420230905999213,0.7604883296952252
C,0.45193653192312394,0.6277573883966578
C,0.31336659003023887,0.14434101966756538
C,0.23600874567908098,1.1189819126461922
C,0.8435827459125425,0.5464238387217444
C,0.49305428528328166,0.27227300372094293
C,0.8770599357017345,0.7629471686456825
C,0.5255744415073165,0.8147449775432434
C,1.0302313069795463,0.7350299910738014
C,0.4132017193734529,1.6147425982960353
C,0.3884589616303194,0.47428692344450774
C,0.8192213148229821,1.0421898485739702
C,0.19442834312807866,0.26832993869249394
C,0.5975288977246068,1.3358541058979685
C,0.860061489916725,0.7573810454028784
C,0.5412025205596743,0.38501358902781385
C,0.3217519118464905,0.9733850297826442
C,0.6365405111692607,0.937827166803583
C,0.6600823546854249,0.8640453035376002
C,0.35084054897119105,0.3194667572729294
C,0.7210649892469367,0.6291309936977102
C,0.3443647368038998,0.24264723767854282
C,0.5914345456686659,0.42325224921762233
C,0.6874725899145343,1.0660056454640197
C,0.45796961268016023,0.4153979473475828
C,0.4595413855024455,0.6379581882677102
C,0.7420367612614843,0.5670494028158595
C,0.3381871122631399,0.4678868910721776
C,0.361255796802878,0.5874332879851581
C,0.21658054826815112,0.32072060093452226
C,0.4175277819005837,0.5444460483927007
C,0.6066792414137542,0.25402822317037455
C,0.41070749781052324,0.2261255865648913
C,0.47225237044070517,0.7984017352393794
C,0.762725982933539,0.6774317001558832
C,0.38256304548694176,0.35103189779484417
C,0.8266055186661069,0.3103031184208711
C,0.6396427808639903,0.4787477244993863
C,0.460418317126245,0.4028212032756202
C,0.6811105132447407,1.238369087357413
C,1.1507944281608895,2.0647591648241903
C,0.49219148662732154,0.9233200213951624
C,0.34781021255274175,0.8370698187351584
C,0.6462235045770593,0.3179340096277551
C,0.5736488938894823,0.7408820198287851
C,0.6191294936385163,0.8537794419645173
C,1.2116184212429164,0.7722366214672313
C,0.6622164374872395,0.43875914357653845
C,0.5057534917157611,0.546660505599325
C,0.3284969625017379,0.8636377636988232
C,0.8524205701098927,0.5004355826283535
C,0.5067940555471426,0.5090673522805592
C,0.7779768772539676,0.8122786885065217
C,0.4084477015247232,0.8595329017611073
C,0.6739971588278072,0.8214420041567579
C,0.5626597458767599,0.29632251373864205
C,0.7570132309133039,0.8029112812477267
C,0.8287408175148339,0.7478891618554288
C,0.5969837385516952,0.8961146200998921
C,0.45670324768777754,0.5837826263411144
C,0.47983743332653866,0.9327581440326103
C,0.5126842428399435,0.5536818379209737
C,0.6328150972511866,0.7055337557120406
C,1.1286730821279323,1.2906230211726883
C,0.37284694482445024,0.343737756434632
C,0.5214121755461465,0.34284937168740565
C,0.4448070927628864,1.237562644329152
C,0.40092436838262624,1.0526507496645536
C,0.5709921923340199,0.544333331862289
C,0.6018874898721998,0.7099906936267927
C,0.7949019080713073,0.519710229225215
C,0.5040458032327966,0.28240198640345093
C,0.5099898988590048,0.39143940549619705
C,0.7160139693195573,0.7133362905597448
C,0.5620109161543994,0.5918896105129765
C,0.5950995127929087,0.7525284289002596
C,0.3619801713930096,0.42599487519794876
C,0.8865251091498515,0.7451619801689804
C,0.3311134935653224,0.4691014062305242
C,0.8018909870108664,1.0081746730586918
C,0.6254811859059267,0.23403702979523744
C,0.5100794611376207,0.5956106658205499
C,0.7526038942676896,1.1700274460173765
C,0.5942653756406215,0.9528034639875647
C,0.8556161695349818,1.2516832359216623
C,0.3766652646222611,0.182782321205782
C,0.581746261415105,0.3153045370028409
C,0.8434813006067284,0.43026786529965116
C,0.420931648166044,1.0476180224085692
C,1.0549545935020077,1.5992867199391534
C,0.8431317599047031,0.2201831098045349
C,0.19118570444795788,0.6697895746467398
C,0.6525837819691294,0.9006243870493115
C,0.4999872745674056,1.1899639099497414
C,0.6101632842969507,0.6291541110172535
C,0.48678510794638263,0.4783949286092694
C,0.37913745276078953,0.7880651668360772
C,0.5392960453585468,0.5126861762592471
C,0.7585524481687207,0.8628563704792561
C,0.5161983708261412,0.5424626455539464
C,0.5563043159078747,0.5012656716645321
C,0.5312489734604782,0.4818264814586059
C,0.5267993091496262,0.6021390156676933
C,0.49257616569544455,1.5532354490319376
C,0.4477508271965084,1.3409791117979737
C,0.3550983216697119,0.9928364705983622
C,0.818075128611368,0.47403909512806564
C,0.4741546045826991,0.4777483560295405
C,0.6683276587572522,0.6039526446904161
C,0.3809042229433263,0.6121096987273795
C,0.6158376417441346,1.141013754088544
C,0.45559729565309603,0.7927860010545036
C,0.5503990622179861,0.42663260251015067
C,0.7707437516694141,1.0762750595643404
C,0.5164780606255968,0.13227853284925867
C,0.20396241988591526,0.6021193870750192
C,0.33546947243527026,0.42853967866836495
C,0.5068563516177005,0.6905614604817829
C,0.8825110464941226,0.6531213765779826
C,0.8646840945169013,0.40923544359409
C,0.3453544987593122,0.40195088538415413
C,0.8588038384025557,0.7979309741519656
C,0.3455199767493435,0.33830593689992045
C,0.6293498900853103,0.3171135484771681
C,0.7213722499730787,0.6111595156302535
C,0.5068642279878437,0.5462804144977728
C,0.4880304709940041,0.0867013354588925
C,0.6028771515842793,0.4016546342957037
C,0.41816842482501776,0.7528960255296697
C,0.8040395042238968,0.3294956011176197
C,0.6932421818997445,0.9453775210707427
C,0.5838922087772487,0.8872893741312872
C,0.7691797659454007,0.5807620736312924
C,0.6720352589751756,0.9783666538723531
C,0.5807554074005021,0.5211086290207422
C,0.6766831540557384,1.5931453957708077
C,0.8600589401572146,0.8342988666349236
C,0.4523386862634529,0.7566793252964377
C,0.5014533809862801,0.3422986326420289
C,0.3876776493987545,0.209926797393676
C,0.4564254547020038,0.6841677762819203
C,0.620929628053244,0.5465481025371421
C,0.7596129865292574,0.8509019476706865
C,0.7109758938658709,0.660228664428232
C,0.7516546363904683,0.5816077889539983
C,0.3035132482383921,0.6459834056624302
C,0.4938139552390611,0.5574954425244963
C,0.31563597365157836,0.5560575877158176
C,0.5314512447515719,0.7372317496779999
C,0.24794681504402083,0.2680602108475468
C,0.5996426522760989,0.3264654356083409
C,0.40858016490468196,0.6806718033892427
C,0.44897433360584443,0.524937898983311
C,0.9858128084780519,0.9122330130298254
C,0.5003458941664544,0.5739242348253843
C,0.5651590509484798,0.6576356756890501
C,1.0530938624801802,1.2290550608131654
C,0.7320395807035434,0.815363074352116
C,0.7442235486079832,0.7220904641502675
C,0.3859926204117904,0.5821847045630844
C,0.5039063815425073,1.0333964244029308
C,0.3502977646635996,0.9429456423958753
C,0.27834306090203725,0.22140762718440274
C,0.5189677442286591,0.3376270807588016
C,0.48917873698676484,0.8201025645130116
C,0.625836585892676,0.5493785483221126
C,0.4549497616618047,0.5733273046157629
C,1.68325180511895,1.5516503047019472
C,0.6058197728556294,1.5382437615482585
C,0.7194299365092897,0.8629717837058481
C,0.47638487131360757,0.4743447453885072
C,0.7187154850244638,0.9416078008900984
C,0.5780504158891512,0.27904715737666896
C,0.547216214762331,0.6222184500642494
C,0.9970046137084616,1.5407074641851297
C,0.3726043630077971,0.16146256446708154
C,0.40237720672949556,1.5533860970623277
C,0.3022279709709447,1.5926973822158559
C,0.671307259087016,0.6029300846151634
C,0.48282786628221297,0.9659838891064213
C,0.48084771479537586,0.4434197244221214
C,0.5246032551802672,0.7549474029662311
C,0.19360935164262552,0.1243982523320383
C,0.7357076650519344,0.9182700872526647
C,1.781282135850698,1.4755636827296814
C,0.5784705278271421,0.9552611823574815
C,0.7643442575182929,0.7586215319567818
C,0.9734999512719243,1.2943293335238182
C,0.7086158655907272,0.5914514727031835
C,0.3227291632083071,0.5221583832992222
C,0.47183645660334383,0.25327525953655405
C,0.4292829354987914,0.8325523317739465
C,1.0793528952809965,0.7380812224017449
C,0.29380635740973904,1.2458127912032453
C,0.7465236872405634,0.9829233465362501
C,0.5496125328092815,0.8328449392522602
C,0.5909147012704613,0.6232352775507984
C,0.9239344397610021,0.9830214271183785
C,0.3938987744871388,0.6159269949443157
C,0.3587543532098842,0.2622028649123238
C,0.5539385225456442,0.5866039230053137
C,0.9125758476258343,0.3297563425692907
C,0.5020246992426869,0.9082782257578033
C,0.6380730884612273,1.0961871066116535
C,0.40970842332475377,0.8179001459942215
C,0.38283468371929275,0.5999132742108
C,0.42631988128601855,1.3804143167432492
C,0.330240294356451,0.14589867007589125
C,1.0740431606031162,0.9715711128211868
C,0.633478693268961,0.8168595640235667
C,0.8767429407779349,1.6850011627596895
C,0.35799973762473064,0.5049689355036107
C,0.6354507353640512,0.37817735371338
C,0.7109953672701498,1.1245928959125895
C,0.4181770176345282,0.5700758544980401
C,0.5944587921209191,1.1194648432056664
C,0.538272996321704,0.7108436745802489
C,0.6331742722926597,0.39942934576155104
C,0.5438227759772885,0.7716922629382089
C,0.5303215933401854,0.7534996285206891
C,0.34432588555048266,0.5882963695573039
C,0.45610860593452673,0.3140111402851685
C,0.42862155779905997,0.3143951761106037
C,0.2508171981074646,0.7358360073240389
C,1.010483996544609,1.0747267441790584
C,0.48986292896783845,0.45921534421374927
C,0.4470655752243132,1.1475985872994108
C,0.6160644216480581,0.3764154320294218
C,0.7057606695190125,0.5141737289556382
C,0.5172922488818196,1.8102374485962547
C,0.9953939493480843,0.891937478998773
C,0.3918434887892104,0.4490599570540958
C,0.492850112384639,0.42629224094926516
C,0.41179147614937195,0.3905098093297459
C,0.7271745824681448,0.9176530389997338
C,0.3803700702135603,0.48288386713567494
C,0.4025701552166771,0.5730156841398377
C,0.3192286697598643,1.4820868950131534
C,0.5625654050681069,0.5781572750184429
C,0.6421187123113037,1.3563137444967321
C,0.22038486249507622,0.3310934421833725
C,0.3858675036538246,0.5278754390897752
C,0.49016477022781074,0.928992803944107
C,0.9857015639570317,1.1697811914512137
C,0.58969824316548,0.2543492144745329
C,0.7913214898489223,0.22673521483673784
C,0.48077186422434204,1.1870087780115794
C,0.9644278803374418,0.9546611408470578
C,0.8787903556157447,0.7417736580805712
C,0.3813865444616531,0.5018284195940953
C,0.47244571094170595,0.9613977186182874
C,0.4327418452236901,0.39977341170677483
C,0.8800938619259431,0.8334318233084873
C,0.6505021574014913,0.7843154688614764
C,0.3725182372686264,0.2245016118167768
C,0.49412573724098346,0.8491396925813345
C,0.3131179271192635,0.5593466817403401
C,1.3194256609732724,1.114530273388799
C,0.6042572739850592,0.7565387359318941
C,0.4661276392152259,0.3754366264365027
C,0.42157998816284714,0.8607469566947885
C,0.7654984811329612,0.7369690657558801
C,0.6510780082138867,0.853720622659326
C,0.7935680044831738,0.8929960835348348
C,0.5224007024367653,1.1542936248752604
C,0.5390365421533132,1.525695517882015
C,0.6274026045320987,0.22867604234404723
C,0.48243694694173134,0.4503064014875806
C,0.7272064452543379,1.174498030324815
C,0.3594210112307503,0.16569032649762894
C,0.7259539537257581,0.9944007966237869
C,0.37988962852837055,0.4684271975972095
C,0.7316978613967076,0.6480427307594163
C,0.5451489526669407,0.7851323616961604
C,0.4038176096608871,1.2056408327559707
C,0.9769721730415589,0.28003316005769097
C,0.6082792133454076,0.6266276742681803
C,0.4192588647052199,0.861701871712674
C,0.5483791992658612,1.3883438756561601
C,0.7857220371043587,0.5952682301754203
C,0.6423984801926403,1.234252263883113
C,0.29477813877721765,0.3753867909940691
C,0.7685480074830195,0.2571173038059534
C,0.3506588220769896,0.17421679894725378
C,0.4460557970524222,0.7637833087091028
C,0.5573375796066743,0.6381496227676383
C,0.46632370922845895,0.43339029974309284
C,0.36600210648862463,0.9270078025056654
C,0.43695370038733006,0.9388634267978434
C,0.6617135903384257,0.759809385710253
C,0.5028920828125342,0.3641309154843507
C,0.7947871734351927,0.7104778601934055
C,0.41731063406698654,1.1651596844777212
C,0.37631726221444695,0.4413387858656683
C,0.4238075847928311,1.069576407301852
C,0.7645918213548192,0.5767661357901337
C,0.9942661438602065,0.9415280936227761
C,0.5297993514894754,1.3976015231508758
C,1.4612966378399521,1.8527747565923958
C,0.8582957434402493,0.5950242534624789
C,0.7077640833803356,0.7252524405008143
C,0.42627228209054946,0.3532131708808667
C,0.8898573369516848,0.6641454419451419
C,0.7815559254809883,0.7025238875264528
C,1.1284554672025136,1.621444162243305
C,0.19963191831492852,0.33350155927749364
C,0.4302204043879859,0.42213629613788395
C,0.6444607298689796,0.7981861296842748
C,1.923231791947382,2.7787153925854917
C,0.40104926504509486,1.1883188859129463
C,0.9299286752034469,0.9523894392280295
C,0.5582332763529273,0.5262946894148525
C,0.9688679991426827,0.731189821979421
C,0.5189398675331698,1.3221053356823869
C,1.2229348564699942,1.6553540556333237
C,0.36426194845177584,0.7523387536575602
C,0.557940724773259,0.7593137140573732
C,0.37886300760242037,0.45695639432189566
C,0.5277084026216838,0.4347437736221447
C,0.8534844169004303,1.1396293519733194
C,0.4724830130714052,0.4252374277502773
C,0.8835947078674514,0.9478278955977864
C,0.7044448688368151,0.6300389639327749
C,1.052531339263332,0.8689013606105991
C,0.5116019797707616,0.304263752507892
C,0.6948159977558287,0.7518768708412676
C,1.2340795654801013,1.0163107623936374
C,0.5364617464495641,0.39811574192662635
C,0.5969053920555749,0.22988184436281184
C,0.5618217126035725,1.7540875986870093
C,0.4674238113104017,0.18139152732406905
C,0.9496625425612344,0.5951024706372217
C,0.4812822831179711,0.4888228099004998
C,0.5517206436072138,0.5358018195359683
C,0.8070647118200059,0.3907458430326422
C,0.37705982813569305,0.6438010307684549
C,0.2614878523058752,0.4858070826253842
C,0.49009826821047836,1.3721723862012074
C,0.454331494793873,0.5452262371015629
C,0.7484596875791614,0.8520910712623077
C,0.7220133849142261,1.8654877969449766
C,0.390300353979199,0.41053941146184
C,0.3241501551454007,0.46661481998297627
C,0.6484499239062138,0.7841021533198179
C,0.7781407291274853,0.3853661516772449
C,0.21772906888775462,0.14783834685257816
C,0.22181138211820192,0.4803789360121439
C,0.491768912357177,0.8515905466561888
C,0.4060795660656628,0.16611426048124206
C,0.8360176129400266,0.9178493609711696
C,0.3610449028631112,0.5652976988705644
C,0.8926009052615251,1.7227815934713693
C,0.441681834071807,0.4965945321904914
C,0.40070140413467725,0.6179332937431199
C,0.6193121284809665,1.1660767940766872
C,0.7774556838983955,0.4545463048545947
C,0.5770335591867507,0.20285864757617011
C,0.294685995575659,0.897205471578325
C,0.2647174730164815,0.23843321151380636
C,0.5467620680934138,0.7818270295458128
C,0.6328630501189805,1.3772016174445096
C,0.7801856421797145,0.8644557335069094
C,0.8065116972680867,0.6605659612548124
C,0.2264375601002258,0.6902485490221338
C,0.5529644024382573,0.3556201231951619
C,1.162129890025191,1.0855573613783465
C,0.6114981302366567,0.9298640485954098
C,0.7439290687855493,1.214346431415143
C,0.30597399397204256,0.664966112065097
C,0.398740970641446,0.906979542997275
C,0.6669700782520743,0.5564968086237684
C,0.6377179573720612,1.0292558515647576
C,0.7133143429298916,0.6314576330519174
C,0.5338737706302785,1.2295384273600867
C,0.42512074518496995,1.2066578864895194
C,0.3309518566759628,0.6775395722223065
C,0.5097919875740202,0.2870616462738461
C,0.8101623742910263,1.1908683459596374
C,0.5385691827765277,0.6920905883749368
C,0.6686808558677998,1.7598548176551059
C,0.5860536900620472,0.6701818251271512
C,0.3614914182415128,1.6211712856203497
C,0.40190599204421623,1.3112434841171097
C,0.3957543829722213,0.35602630060528123
C,0.40215274895702635,0.5639347356859435
C,0.62363911964775,0.7069200522211779
C,0.28829139065650217,0.9481460838164578
C,0.5266766851392498,1.5406677052068127
C,0.4601482410848046,0.7020126587585103
C,0.4271692336537219,0.49371373304942257
C,0.46170052265721506,0.3376939684328236
C,0.38532059336236113,0.1679132434205016
C,0.9761631784304166,0.8224770360700023
C,0.4392442902636726,0.8447851341902698
C,0.45371633717435267,0.4877947362751889
C,0.7237834799696323,1.6364018717961266
C,0.9687893254166894,1.0053660915627811
C,0.29598316873609376,0.33053720716431584
C,0.7274684149179377,0.6952947513422599
C,1.0294555164201595,1.6788206409346293
C,0.9001339046756539,1.2502876805335386
C,0.7290129616927543,0.9618226098103748
C,0.4649689120572614,0.3822639943893537
C,0.8736109748590465,1.741170600670176
C,0.7327723577731509,1.0650273696475516
C,0.5384943273300783,1.0583252501465197
C,0.4145017178041493,0.6694891218900784
C,0.48221125669587966,0.4240165767844213
C,0.4728933466208886,1.2614691662177897
C,0.4085209870977828,0.257325176546221
C,0.630470558629286,0.7705002375960219
C,1.2117596727796178,1.7992336865253178
C,0.741744858627826,1.010296843201891
C,0.2946182898595096,0.6482450037535583
C,0.6709627285428181,0.33448788221892356
C,0.635479640829323,0.5586455496385714
C,0.42196674243350374,0.6289606333894391
C,0.48209932329824473,0.4944441285208663
C,0.7374116156514788,1.0693380701471094
C,0.34299694595540225,1.0584742320262297
C,0.6728392343292203,0.5010145474768964
C,0.6632421429501155,0.31389796349555166
C,0.7184436489959091,0.761773796892552
C,0.6476501555762014,1.1995003637896477
C,0.35228209104548275,0.13611121630174514
C,0.485818020913707,0.16652448775028023
C,0.5605866182220564,0.6630238477763816
C,0.41403726359109566,0.2753612845816427
C,0.6757235470630928,1.3189866501349754
C,0.7838159010151371,1.0945842151782201
C,0.3324328078267917,0.8508975984996051
C,0.49602735426869793,0.4796745856412101
C,0.7584234392812241,0.8260966322401009
C,0.31715357986719855,0.05328024700769957
C,0.5051765989900153,0.8316929125436241
C,0.6300348997137305,0.7458608184817791
C,0.6303692216930886,0.6944845032851168
C,0.5758412982173106,0.38736738936342957
C,0.48536945468271836,0.3045888931803313
C,0.8807442708935368,0.9687720405839223
C,0.6938069849810194,1.626342016075664
C,0.3354970253922052,0.4474005507918243
C,0.5172501860985167,0.7126124916322795
C,0.5246163301959563,0.4120701658960028
C,0.9160596456647562,0.628060215801237
C,0.7422360754817587,1.0997664707352437
C,0.9650835487840653,0.9980511421691638
C,0.3913033735668004,0.5237289126289036
C,0.5272845904551887,1.1564709651841585
C,0.5945081466211074,0.808340699524093
C,0.3372259796811871,0.4854248080180684
C,0.7025007163066181,0.7710043381750337
C,0.3505644413598273,0.5769620834201226
C,1.3036988670708993,1.7267104772539927
C,0.9000549953594812,0.5897701869280433
C,0.5241621027899903,1.035411597629526
C,0.5607000744539121,0.1721472118412121
C,0.3700328078038757,0.580483727343111
C,0.9261996011910458,1.6451100667220302
C,0.4045142693694015,0.5547654249868377
C,0.49888653302053215,0.37751660209585236
C,0.5773524073796368,1.0520884344043366
C,0.2756412219132527,0.5223028164541687
C,0.4583894435429418,0.13565513411582
C,0.3884431154764814,0.7948493930404436
C,0.12562559769359585,0.35098846625136726
C,0.7279197498583733,0.3742821983898252
C,0.4063208194560845,0.5316157735931389
C,0.8384385623342161,0.9343506764912952
C,0.6134384451329659,0.8153064490703912
C,0.5744130317849355,0.2764472753458232
C,0.3503643289241975,0.1953230596365579
C,0.5537644214375178,0.7544914967340626
C,0.9330699898048164,1.2244876091504937
C,0.5476686082532091,1.2388448651630628
C,0.6467797186447984,0.5663871677082133
C,0.5110674451301174,0.6118918040111744
C,0.5508270675948408,0.9756101828194119
C,0.6671847480511892,0.9990876126830776
C,0.3742307596428317,0.3616071540546344
C,0.7246370851147833,0.7860538122090516
C,0.6838873842900943,1.0285047567659282
C,1.1926970661141403,1.3104405918086808
C,0.43432625896170024,0.9630642097549199
C,0.2994052744961848,0.19333779357051387
C,0.5528451153775761,0.25924671066397553
C,0.334343197340092,0.5046899790617694
C,0.5208758266059649,0.6925833598200195
C,0.47652775368687345,0.6465707455316807
C,0.5890004251757882,0.6857311906817494
C,0.44663950619532355,0.8595948033707341
C,0.4674413926543797,0.6827016389275102
C,0.6968420994463177,0.9006848631262978
C,0.402090529308407,0.5409448938012308
C,0.7846224882031274,0.637390198033103
C,0.5969750249571651,0.35659598242079027
C,0.7393234983213677,0.799183963864796
C,0.3594384199078188,0.5957319920906424
C,0.39377992742906737,0.8618526323560836
C,0.36692900586108673,0.18237316285849106
C,1.0598636026186832,1.4016648808470038
C,0.443743580491947,0.6755264877779944
C,0.5582271548103847,0.7920913129000412
C,0.26399965551765875,0.33817635271200774
C,0.5259092215727506,0.6959921238318859
C,0.5577734426964434,0.7301861381982877
C,0.2416051702714514,0.611838183591088
C,0.6445818226138066,1.3365940033875585
C,0.4544452915275335,0.9503602043412599
C,0.5825858547005697,0.19381480769350024
C,0.7182744194538245,0.753894078687259
C,0.5068972857608485,0.716735382547281
C,0.5725861105373221,0.5413694037444077
C,0.5112843075911889,1.1581700963826242
C,0.6245268325735998,0.4848799705015068
C,0.2592754744859966,0.2517149737906517
C,0.34787449727431585,0.9502818344793066
C,0.5915206491235823,1.234890600186652
C,0.37943188588731586,0.5137763073431088
C,0.5296893600444027,0.29129052504458414
C,0.28192242474093876,0.39922843687335774
C,0.3195670191821533,0.4992276911767896
C,0.6327917891594724,1.1461408612003674
C,0.4922340112064878,0.833398896499449
C,0.7370681264974023,1.0193925157597907
C,0.6871287424247837,1.2732099268702401
C,0.5936997636205555,0.7531258155812239
C,0.18228733761217303,0.40922109948015356
C,0.572511046390069,0.8282020534003712
C,0.7565304918949831,0.32220577199731554
C,0.49593815890742765,0.9545764766076233
C,0.5248039285694265,0.4722233698276141
C,0.47690129634078104,0.9749237239732045
C,0.772583816546953,1.399275722932082
C,0.3604488883310677,0.3298135496141923
C,0.5293180112928814,0.19346168240590295
C,0.6129140218039802,0.7121816306887687
C,0.5146551710479575,0.5514247701219892
C,0.7154531780326063,0.3318994855895085
C,0.5986026502195931,0.7434088067502296
C,0.21082389515582964,0.6730117939159764
C,0.4209602510241831,0.9170657384598546
C,0.9908185045405031,0.4150787985738115
C,1.0075898504013192,0.5128251762146657
C,0.7952701546307269,0.8018424496141766
C,0.6019687425609759,1.284550353625464
C,0.7948142916357485,1.024007181164544
C,0.2556815883640881,0.44725393445669015
C,0.27599320662502125,0.8431088629802691
C,0.5060654058626214,1.152533244592334
C,0.6129125753384036,1.5473060238552503
C,0.23864562560828645,0.3192401172701776
C,0.5536011166135187,0.30451308135178873
C,0.7432809963595866,0.9916618321374475
C,0.7996095709195116,0.8058830149002397
C,0.7109020030695278,1.6014791736752265
C,0.840537660197912,1.1414056665387837
C,0.8862380141029167,1.4133729146419782
C,0.8195528260131991,0.9738642858459738
C,0.39180255079126924,0.465374142071968
C,0.5647541466231204,0.5450090327556895
C,0.3248822255007505,0.4873548708387378
C,0.7543727108407875,0.7390029109449197
C,0.6835452469797276,1.4413545318808392
C,0.5348789517278728,0.8433465071297013
C,0.6585332648994207,0.5784444784197698
C,0.2699274149965525,0.39964783094255035
C,0.5901541958622752,0.9021225145880093
C,0.5494515687440099,0.7991223435846688
C,1.009674215887568,0.883021578525374
C,0.27963605241024303,0.897632758881049
C,0.7556103096179628,0.2112611244149626
C,0.7191817163567449,0.6247533484673052
C,0.5918674437589271,0.3687766070210207
C,0.5686477721449558,1.1265221274160777
C,0.5271046220875208,0.2801310391525436
C,0.6136792211932234,0.7917031008048765
C,0.3017057143063941,0.36761366789419336
C,0.3136587875923913,0.4648781161786887
C,1.0848180207224596,1.1211183458145386
C,1.0449137969098836,0.8156036038088735
C,0.3189725957039424,0.19583910111954744
C,0.23345759447998868,1.1122825051430392
C,0.5892141808164851,0.163378011557402
C,0.40390600136426325,0.5181235303568741
C,0.4278062193520585,0.5533079372902481
C,0.8029294871792486,0.9826407936144541
C,0.6838699915652656,0.4665259461314109
C,1.1435193137253281,1.0809870625562765
C,0.636521026464733,0.2618047313662671
C,0.824108587976329,0.39504505392185274
C,0.556076509774065,0.44214770811235315
C,0.454705502849381,0.8986426205650947
C,0.6707065462211758,0.6617920767554767
C,0.360611633768141,0.46227768260269125
C,0.47428741924571405,0.48768248745852905
C,0.3903781863904557,1.0280282134479486
C,0.7605290200547582,0.8980063734998633
C,0.4156611203244142,0.47796998248210104
C,0.39247756465018185,0.9354077849120869
C,0.43640437716375596,0.719068781313223
C,0.5492889823921989,0.6849490395502935
C,0.5758379537201855,0.8254229920762597
C,0.673511489514798,0.8783046702587171
C,0.6344248405442138,0.8785148020167601
C,0.48918070642241623,0.47196818807783
C,1.1449142438580977,0.8844002012000433
C,0.510100922981949,0.41506544135888934
C,0.5623933427348736,0.3969136013481779
C,0.8297464310211771,1.1014936060583491
C,0.5725011154255982,0.38249597923886125
C,1.164017811270775,0.0979990356805493
C,0.5254079298606313,0.6424707926959762
C,0.19692063364847984,0.7938309232748567
C,0.9986647716600777,1.1933098513067046
C,1.2953858365334114,0.5375132371723362
C,0.5847289521917289,0.37570243668032915
C,0.6136650463604221,0.9559076566121936
C,0.7371908538164904,1.169450821191398
C,0.3426053232413158,0.521074561131245
C,0.6044951665553104,0.8560475067749005
C,0.38929434399732915,0.24977187740036572
C,0.45923612206980946,0.48147126053476064
C,0.5963433255703682,1.078656056881808
C,0.4991181322915359,0.48969272819007076
C,0.4716143582191932,0.6280834801271821
C,0.36729467200747506,0.25495968909393396
C,0.26455043235776526,0.3229292930005329
C,0.6167183805497065,0.7833541218771914
C,0.5135506076800674,0.8496158678782678
C,0.44532685644783077,0.4661232138652933
C,1.005700547606171,1.2760627292532356
C,0.25079766787248053,0.2532312528343944
C,0.36017073506238,0.6143254259857143
C,0.9273381408156247,0.9573407061301105
C,1.0520731534971417,1.1221648313482535
C,0.5046313458861779,0.9226048579293097
C,0.31120627862170674,0.5885931953472353
C,0.6351573618748428,1.51934185137694
C,0.7038557954845276,0.8300910219768932
C,0.5434525250831306,0.7293050944127051
C,0.38316701993637897,0.5461038042415591
C,0.6881874527680103,1.0158147048562671
C,0.6383703473963362,1.07079521987573
C,0.7626314384769955,0.7189119839485538
C,0.5278382699088938,0.7763480559934056
C,0.4530527748179268,1.126623886976034
C,0.4082269308889843,0.5574502647887318
C,0.36890273450060174,0.8912416958852659
C,0.3890905974786562,0.7308000349807834
C,0.41813152488010136,0.4058241510516109
C,0.8883110826561242,0.9465457115229514
C,0.3197311229021662,0.21590051995927445
C,0.3028967267797295,0.5917258113208961
C,0.6393610497446974,1.273375837646825
C,0.48436549377353066,0.8705655368500816
C,0.5654827338921413,0.5316765333236603
C,0.810560879403956,1.326205910946353
C,0.9455392643599481,0.7679872391210602
C,0.4723413350025206,0.9489939108622922
C,0.7725885197041048,0.8787824702593525
C,0.5321289522468401,0.9213865644944831
C,1.1420834756920717,0.7841882615158756
C,0.7630328561627949,0.7680962273377847
C,1.4093195464205006,1.6264192272416442
C,0.5872979071676967,0.9251789615032936
C,0.9401260665621164,0.6825206933787223
C,0.36826845443894646,0.3302035805844718
C,0.4593772597999314,1.0356780186622028
C,0.609677536463366,0.5221205897236652
C,0.6946893648992796,0.7302556220813153
C,0.9315970662523921,1.292307270856781
C,0.47327099166195774,0.4614399992190783
C,0.6887538998770453,0.8937628376587273
C,0.44659679446782363,1.5294716161845956
C,0.4124549136342408,0.9082268305814787
C,0.83675844892639,0.38119199487487737
C,0.3904989660192641,0.7877094455532675
C,0.8786354172765825,0.9851570599058143
C,0.5504166819303873,0.4799790599664818
C,0.4081874238244136,0.8708847212072575
C,0.4164034742638169,0.9383739262768322
C,0.33656700303266773,0.8093874150521123
C,0.46810616660203613,0.567139956749488
C,0.45896519088283355,0.5111218904800846
C,0.5904521187529581,0.37920170266951503
C,0.7942394125925718,0.9874003169572118
C,0.5378250858984183,1.1326207380184934
C,0.9528995170630074,0.889323761413044
C,0.32414469200013923,0.4038583158029031
C,0.992144726866369,1.9653409535409667
C,0.4776764971183809,0.544610354357472
C,0.8611088002631819,0.7919372643334054
C,0.5049936524029683,1.0153362423428602
C,0.6838244273574241,0.7728161441196109
C,0.6203452056586206,0.4126841963627389
C,0.4526313770871607,0.9318924780065033
C,0.4890783312291733,0.7135692868206702
C,1.444139283414644,0.8199796391582331
C,0.5951128357705691,0.5766859437348683
C,0.7565482600678939,1.3652074964864453
C,0.9043202698043976,1.264705599420821
C,1.033715902934606,0.9775218969890066
C,0.7584660942050933,1.5243767249525475
C,0.4666435941239768,0.14856164834385205
C,0.540683204396238,0.7029858430481064
C,0.45559819735088763,0.34585932036592326
C,0.5803040832694019,0.3852999771143355
C,0.23062027200840624,0.8217018002929618
C,0.5631082334634634,0.49958079624948115
C,0.4926214831778045,0.6615591904018562
C,0.6971066480136665,0.7002501191895343
C,0.4915380626993928,0.23626507892874735
C,0.4687627678949998,0.5597626547009493
C,1.2978438512086805,1.2993831277684047
C,0.9767590434387472,0.8498974544127583
C,0.4839140254972222,0.7490568668499976
C,0.6137627761441934,0.4068824388384451
C,0.42680783037097125,0.4905554401922941
C,0.6094971973101194,1.1956500922867432
C,0.37911485978662934,0.46304179186170874
C,0.8289579254805405,0.812303180493563
C,0.6077545641991621,0.5255413499405017
C,0.4262565632926334,0.3683334735632145
C,0.660886098455556,0.45232191443006375
C,0.8463835116721977,1.5402193331490666
C,0.4317134358811539,0.7759021950912044
C,0.5541251711561805,0.7752311147361894
C,0.8786693339430632,0.6015277524421013
C,0.7071782066828363,0.44464077291030374
C,0.49343977861161303,0.964503363345245
C,0.3921496975667069,0.7257053419220396
C,0.4541111943913143,0.517759684844608
C,0.7031193663049433,0.7247543615040963
C,0.7082596959741864,0.8436715879950161
C,0.5557342847583339,0.649533587278563
C,0.6764135362864565,0.8029779328228335
C,0.9970153036866383,0.7362820204799102
C,0.5813864082825307,0.3539898323685904
C,1.1337976105912688,2.4826548026925757
C,1.0408829673176263,1.3734024833613203
C,0.5057832115656568,0.33059035519190594
C,0.5093994599083833,0.5071275963557024
C,0.4798268998714775,0.4653470218127568
C,0.48904520926305084,0.4488655525809191
C,0.9244491358823518,1.3833482342050891
C,0.41208907318781757,0.34283527350840665
C,0.40464303522078904,0.6739309869736053
C,0.7832468020119249,1.400167632928856
C,0.8419484910978088,1.3825954994827805
C,0.489440365997994,1.1351417530883516
C,0.7715013827716111,0.7465551710678091
C,0.49645248618603005,0.30776780540877796
C,1.0384479757371408,1.190065082239602
C,0.7202987310813039,0.8625191132057469
C,0.6392740253954989,1.2080873521644955
C,0.44496790922218227,0.3373223808732747
C,0.866527049583958,0.8169575519591579
C,0.646713111160999,1.0001500795571676
C,0.38506707341862845,0.7486311475776845
C,0.6918248593420204,0.26593259446513035
C,0.4283962523469669,0.6097193518768806
C,0.6391142435952556,1.3838233013511778
C,0.6163853705037643,0.8564298063204769
C,0.6609382403216518,1.4126280207120596
C,0.2547226415172307,0.7082938474119311
C,0.4286261267497725,0.7411671070552354
C,0.7478615101983831,0.6664294949030761
C,0.5249159488912145,0.9193442810234199
C,0.5874671184560903,1.4889261072749962
C,0.6751985493607834,0.18147150223088232
C,0.516635422484113,0.4315637973444192
C,0.5881376804022941,0.9961724999551085
C,0.40748996858611175,0.5181524772475279
C,0.5691143518142592,0.6158852939385211
C,0.589631771391764,1.1476637134341325
C,0.4891903168535708,0.4829781871904159
C,0.7195344828431757,1.007034128682204
C,0.8022211255843259,1.3052927622780612
C,0.43547137154361915,0.816697541115718
C,0.6800386794079953,0.4672185728170839
C,0.5265988490911141,1.1970130096066744
C,0.6537126631050851,0.8512712104678837
C,0.38139932774179885,0.46455507741924823
C,0.6784106327803964,0.3587367761144289
C,1.0142671937595296,0.44803894116375137
C,0.8085312643286519,0.8750804558323536
C,0.51066158114448,1.3186445132301678
C,0.6759181630623162,0.6561053755014791
C,0.8819456764796495,1.2643715831274416
C,0.5408240709795435,0.5757032863055959
C,0.9208598562899448,1.2473336349607924
C,0.47752870150450544,0.5707415653863418
C,0.6927857517443554,0.8328939523329345
C,0.8438126596405314,1.7100183858898677
C,0.19975123472671108,0.4574182000969961
C,0.679498374429196,1.312997318771044
C,1.3516868656276824,0.8425492839887798
C,0.3531081129316242,1.0724039630332083
C,0.8323130424036126,2.2344260615721927
C,0.6175448292854797,0.280804897335619
C,0.8231765350196992,1.470185608881206
C,0.30144783362556393,0.5221873200470113
C,0.6200625483827333,0.4690050263439453
C,0.4072868156717073,0.5573555691115333
C,0.4008436295466386,0.8726867150223798
C,0.6764171583374518,0.9828011791832205
C,0.4612432723481201,1.0281238647342843
C,0.86873593177405,0.5946357420557824
C,0.3023933847161496,0.4855323835994504
C,0.6453581770638499,0.20958526168927594
C,0.5587775207975239,0.3405727084030951
C,0.4779783825977058,0.8783802798377804
C,0.46309173860950015,0.6702921586680364
C,0.48911118961494987,1.0927765213497893
C,0.4498290128024962,0.37518427670873994
C,0.6709735058992229,0.600130736838366
C,1.1216006667058498,0.6172983343158042
C,0.5743340878956787,0.8045472928784834
C,0.5711061355618824,0.356245874688315
C,1.070073187503607,0.7760380223793506
C,0.29100925499888797,0.752000575672846
C,0.452818369219187,0.6224076077520688
C,0.48221847043833943,0.7282306846132329
C,0.7905997587073149,0.6352662156116786
C,0.3519987497907661,0.33317624724841655
C,0.6839573153591346,0.5405777105400958
C,0.6119002510162819,0.3977421201072676
C,0.6086724414992752,0.9322142111823857
C,0.4118281870483681,0.7613789302635698
C,0.5144563328731427,0.5696746685041285
C,0.3403874320871131,0.9690734313915308
C,0.3821741852080228,0.7057835688597818
C,0.7291348613425269,0.8624638604412482
C,0.485546542467982,0.612968436159084
C,0.41963362459261155,0.6685590516066102
C,0.5049100900606676,0.5099340790811397
C,0.48631211183045353,0.23406891797853233
C,0.40855714884453875,0.6199237060005404
C,0.6907857356763623,1.416063969711814
C,0.7268321845200912,1.2331714121377801
C,0.5973942364097984,0.9604103556418959
C,1.134932869738988,1.0981708525860019
C,0.5676921688165466,2.467196174019488
C,0.4236703989371847,0.5312274389040629
C,0.38668120508088055,0.46969677130762116
C,0.49064511821074097,0.36770591831830884
C,0.5504604007207732,1.352372164358775
C,0.34298164327205266,0.5274281113172146
C,0.8983039114268537,1.5411044235613602
C,0.6774321533964821,0.219442248983625
C,0.8602911125298586,0.4824644774903871
C,0.7120773208665719,0.5295551057693922
C,0.7946253633377214,1.0916538057807783
C,0.3525977930004017,1.4032887797719193
C,0.3587026117136943,0.282208621075729
C,0.8146908058342978,1.2981120543121725
C,0.3629493079737028,0.3033537608311074
C,0.8628491043231145,0.7055389197507022
C,0.8379259315072394,1.2413976468589105
C,0.4476536400402417,1.3661054159193553
C,0.5723690944141906,1.0262922159736347
C,0.477494135990139,0.8441822652730142
C,0.822377138322625,1.4751134233165875
C,0.8068058886355967,1.9091292788292766
C,0.5175234277624873,0.4832201674644463
C,1.2795928500163187,1.187111310984503
C,0.8285665625370573,0.44944076205049843
C,0.9576339427839219,0.7032816263067992
C,1.1848026623890917,0.7665645438709995
C,0.3101729604658549,0.5427151150763235
C,0.41853564877002153,0.8987055181786595
C,0.3837563476684244,0.4083709069445496
C,0.30996540150664387,1.460067335332401
C,0.6355091870658325,0.6425244378604926
C,0.3761906741408491,0.9608583807927302
C,0.360435595645011,0.4854943173694874
C,0.8513659480043375,1.1344104735794167
C,0.5501460893832417,0.4887206794734392
C,0.4202120376893526,0.6145134920905712
C,0.868015327780341,0.8281437273962513
C,0.9430168297008205,2.005471585970132
C,0.3683020406571203,0.8170118190507338
C,0.4516308736267605,1.1061128272911682
C,0.3371648133993791,0.14213784289810633
C,0.6301972257949254,0.5459400802356011
C,0.7822993094828301,0.4975983591549946
C,0.5645125515139222,0.3866577573486305
C,0.38983918281958096,0.8262479090410842
C,0.527437536144194,0.5192489990617353
C,0.9265177200233017,0.9454539567419756
C,0.3722186613090609,0.29409454419190084
C,1.198795522717935,1.0759420856525581
C,0.47655354879707856,0.7887925186615364
C,0.3552522976908508,0.3204131542290569
C,0.6623992017197785,1.7517140694579536
C,0.8429111639283675,1.4079193899053841
C,0.45993715349756725,0.6421153929574124
C,1.003178231028923,0.7279356871932047
C,0.5174161429136561,0.14156278929519572
C,0.5962111706843124,0.13667669962813872
C,0.6132076311739398,0.5947498712709066
C,0.5540481820341109,1.6026431287640224
C,0.57493741582245,0.9291946023102877
C,0.38664896112885033,0.6009504393779611
C,0.3494572493946357,0.5219218123103698
C,0.7087422736805644,0.46536796127345464
C,1.2907993888605032,1.7128124419666522
C,0.5002170531870072,0.6850993500789078
C,0.39125901341826735,0.36800155327835987
C,0.33768742646963856,1.0362596278970666
C,0.2961065309938057,0.34861410992051595
C,0.5265419264483866,0.28965692085926154
C,0.5042401273703337,0.3398589476831062
C,0.3782459588513698,0.8107303840008755
C,0.8306790656706158,0.830839644118789
C,0.9908343321507906,1.450836114954029
C,0.7267035316786757,0.5598123678243002
C,0.2719227775173093,0.29272455978641565
C,0.42521480488620367,1.0904991718669956
C,0.30754767725554527,0.6430799905229989
C,0.7212068797282497,0.9732196144106934
C,0.3646255772920673,0.948204368995123
C,0.5718696688794099,0.6306299125808165
C,0.7892200835036698,0.8473912334201013
C,0.3849434725339251,0.882134651342151
C,0.6159702452618032,0.74891392578062
C,0.7161455144789965,0.7102700122670605
C,1.0216173570174143,1.3226502058990615
C,0.4606730897411786,0.7411077381140035
C,0.8676213287750528,0.8191099369897188
C,0.5291931324717758,0.3480808155951807
C,0.8385144656713499,1.8368188610093892
C,0.6007751801888757,0.467680800033803
C,0.4872280828957096,0.8990662370248328
C,0.4616619887495413,0.426988806029256
C,0.9989298273241193,1.6656412313749636
C,0.25866074436439435,0.37883149755261314
C,0.4390742151027769,1.2682660091885338
C,0.38132330195021724,0.5273553153642663
C,0.38951845637966015,1.291961818667975
C,0.6357846402329225,0.7883616633551052
C,0.32144954827364525,0.37854100907973914
C,0.76120281670768,1.203099271270478
C,0.5794006085338816,0.33180501693818093
C,0.4863856932345472,0.6223120449958583
C,0.8385474106360932,0.44012972798396427
C,0.4925020649889681,0.39592621520535237
C,0.6738424731160797,0.5064645955090822
C,0.4984958627959165,0.500564638966184
C,0.3894761704043238,0.9175498325737361
C,0.2808944470511876,0.83177922243169
C,0.6358469586868115,1.0841800569288498
C,0.41709121415996697,0.8932576616189678
C,0.44752057452327604,0.4257549043330662
C,0.20619216647566554,0.7386436455146287
C,1.0965683879984967,0.8733231438732556
C,0.6405731554016204,0.1814931876384561
C,1.0279557236002488,1.0591617563394202
C,0.5747215952635404,1.475875867923023
C,0.6257089752067062,0.251251747617464
C,0.3776221499766518,0.5774101083716383
C,0.816153282988992,0.6709342338190795
C,0.3778255193573834,0.3832783350559621
C,1.0117157823314271,0.8390516810369891
C,0.9882078403502103,1.411002914561083
C,0.6345726905173084,0.662383771702325
C,0.7147572672683031,1.8590349971396758
C,0.7372688613908531,1.2877074686615455
C,0.6407029967866557,0.9207888330741194
C,0.6604197484145965,0.7804389049407057
C,0.6488859862457832,0.5754801126476441
C,0.5318364131114015,0.7125130840181502
C,0.844463513610828,0.4291221503495978
C,0.4063572243280845,0.40664620338180574
C,1.1568788547765232,1.1636821173056584
C,0.6883055222630278,1.0293107446594805
C,0.856819539688331,1.5168639127131345
C,0.9796229097207656,0.8489364389920917
C,0.7004119208315532,0.45608770546420785
C,0.5292417022460033,0.8545307200253833
C,1.4751373042642368,1.060646712920219
C,0.5659969592343231,0.5060875341129982
C,0.6544197614974802,0.9078592094623706
C,0.2941077475078426,0.23066425436552457
C,1.0514277250254724,0.9178605573231343
C,0.6277710614876406,0.4296350244909299
C,0.4398616879190163,0.7910008561238158
C,0.7807241947844299,0.837784806162365
C,0.5005464405385441,0.7754370567431068
C,0.49837779262054693,0.6166100770996988
C,0.889744568194764,1.4972348544968244
C,0.28468295059814863,0.7304749780837544
C,0.3822699693402,1.282345601788744
C,0.6508541406565511,0.4683251121868788
C,0.7055668361217429,0.7425810284412231
C,1.304797640847799,1.0109141031263498
C,0.5600212692738995,0.9694418963682303
C,0.5640457024055437,1.021184455549255
C,0.7958668158418752,1.337808052050283
C,1.1915215818907448,1.218568224988348
C,0.3957658550996688,0.8985833595192437
C,0.2898715200857126,0.622572714389226
C,0.3480943798465238,0.5287306567038825
C,0.7512827558565968,1.1604356863446337
C,0.6355531119142692,0.9211790274625157
C,0.6021436402279029,0.787427680965244
C,0.31528022823939283,0.3622107881060845
C,0.401936988173019,1.3098883543141626
C,1.266719558466328,0.5865072404751633
C,0.6741063027660121,1.1959925848895732
C,0.879044675222816,1.4628195182243673
C,1.2420969503456114,1.3209077249434333
C,0.6884787289700205,1.9334689174019413
C,0.42768913383638624,0.6331677074133937
C,0.44763624481544784,0.38175287119377743
C,1.0336432739956407,0.4696999555937846
C,0.6834827124268085,0.7682910363493527
C,0.556893726434578,0.37448904648820813
C,0.8052123582290818,0.14269869723071935
C,0.45473566208005967,0.30410024729796514
C,0.8443619451870593,1.8242067114152474
C,0.4009147369883243,1.076952624652878
C,1.0586749850963355,0.7357386077158348
C,0.396718150245068,1.9357795366312993
C,0.4936237883325448,0.6606210475693681
C,0.7819609127359841,1.0803348270308144
C,0.41920528760430464,0.5582609063058347
C,0.8905560428315282,0.761212167940519
C,0.39343582496687357,0.5950226021732847
C,0.47316699456982364,0.5001475584413487
C,0.2635735644624505,0.6476523334731491
C,0.6672923468314742,0.7840282664329423
C,1.2309369313096645,1.5583726822171826
C,0.4942268622777075,0.33567376314722397
C,0.8287669829367934,1.2010336824755816
C,0.66507504126304,0.9618890149957797
C,0.3367205527020275,0.9456344216589571
C,0.7528449191226073,0.8534653106243999
C,0.9365021691819311,1.0923501448845068
C,0.5862801254669454,0.8266677116791228
C,0.3657096308751906,0.13539774701579535
C,0.5941600034993306,0.9644402140216355
C,0.6795651728651979,1.1184191757549138
C,0.46419485575458586,1.3836675361822308
C,0.8276989493870228,1.3130144739109761
C,0.5276326299807049,0.6920394704216676
C,0.3279642839999022,0.4657782029540134
C,0.7286410647344024,1.0338641925596652
C,0.5356206606146569,2.0698376506801837
C,0.7316406434820562,0.42339396741444013
C,0.7022527815977591,0.566056830732136
C,0.919080242077857,0.8742508535332475
C,0.5307208583203403,1.280086793113034
C,0.537261488398381,0.6357138290074005
C,0.6659793286960632,0.2995698216729573
C,0.36335425026307633,0.9260809079769814
C,0.5058000436414216,1.3977836258161105
C,0.38294134318209094,1.3499981010359412
C,0.35995483127533734,1.1684213450160466
C,0.3850371478594613,1.0041700221557097
C,0.7524917429119362,0.6026081649394529
C,0.4528323257314827,0.46535076256864893
C,0.6751259848846765,0.765675155851324
C,0.4367634411271369,0.34769419597000406
C,0.5230060354789754,0.4680227944675542
C,0.9006374838143193,1.5444870335971639
C,1.0822407551011362,1.1010793301684327
C,0.7048715774193244,0.7238137041027298
C,0.6774725686103135,0.5328174445792202
C,1.228878581679577,0.9863350058246024
C,0.758285270743303,0.45574039871125815
C,0.6290794812548246,0.9030596590492912
C,0.6712684829349893,0.8118641199531238
C,0.5394219182617705,1.261374493757566
C,0.3195727198894951,0.6934544406575491
C,0.964016029607658,0.5454630080069529
C,0.3824541413885066,0.4590004089603264
C,0.5414231584462295,0.676651706515328
C,0.8658250263166251,1.2437665476810158
C,0.6820606718426151,1.2765541503221542
C,0.7064591370674228,0.50928234525692
C,0.9056925517644211,0.4483703215149039
C,0.33542751687248384,0.5690028004135462
C,0.47323581798203496,0.674812937264457
C,0.6239644580647009,0.9309549523208733
C,0.4096241235088834,0.9004936028615708
C,1.4258946687822782,1.5981492137224682
C,0.6644490388287335,1.1927300918235473
C,0.9635302267047049,0.3717312317683843
C,0.5148763785838639,0.5615082495205458
C,0.8522780390008756,0.7948887378834758
C,0.4248204030349407,0.6674930142819256
C,0.7542705772665795,0.26978245932381584
C,0.330840520720656,1.1888487781321073
C,0.46407123692490637,1.0122248231655908
C,1.121640468082574,0.7207755683861033
C,0.4135060080985943,0.7269783599081046
C,0.6099551831261651,1.3396405018559856
C,0.48730122841092116,0.3259227820805734
C,0.8642771942523326,1.914107720861985
C,0.778593824038712,0.7769757066141032
C,0.7035461582927829,1.027614764986498
C,0.3712423977061602,0.4699454455989181
C,0.5175969231596071,0.5601926355936234
C,0.7113353792495933,1.1267306755045687
C,0.34626797837839074,1.1481544167854285
C,0.44915398568633136,0.33546320991022816
C,0.5389201395464468,0.7511999106413254
C,0.44027021514512593,1.1585643155203988
C,0.6307245796332288,0.7124342559472454
C,0.7982648065186351,1.2784683029026962
C,1.180115545830904,2.4489747094589753
C,0.735390696211478,0.8922536582962739
C,0.4289431853090666,0.22785897129724836
C,0.6333340243433022,0.39284204507121256
C,0.4742580743550221,0.4805526401827646
C,0.4796209005895756,0.9488987012366884
C,0.6415690227810947,1.1533546737165028
C,0.8256708495535369,1.893391044663372
C,0.5665982230716711,0.21337597913647013
C,0.6014505773706407,1.0797364795288629
C,0.6501142381633873,0.9277773236839381
C,0.7252418634786169,0.5415139585261969
C,0.6927527387124351,0.6834285936300851
C,0.9807240115147222,0.22808885981300472
C,0.43038079948613067,0.7954600217380452
C,0.5395535462578179,0.21926994883827486
C,0.373084272407177,0.9022087520439014
C,0.9522444180222939,0.6231681532383141
C,0.5912181903173218,1.3994859087768707
C,0.6088019842769151,0.8958786399468992
C,0.8746988708143159,0.7867407990032571
C,0.42419633233383375,0.9197932313077403
C,0.8176631183630062,1.1331742417191226
C,0.9229928984064318,0.7588009389641875
C,0.8115566121549819,0.5858006868007071
C,1.0061123336604318,1.1521438595070064
C,0.39699291677132464,0.5091065481272639
C,0.473433207796997,0.6151900087698402
C,0.22924784198051995,1.7549305280075997
C,1.0238953121856,1.0533316593501847
C,0.6919661066790415,0.5202054474841442
C,0.6725798579583115,0.5785984142500619
C,0.6340087993959489,0.933793053573128
C,0.5174832733763961,0.3864399549021104
C,0.8025091745037966,1.2472198457268093
C,0.21551318073104214,0.3556294107140779
C,0.49212563009510113,0.5019395500019131
C,0.6200986536246671,0.9026106419070766
C,0.5491512653148861,0.23530148676228071
C,0.47610597502082397,0.45158565651034027
C,0.4219808796112684,0.7006146641505767
C,0.7319356548894966,1.0085931729950923
C,0.7311034079119388,0.7668626252743842
C,1.2318102694752084,1.0037458266390247
C,0.4490508818277048,1.1014123463318664
C,0.7226340620107088,0.44151551775929865
C,0.5845133078043678,0.6920740659264951
C,0.7461242214780761,0.7410363234752663
C,0.5014610542126345,0.5165540061947557
C,0.27297814700902084,0.7291436575686862
C,0.549492507312638,0.516260408185705
C,0.76732389481521,1.6551731811686727
C,0.9203788702002172,0.8836616171203179
C,0.44822166180004397,0.8435556747794488
C,0.5966260965575286,0.8419976814232967
C,0.9862696461053376,1.7807422006984852
C,0.2277338277979086,0.1635311082401506
C,0.7382787397874335,1.4936191491276745
C,0.4897214329807855,0.4048252700441796
C,1.2344180256198027,0.995997962583296
C,0.8972283674817058,0.3447929146400714
C,0.5990806402793667,0.37079178122180284
C,0.8157209653871951,1.5801416657888325
C,0.4128244806427269,0.39652843423695106
C,0.46985891559760834,0.7042484811129074
C,0.45705254405205253,0.5789712205734123
C,1.2423542412456754,1.647249648180064
C,0.5261056692328526,1.1027842210610097
C,0.6213231769224847,0.4848053021053909
C,0.6414793512738298,0.5305969952468755
C,0.8378462791889231,0.9856360525869456
C,0.7130787528946007,0.7000535596081918
C,0.5723854979407149,0.3519166583067771
C,1.0093329237045796,0.7724242210833794
C,0.4584563390029895,0.22574083221685234
C,0.817154178698614,0.8597065828962662
C,0.8764078852571491,1.0727360450538046
C,0.9763880618168805,1.509318686795518
C,0.5517004448831497,1.2473345375191751
C,0.46382381068460976,0.2655907911129169
C,0.8268809924079363,0.518420952501085
C,0.3559086005324123,0.26006563574615654
C,0.2689902033133472,0.6536523056276977
C,0.7935756257869425,0.46107745898302327
C,0.4312725347660999,0.508448204763427
C,0.6120397738335714,0.47490277833793254
C,0.38160384060171676,1.6962296057338742
C,0.655556357037702,0.7680894108563744
C,0.6052782343877977,0.5093532001086237
C,0.6726363514212854,0.8299868031044854
C,0.5798675683120146,0.9050302075267418
C,0.4754969764952943,0.7791467830916746
C,0.6643584344616178,0.4820018855101083
C,0.4451584739218289,0.4022711533756831
C,0.32631476943054616,1.612799510582468
C,0.6020693346217036,0.7628147664023948
C,1.2312552078168262,1.0251790562611265
C,0.8273235401153347,0.7847602875868478
C,0.4508843848367883,0.9000302477757357
C,0.20898999820546194,0.5078821278910547
C,1.1479591466429397,0.657606989495168
C,0.5276355513378442,0.37370097448396056
C,0.6824849917024091,0.9144653281976856
C,1.0466104511840864,1.3506795849235451
C,0.7442833770252,0.732556440234674
C,0.6410924840129609,0.6919614276358669
C,0.9581588932589408,0.7592714744966826
C,0.578084831755632,0.8317158676717351
C,2.0294005132472726,2.0228538774785942
C,0.4713624255446835,1.2671048783951313
C,0.67550850642877,1.048174537469805
C,0.4138531257246698,0.39272793774572007
C,0.8204638642919971,1.3658508056619918
C,0.5925656352028341,0.371672152071833
C,0.5678117470475873,0.912088365189788
C,0.6470950731204942,0.7667755999339969
C,0.7654801513547557,1.2547577897586442
C,0.7017012171495218,0.4570073294032704
C,0.7589701163878503,0.8405933645365298
C,0.6151317669377007,0.5879276156709782
C,0.387762747642578,0.7082712726115418
C,0.5845256178960512,0.9896226952971504
C,0.7181067589366337,0.74703981166582
C,0.876612300409426,1.1168712801673109
C,0.6215217631751716,0.9954529454143898
C,0.6899717873172855,1.3744405826182493
C,0.4928328781126284,0.5772404405938945
C,0.30843416687477504,0.47339849178848403
C,0.638935357497141,1.2805175449725659
C,0.4660821745990793,0.6128603666291156
C,0.6085142430244947,0.5186658746049537
C,0.3871227118486236,0.9539158502309154
C,0.7716981402129017,1.193545278596887
C,0.659968274246994,1.1421973687919076
C,0.489589137144958,0.6633678685091435
C,0.5749953410505457,0.7596039622474381
C,0.6705488916045517,0.2937233934013316
C,0.3403009192407013,0.7075049601557357
C,0.9028007714710713,0.7645363997078413
C,0.49802881704184193,0.47601759710656155
C,0.7787890759969257,0.7025129517079968
C,0.5531322239872387,0.46361499118429256
C,0.9848016513996624,0.699505679452663
C,0.46378158463172514,0.5540216660241741
C,0.3626782328485867,0.5259881129018297
C,0.8431124566724124,0.6801985671138465
C,0.7239408521442057,0.7862984369332217
C,0.4263356606426469,0.41148353697273976
C,0.7294793539909799,0.620894168552306
C,0.43274784881874206,0.33009048718747314
C,0.3967798496379794,0.6838748450589351
C,0.5978304586264299,0.5619930839284955
C,0.5315906390496768,0.3764009870715469
C,0.4976793213056028,0.5787347290151411
C,0.5886241219717718,1.1522278358443496
C,0.6701904946432993,0.32056188558239124
C,0.4888179919002949,0.23441080209524057
C,0.7245918528850809,1.0162096900310498
C,0.4818396364755701,1.393489379245934
C,0.9084422885931135,0.7527031194168208
C,0.44804431172244524,1.1782651202813468
C,0.7921109477516809,1.6208914878098912
C,0.5044495562262894,1.1547512207555317
C,0.541203822113406,0.5046613337932773
C,0.755335512063759,0.8589649216725307
C,0.6110887965060703,1.078221971381566
C,0.8943064786273538,1.135332174704403
C,0.43335502779375945,0.19292378386999795
C,0.7763393196164214,1.06158778677638
C,0.4587588840744108,0.39664149852686814
C,0.41284382678245557,0.28591920911961766
C,0.9293959646249534,0.8977830709161556
C,0.7960786738568545,0.7223351227427316
C,0.3860499157897729,0.7036561740676197
C,0.9889291579680621,1.9070370000296686
C,0.9402578830852848,1.0330579608671209
C,1.0042879265306996,1.6950241742454197
C,0.7399207265181029,0.45990882948663886
C,0.8961251634680764,0.5959131827198624
C,0.6734475615950052,0.7171402203272754
C,0.34339162701349724,0.5680958992057075
C,0.7064111033012163,1.7287167013701559
C,0.4808067772719181,0.8228218599638696
C,0.7084631395471984,0.80296772434065
C,0.8095914792061252,0.6326397566052209
C,0.5770475144034863,0.6856429057008394
C,0.4984880177589412,0.934421073783896
C,0.741767191024876,1.3403987326530402
C,0.3692577687698022,0.5378752968327958
C,0.6954435020711223,0.545592989312759
C,0.43928387402362895,0.4033375661972074
C,0.7071480438055606,0.8084680590006689
C,0.37420472800213495,0.5921288937425009
C,0.7972258163591586,0.8440641397841273
C,0.3498590311734687,0.4092988141941675
C,0.6297328300270942,0.7236656358817921
C,1.0371608123709883,1.1883239976325624
C,0.3522475946301835,1.0839634811551058
C,0.45444659124879905,1.3454656327410308
C,0.6980996436503962,0.7126994074803307
C,0.8334332320311615,0.5654281692831661
C,0.3919767577580712,0.7494698526802609
C,0.5618257854837453,0.4807930707642604
C,0.4346131072112791,0.4707602631618428
C,0.9024540819480005,1.590500973751606
C,0.6486506631329162,0.8760254660664413
C,0.21593576184663382,0.713526887274641
C,0.557314493726916,0.362947313953022
C,0.24420605764198683,1.2758468603785844
C,0.3976732786165939,0.7448447445180683
C,0.3652470507004484,0.7378957673873506
C,0.806313195820797,0.9307859221772901
C,0.7651546587536109,0.6871944935482308
C,1.5457927660108308,1.0510814039252931
C,0.8296079593507338,0.6242808652991505
C,0.49289512499523147,0.5524001463982102
C,0.6563919535021822,0.7045637382940894
C,0.6668749498703729,0.8927883130622596
C,0.48235800100797493,0.6247923837003815
C,0.2886904773216293,0.444079123327827
C,0.6067399185674387,0.9233262635551954
C,0.5778450556396797,0.713890505222266
C,0.8664009487086184,0.7362088169220059
C,0.34538226045553116,1.2004268250512335
C,0.5267793468367541,0.5456384466288523
C,0.6500511259345855,0.6390576819586479
C,0.6422676508442253,0.3983174350121608
C,0.6271156985147429,0.8222831923784196
C,0.3105990040706748,1.0592765216699267
C,0.8226352026841022,0.4450802033137721
C,0.6085275878538667,0.2626890045146998
C,0.856037936523229,1.7974816646260734
C,0.7015403136645316,1.3211037223161097
C,0.42139400138671934,0.4978215542805374
C,1.1371882127269421,0.9582085130728474
C,0.8186210719197134,0.861121652794649
C,0.5088075480200307,0.43557660565704676
C,1.2032220512592677,0.7501136494818395
C,1.0047100245543428,1.3100416783199467
C,0.5815500821776561,0.444242855161119
C,0.3798336222898202,0.4497862058271017
C,0.4059474916048363,0.5110409092190706
C,0.6456125401898585,0.407516424358402
C,0.3139475119146866,0.6462803566059283
C,0.7006263699531501,1.1090114608094401
C,0.796436615167918,0.8600492660874408
C,0.4264826486526259,0.7102980489020844
C,0.42854076298052834,1.0417238604375345
C,1.0829313408865218,1.7192402570682177
C,0.5988756589008203,0.37435228951060434
C,0.48783611219600304,1.115347679753915
C,0.7594658379475476,0.3646953288720366
C,0.43435178423390985,0.4958181425115221
C,0.9235514549178192,0.7630387957769833
C,1.3242096666405503,1.3492403881002022
C,0.8093309070975205,0.7589265326138972
C,0.6513390720332621,0.14031312648547106
C,0.6910837696361903,0.7590111801396158
C,0.399019045141497,1.0266593307182543
C,0.694993988915514,0.5949702959055012
C,0.35787652929292396,0.20743288398479545
C,1.245428224414003,1.560654317517691
C,0.6480753152965888,0.6421411759736633
C,0.5694511123595128,0.8248395293405211
C,1.0135415641333327,1.7336441998157452
C,0.316438089277622,0.688986034082313
C,0.7188227580694838,0.5560402782547155
C,0.5526896875816018,0.4650808086730693
C,0.3301701597912009,0.3394731941093322
C,0.42834839797581165,0.2913795206087083
C,0.44251937866150004,0.4288849479156744
C,0.49458061961445465,1.0743508312554506
C,1.0648806842485008,0.5833000370269769
C,0.5121473842042821,0.38911811240345573
C,0.35916029582225706,1.1620454744523632
C,0.6470826517112245,0.4716083532122661
C,0.4484248053241076,0.33347845012288435
C,0.8146841272374835,0.7991694472124963
C,0.6490964155521782,0.8286547778847109
C,0.6457664561084713,0.7137035432651981
C,0.6204408535568464,0.06130827908387718
C,0.6519179982644309,1.4578942301727758
C,0.7539553776054476,0.4896972994674694
C,0.6094242011273167,0.6029714637072787
C,0.8183263155369813,0.6024448250516637
C,0.8989691921254354,0.9023200336940295
C,0.6489653969405964,0.4072646796186566
C,0.5114390117146339,1.1667677754515495
C,0.49889413748257044,0.5684027014887091
C,0.48444199391705756,1.1507984482284326
C,0.5517702863778624,0.30829719839096603
C,0.6333334128228673,0.9580308741130661
C,0.8073520691024388,0.2745978248100877
C,0.7873956823154117,0.43262244052854865
C,0.31778055134363664,0.1258639811473738
C,0.5991987807546307,1.243834803777388
C,0.49752719370544435,0.6661971302736943
C,0.62708968464192,0.8817975985660224
C,0.4758019323929669,0.5853271127455244
C,0.7173331080828599,0.2658534305078521
C,0.37436991764572886,0.2552006646879012
C,0.6720345386644307,1.6002042662774765
C,0.30822244811663563,0.7232854062228636
C,0.2706998129709964,0.5198169543043618
C,0.6401303495263462,0.30433663043058456
C,0.32082517570935715,0.5488954372282518
C,0.5722002852515267,0.43389969359342156
C,0.8241332182566209,1.3251826102070772
C,0.6370800039326079,0.965253351182422
C,0.9983617009114633,0.8831067369932476
C,1.7484264560146752,2.246404264431663
C,0.24043828302363543,0.6293182657972605
C,0.5465685872486103,0.5367951506400067
C,0.6519434889798054,0.6609978155587425
C,0.5598577927744752,0.6501435076853608
C,0.8354944060199481,0.7092821720532704
C,0.8995456478126526,0.5552371023175426
C,0.6851797372617595,1.2224327427896438
C,0.6265043090037636,0.6015455620677699
C,0.34483327971636313,0.47555205815213836
C,0.4464128035736807,0.8997767927437398
C,0.7333560782045402,0.9480703226592591
C,0.9437524710916215,1.9291982752724781
C,0.632636980726252,0.7174872395186708
C,0.4561701519457955,0.5179833922517354
C,0.6056805059840994,0.74146158935004
C,0.5426157019221844,0.8022509014084024
C,0.9163932359004677,1.3263472127925369
C,0.5882336803567185,0.38273341934435795
C,0.6282947856476339,1.782313337312446
C,0.28617047728421896,0.7439774836067413
C,0.6486150413443627,0.48348534351176486
C,0.504983429980966,0.8481706491106563
C,0.4968394592098993,1.0976971326568754
C,0.5933452345890674,1.067714916469074
C,0.5228637534805983,0.3131491763130028
C,0.3881317170019827,0.5953056093111971
C,0.3981368297114739,0.5387720496364992
C,0.7117019786258035,1.0988846726291204
C,0.44088658122640184,0.6028881726572469
C,0.6955967049769006,1.128728977421564
C,0.9768618681538469,0.8812737718305368
C,0.37605098420991584,0.4857686809520444
C,0.7376865286929496,1.097786582965686
C,1.5852216385631719,0.9937643511346569
C,0.5635437793989821,0.7173320142670089
C,0.6242291002436462,0.4605032296200143
C,0.6023311151046036,1.181972587834528
C,0.5842256262665155,1.1081691932581879
C,0.7612083110273408,0.44576273753708934
C,0.4162626076972511,0.7029474230361941
C,0.8208095635933728,0.6824324821176545
C,0.5460811080971868,0.1688828034242656
C,0.35562742440451667,0.5107907694253034
C,0.5007114112298434,1.0510867804964374
C,0.34213769952545814,1.260669936563915
C,0.268071297249308,1.0664952520952362
C,0.8607412419361797,1.3568230715986354
C,1.0271298198125025,1.0357811360273737
C,0.5352635074650772,0.8726578378404443
C,0.54848820128375,0.5837020157661267
C,0.5672174670447451,0.8704492554482568
C,0.6904792890801659,0.982278121390019
C,0.5714892291975496,0.7477139102276592
C,0.7199136694877902,0.5953970722209854
C,0.41406874114916764,0.2909688022833866
C,0.5447071641473984,0.641047728679158
C,0.5864882109068835,1.416096575430842
C,0.3915879933818189,0.6300211182498204
C,0.6606414720883831,0.722829852555924
C,0.7793045809194611,1.0124162225237883
C,1.027875009845311,1.792536835175891
C,1.3045800560792788,1.2578818479734484
C,0.35786654653678335,1.0504608565242946
C,0.5803609445121565,0.5737225909186936
C,0.3463651989559448,0.546167969644567
C,0.33121290093859534,0.889971663471562
C,0.742732041501241,0.7400424957184534
C,0.8387057154898335,0.9057439382030766
C,0.5048697599026303,1.3199757578976654
C,0.8183884965528265,0.7848046540439592
C,0.43502873743936277,0.5594080826452356
C,0.6819136923797835,0.8255102318518104
C,0.4168830229500894,1.2373105666259576
C,0.3062371699518632,1.4528585413099664
C,0.47981447922100107,0.9189515229429017
C,0.23376252858970326,0.33721788407866077
C,0.7677156587398484,0.26435668487208125
C,0.43315447136482454,0.758756776923334
C,0.9228997581578732,1.3419839071123163
C,0.5584424883848248,0.5358913397825423
C,0.8217797738794613,1.2661669160080584
C,0.4878790579869432,0.5087552166783214
C,0.9554919980684213,0.39630372637953626
C,0.45588496441182275,0.7150089112425866
C,0.885043317244422,1.5002259162199771
C,1.1771242082490168,0.8786547309732329
C,0.9698582100907935,1.4895334291383402
C,0.3822114975413836,0.23079974130348052
C,0.42715300142518126,0.4145707394910791
C,0.5477228118651722,0.4280305242227824
C,0.38626275757766976,0.38539087667047994
C,1.0084051956998112,0.5300256336771971
C,0.44228629120315655,0.7864811102339662
C,0.3475007969917513,0.43350475863081717
C,0.5460970584723206,0.5459273127720681
C,0.8510434563378081,0.7219612317131537
C,1.0290613202784116,0.8934526152839293
C,0.613634540853838,1.1127342481576123
C,0.5845166804804769,1.1642682902254713
C,1.049324175454503,0.7040630544242665
C,0.9718961421321012,0.5429024039309748
C,0.18854303017545251,0.6263641612783779
C,0.40602463017101886,0.5630959496062448
C,0.8173995551408276,1.469148126624335
C,1.060390571264612,0.8507832792196657
C,0.4573939248314851,0.40941258562836796
C,0.5654734557956733,1.0927404392612814
C,0.2982505086477096,0.2756294611770066
C,0.48378795753296217,0.7121131695289513
C,0.4137322084492793,0.41342025534851184
C,0.6587088299277908,1.2187460826687582
C,0.5208572972325431,0.5076280231865591
C,0.4571896472597807,2.017007386336565
C,0.31928554407210513,0.5109483546864315
C,0.8499077763799895,1.38156715953342
C,0.4039798301293932,0.8843367837620949
C,0.9544994395595193,1.1107168787198582
C,0.7139711854999454,1.318898987008275
C,0.4930583240819236,0.5737770025796934
C,0.675163544299642,1.6440327834393196
C,0.7020305968057253,0.43456111029512934
C,0.37510690072562436,1.2150596924784878
C,0.7152137997710655,0.28857442632254837
C,0.6176994704136073,0.857240803107211
C,0.8161495720281644,0.7260545755027271
C,0.5397385363414522,0.9145848804639939
C,0.44629032383377454,0.7191244261831841
C,0.9826444340474262,1.2083747439546704
C,0.4563034207880729,0.7967587963858797
C,0.9299726914776708,0.2994899584300242
C,0.3813655234556273,0.6877954567814942
C,0.355291391175878,0.5007308179839735
C,0.9368063738211901,1.1536873541733128
C,0.5756657415278829,1.118277433416527
C,0.41275352682665273,0.5176674874797432
C,0.636684443600599,0.48251153287126397
C,0.6164009956585429,0.9005690016193183
C,0.6184547947514603,1.345249220024786
C,0.6370991549775002,0.35012523776004156
C,0.37646345753251764,1.1700846617182858
C,0.5697548296781288,0.9445299686368736
C,0.21774362388937876,0.21999891131058744
C,0.6272218280277141,0.5035869689460677
C,0.8544995781574852,1.3761886793607714
C,0.5163449203086098,0.7315710623493041
C,0.6997453173633398,0.42535211866871414
C,0.5069663584715464,0.8922422144728905
C,0.9431994191789395,1.3225662988737008
C,0.6584883902301162,0.4983540028276043
C,0.5221723594946142,0.7925507003928587
C,0.6506378456361562,0.6591925697344337
C,0.6203966222571426,0.6383401362792777
C,1.3569202907550306,0.4038117919962341
C,0.5131263035221113,0.30120282912575613
C,0.9750932561528767,0.6977132411169519
C,0.5766165934528888,0.9535390153280393
C,0.45285486291724414,0.6479452030524345
C,0.31935960513051365,0.6228284537278849
C,0.5284423877810326,1.0018908790739491
C,0.49483591248419884,0.5123328032412876
C,0.4199424240613191,0.4353797711143391
C,0.5449093181161175,0.9279066516863992
C,0.4506572019110963,0.8611508276031917
C,0.28229950888809363,0.5000357965611423
C,0.3157307828664788,0.5751597353004819
C,0.32373978400569653,0.7694384364630873
C,0.4907227127400882,0.9227338792291321
C,0.5352459374814029,0.34951297494710853
C,0.6152765333387399,0.3070181291586618
C,0.5762375778019473,0.47441236779155294
C,0.40704197432597494,0.5183469671678665
C,0.7870097601144239,0.4568045148727962
C,0.31729728875847785,0.6489452957967866
C,0.5460513984239814,0.7835812934342671
C,0.4528738700157285,0.28837008906953526
C,1.4196827395568858,1.1938607292176264
C,0.8686974799522105,0.3142235637951181
C,0.5876849706604508,0.2745105850203833
C,0.9009203773826676,1.7520237588701983
C,0.9828387590272024,0.8050817525409741
C,0.4502735725439405,0.745456999279672
C,0.9867767122796177,1.2009100454818726
C,0.4119304938733357,0.6995181194004514
C,0.4537349235270782,0.6907660907972077
C,1.5888045203588717,0.9690065168475632
C,0.36362071118826594,0.4079205337023112
C,0.8011777644976823,1.1985233334425138
C,0.9572394278913824,1.1400254440821391
C,0.613471026847698,1.1924467850549103
C,0.38071664342977796,0.47899411791264923
C,0.5901344072858429,0.7341116228421433
C,0.3485742778799541,1.117956677551084
C,0.30903491021217927,0.24747531154959368
C,0.5256419256667338,0.3637661302406287
C,0.585827118322734,0.44117285122767974
C,0.4340799981379139,0.39982632373037436
C,0.49758029409655374,0.31693573607704983
C,0.44803422602995174,0.4729206836793192
C,0.892941950804083,1.0984049061548296
C,0.7770089428655822,0.34917073161192824
C,0.5126854328816258,0.8857671862353357
C,0.7303900371131573,0.440909424703401
C,1.1813118661001347,0.9062652975257114
C,0.3336895201924725,0.23509136684350337
C,0.8952809750324038,0.6275247396407184
C,0.6225087672421328,0.4309890626801518
C,0.6780635933310001,0.4446274709039664
C,0.47840226454909285,0.3699331914399021
C,0.4241949253317763,0.6528913932607014
C,0.553295765659133,0.27193577696221116
C,0.3515215428014584,0.5324486418266238
C,0.6477010924173666,1.6715033336853504
C,0.4643387342752276,0.5319087110972696
C,0.2983021849110811,0.4830191868931349
C,0.3252304127009756,0.3542792301865299
C,1.091143605779641,0.9215314845471729
C,0.6838731239660608,1.164716784538743
C,0.5179020143449039,0.17787141271914644
C,0.604511372271621,0.7993217395314427
C,0.4276936826752986,0.6465602192564234
C,0.9236073218182126,1.2787978004606928
C,0.32302268170776444,0.281419459194264
C,0.6176289214230607,0.8689516941165043
C,0.3980471330881307,0.46887788118580215
C,0.5557737972739248,0.8186235430488148
C,0.7406930949980193,0.8155034100738751
C,0.5009787988810225,0.4251216176677156
C,0.6489723427844172,0.9646769461148336
C,1.0935624752670086,0.8480645368279316
C,0.5109082345835158,0.6886955489276192
C,0.46479558667531634,1.084009876527698
C,0.4786102373207993,1.458835784938816
C,0.6145111096213313,1.6197497997235726
C,0.45404046057687986,0.26304167063628836
C,0.5610472888927983,1.3080567310933675
C,0.3295372850741169,0.7978517113417513
C,0.3205615317630943,0.4851263326165832
C,0.8245709420926001,1.0679138979724698
C,0.7285821203659059,0.5473895111235949
C,0.7537985223631343,1.2503544401234818
C,0.9368031942632095,1.0786942304570901
C,0.9879890483497592,0.895710066541032
C,0.8632448162865083,1.1394198467242167
C,1.0038858133914201,2.2068207323265696
C,1.116509154960443,0.9183446568352501
C,1.0123075148216716,1.1089234259031675
C,0.5980120462308479,1.38671554198502
C,0.5274108301615683,0.22301434265574352
C,0.39020164552104375,1.1940587542118966
C,0.7160534672064104,0.7358379495355086
C,1.09253585257009,2.23231835520202
C,1.066321105759585,1.2596870452936815
C,0.3213294414347744,0.6566755159874189
C,0.3505315952214451,0.3149608843710471
C,0.6756925480007877,0.4659400055637602
C,0.43358110165402414,0.36676431893887934
C,0.5407744721973891,0.5469029449807333
C,0.5711119841354436,0.40762103345416334
C,0.9783056395983697,0.7006525365627602
C,0.8676637750482682,2.5191652617602007
C,0.5032011932751429,0.6044571181676802
C,0.513876301308332,0.41077552852622384
C,0.8687337886535824,0.6265007527114093
C,0.9854415692065562,0.5148380534856496
C,0.3908501923204616,0.7726866767343405
C,0.7909184472278368,0.7587955030761319
C,0.6850385430885791,1.1969004656416482
C,0.8959776769183273,0.962840793712555
C,0.7413329367599161,0.3958432567868108
C,0.6676109591946792,0.7506600121945943
C,0.49605853296622043,0.3104296213678333
C,0.8836556772722314,1.1741397470729946
C,0.6320119961979752,0.4526933019156103
C,0.6312048974546532,0.9737598141176245
C,1.0562656954325764,1.6244984089518946
C,0.43404801549896377,0.49031642501266215
C,0.4767421691521307,0.44254160454499686
C,0.4736931427473245,0.34852309944886234
C,0.6540021474699211,1.01654769341704
C,0.8456411120571795,0.4623649335068345
C,0.35532649438301456,0.769175043639085
C,0.611906986966295,0.7839634946764715
C,0.5199028604233504,0.19826832099502675
C,0.43972509172261437,0.95210348984907
C,0.45820113496761183,0.43024370359072733
C,0.5217321862916334,0.8435031975306836
C,0.7867192874606123,0.7310213050922442
C,0.611501816428113,0.5079873552494643
C,0.5609843272371455,1.4935026362994734
C,0.8535134724481708,0.6374424593674936
C,0.45969234003013026,0.580965225384867
C,0.7568504131119345,0.3848593594067138
C,0.4498636853207417,0.41656588156237223
C,0.4910432764300091,0.12385152029796347
C,0.29078785560294323,0.7732971557349335
C,0.9677883213667252,0.598293675597816
C,0.4762658429150283,0.6460514201568488
C,0.5037013972180998,0.17986183943092438
C,0.8596721156303897,0.6344697281124092
C,0.5442741509579047,0.24526116157242514
C,0.3619958085265055,0.9302980160712965
C,0.4013291057035569,0.3784198505913151
C,0.653582946172582,0.40934988437309533
C,0.7971672830687472,1.160958774081232
C,0.7113742669727193,1.1571808418219511
C,0.34297480763944826,0.5636772483969752
C,0.7352858923927262,0.5450662878141114
C,0.40402456318723395,0.34066677585849775
C,0.8373349655161448,1.932961431695434
C,0.2020775836246387,0.7299162882112367
C,0.41165711206696876,0.7353244977604686
C,0.5095627648192633,0.7281124823452908
C,0.634415914788589,0.7821565764775086
C,0.7079444695302033,1.5515680930187217
C,0.2990591428340524,0.5521400837750147
C,0.5762938642951456,1.12298565977116
C,0.1771657820380376,1.9912215503334167
C,0.9035088532397192,0.9400924428668563
C,1.0805866507285196,0.5073513712342538
C,0.5478971303539238,0.9672413083817625
C,0.25322419304312677,0.3344866692655967
C,0.7805398302603205,1.3418436487818344
C,0.534719197805318,1.725666795868739
C,0.5337130455204925,0.5328680169683015
C,0.46912336218644407,0.4058267732502559
C,0.734902417102977,0.5202388049947568
C,0.47374473279495166,0.58666427801151
C,0.8775607372947135,0.6554724641464825
C,0.70316257548385,1.4532532097318693
C,0.5884891547318156,0.7849585707078525
C,0.33173809203748006,0.39000887913077115
C,0.29498899878453627,0.2615248599968301
C,0.5689943851945064,1.3490233705245238
C,0.2379071911947368,0.25876961394808334
C,0.8451506993847063,0.5538300282634598
C,0.6503373683323027,0.5908422787648387
C,0.2387176931783736,0.665607236367771
C,1.3605630424318917,1.4517456037867575
C,0.32457749391049956,0.9236869280703783
C,0.4151153742390826,0.5534759607764015
C,0.47243655610968427,0.4918994602649685
C,0.7155292949693535,0.5677804769984991
C,0.7355446716123755,0.7699111650198561
C,0.41112022174495017,0.4413775557329953
C,0.4461453937118169,0.4434635180729466
C,0.7908076820671023,0.7024804071149933
C,1.0682798575427706,1.9737560516283907
C,1.1368655313659746,0.8943101914381871
C,0.5536799051665948,0.4337260174714755
C,0.47624741029924506,1.308826208224759
C,0.8058432271160856,1.9020939128570522
C,0.4234398513065299,0.4108372563588682
C,0.6568469568202323,1.0354115467319227
C,0.43580069478938144,0.3093991246248362
C,0.4104859709967043,0.5721815891649661
C,0.5250566261820572,0.3692535693537068
C,0.5000405661467837,1.2691944061755749
C,0.703275355747462,1.1538562488684898
C,1.030504281714851,1.1705851417118938
C,0.5808168139368213,0.17310756023282156
C,0.6517414679176894,0.503321323793995
C,0.5347305655447466,0.3643591786548645
C,0.5208781626206386,0.7663340825200698
C,0.4034321610008201,0.29297075160693065
C,0.5721073528030065,0.810451230032177
C,0.4632615178173796,0.5195700059553641
C,0.40941293512818905,1.1405449942361916
C,0.46104006434624245,0.5605805118111916
C,0.39680366642296566,0.623693115560977
C,0.5224035509127356,0.1954903351306691
C,0.38680534579257836,0.6820825971654616
C,1.1278867553424905,0.32618600355554805
C,0.45640185892967167,0.8465291276450114
C,0.6381507859202175,0.597533861112896
C,1.0106876899616737,0.26256461883875687
C,0.49164703852456204,0.5838347299466848
C,0.8186172704990168,0.5980119782071537
C,0.9225659999564936,0.9612149287655841
C,0.6440414112223457,1.2381069630554087
C,0.7877264156786891,0.6859613379630056
C,0.3578505824494848,0.5509063281141361
C,0.5934817925915463,0.21899443654638603
C,0.4952267039272838,0.7740021451321629
C,0.5093539818045558,1.196997393050005
C,0.5943530314188615,0.3752120338635603
C,0.45247289549103364,0.9731449417089488
C,0.3842525952687615,0.31832945109426347
C,0.4612631494106287,0.303548689444055
C,0.6339609122540685,0.6974257969852198
C,0.8440432613766407,1.0460721236553314
C,0.616654315740473,0.9596588269847326
C,0.5315334655064827,0.43376642341265953
C,0.4440046781139649,0.4858056571978306
C,1.0678952369633066,0.94216927138779
C,1.098565848939359,1.0129273673130041
C,0.4269223942661123,0.9802697407438549
C,0.5008960290460457,0.8997155177424313
C,0.6152575305518104,0.7734383362026803
C,0.30710104221480766,0.17671415119379955
C,0.6402904481302759,1.7742471408419522
C,0.5066856609593278,0.4565751320984436
C,0.225932296502228,1.4943715226332657
C,0.550641172611294,1.1117510340757994
C,0.6614400523749018,0.754190617619719
C,0.677823452820386,1.5363841788027934
C,0.32421537118506727,0.41600467690340803
C,0.7507619945835899,0.670644023467634
C,0.8842276444859782,0.8006555153266904
C,0.5330751834159266,0.2333908719866972
C,1.073233906519895,2.1962366209794375
C,0.828944487055799,0.6210122015674893
C,0.8441278589716882,1.206771639047681
C,0.6167361313350167,0.3898361382820968
C,0.8737812210563914,0.8019782110786683
C,0.41075004012715516,0.3636843525905099
C,0.1986996198473067,0.43794675301086144
C,0.34837574448441155,0.5970185940299094
C,0.5088857222953036,0.230372445048646
C,0.5383876426986888,1.006101756564619
C,0.5024561564274274,0.4642458129126008
C,0.5243602234542017,0.49751610853228545
C,0.4639145892863869,0.9560425404803625
C,0.8591895611740346,1.29342038411094
C,0.9349219446489028,0.4226850561843269
C,0.831458167011632,0.8157029188410353
C,1.098328077139933,1.2150903094162255
C,0.39420294910220344,0.6130091741706964
C,0.4407811873783388,0.8062787529823886
C,1.2380557459074812,1.268983244320411
C,0.49596107727553973,0.3854405738850619
C,0.4071464640894753,0.522014573419034
C,0.4257968128500792,0.33660657985008413
C,0.5084162245493357,0.7613027416558841
C,0.3754551998264691,1.2453746402601533
C,0.5156138779926038,0.8871879160094128
C,0.5302894555725096,0.732610841576216
C,0.4832365915851344,0.3716054508859956
C,0.7946500850503072,1.0792132586947676
C,0.8677649856981665,0.5030197754445155
C,0.2967963346865589,0.6371634746958392
C,0.6457434849964939,0.5039231376431954
C,0.7516573488273834,0.5749883189839636
C,0.572769240105542,0.29331987699041745
C,0.8208646067487633,1.1396734022185657
C,0.49261692237094074,1.1795072115097123
C,1.1306861142597537,1.1537648368916047
C,0.5897784001204682,0.9034541553155335
C,0.5832524006250056,1.6392538490807766
C,1.5666772161679479,1.8047262576643819
C,0.5544634824084536,0.8113363821032983
C,0.46211811635398603,0.41182589630544136
C,0.42563669063765125,1.0443784385195134
C,0.5386960359746908,0.6642363646379057
C,0.4423907993033206,0.242091852777351
C,0.46159916830463654,0.4187446845366928
C,0.43314487819265185,0.2447180725894389
C,1.1693215703879707,0.7589533402509204
C,1.1610349942085345,0.6478108419836277
C,0.3118994615394177,1.0363011880900561
C,0.8439514081988546,0.549346427909752
C,0.672912990988685,0.31111004171438283
C,0.7931377360640682,1.000951155280423
C,0.49848214892410303,1.6561060027852588
C,0.6094697342374459,1.1256145343750172
C,0.3572666376871301,0.86071169251893
C,0.6523473113691632,1.2691934233388824
C,0.687004802274023,0.3596473636772869
C,0.4342697316338416,0.8936102530406947
C,0.44594832642789484,0.8422579496465347
C,0.4053722425638562,0.5936806954017808
C,0.39626438606777536,0.41256902046411026
C,0.5642760213507483,0.26812096306139177
C,0.5551865790537023,1.0737858387144175
C,0.341631411345221,0.589699885728412
C,1.1086723371318226,1.9052615695326516
C,0.49913973142763207,0.7365739512055365
C,0.6284154691393997,1.7417675181844992
C,0.6511821956309107,0.9300885024794022
C,0.5336435987280369,0.14194308118414262
C,0.457643493253424,0.7594860700609792
C,0.5640600173836906,1.0533822452680341
C,0.5781806953509809,0.15348368672375007
C,0.3575567861768429,0.9232374521074764
C,0.7691712375802244,0.4088899401287645
C,0.7163815311651391,0.9004354352528681
C,0.253084514138975,0.14929711590691366
C,0.5797785439007392,0.08282483108646224
C,0.4983122876703489,1.1836765829837865
C,0.7858998877652776,1.3227483524521737
C,0.5347338539912143,0.1964522135781659
C,0.48999890184479583,0.3485977128780144
C,0.9422812441496525,1.3480603493418208
C,0.696454206491166,0.8771844901399617
C,0.47225687980511216,1.460113536370996
C,0.4141730089183496,0.48385955825763616
C,0.27176568161208253,0.5318450560708241
C,0.5141661726379176,0.26685414381664063
C,0.6685401654819951,1.4329278043298506
C,0.4956542877045178,0.2446292680534565
C,0.47389383135211777,0.5520958662559746
C,0.3377496721259443,1.5128873723781406
C,0.4627101374958642,0.3827081867476691
C,0.9340070471516166,0.6384707654056856
C,0.9144718311860656,1.7726542666627545
C,0.6694495053161731,0.7826059315124223
C,0.6206152013036289,1.0119592102771213
C,0.9218378995346512,1.204649557075488
C,0.8010285581125127,0.2456120214918765
C,0.5300495039366446,0.4586103362646584
C,0.561423960644373,0.18159349579369274
C,0.3693532017882228,0.07288012258887669
C,0.45531302209205315,0.4858826513460322
C,0.4464915941046028,0.8849720397033065
C,1.1440589722520198,1.987284383753579
C,0.677745638165911,0.8428162123874058
C,1.1162813492186106,1.8074774211385558
C,0.4152901003232939,0.29216208253826315
C,0.38363198569602036,0.6040030845042451
C,0.7250249155280626,0.39664419222358926
C,0.7589259931922303,0.4403370416971723
C,0.24368048053421873,0.47629090130597446
C,0.5530580900245363,0.6872777341545573
C,0.45879402281975545,0.6008889513971777
C,0.5461140042924371,1.0023532846328593
C,0.5484175247922806,1.0199647682196864
C,0.6591176849922614,0.6297075330701579
C,0.4935616715394863,1.1378945169510692
C,0.5535859668458283,0.28366145533386206
C,0.20516072715991068,0.7880242725348401
C,0.26671056241310576,0.8853607522311614
C,0.6088668406258217,1.0362197135919304
C,0.7037077837106782,0.8385883439418712
C,0.8309934278393419,0.32890590060102726
C,0.27489468996549143,0.4317592031075426
C,0.38778148485277636,0.3876371746466125
C,0.3936913759463097,0.8987230662084281
C,0.5495990073007053,0.2839338293643208
C,0.8531900825888541,0.9638482801630969
C,1.1612087536844433,1.1604603521179448
C,0.663623009256325,0.3314789512510046
C,0.7869719337881494,0.40551746475561673
C,0.5093615894532643,1.0171034972506519
C,0.626408922882594,0.5123138027229646
C,0.2273913956010534,0.5603319704397977
C,0.5704910033955362,0.5964283366881071
C,0.6535583560013055,0.7042807704494553
C,0.8992240142741978,0.6961343619196219
C,1.1178353714925333,0.3118407122484079
C,0.9127639710689274,0.8544517975131862
C,0.6878833977198664,1.4133352273921758
C,0.42601247246186147,0.8391972895529639
C,1.099777503615497,1.4049812884088344
C,0.28291463619322377,0.5771320232667089
C,0.73005910616035,0.2861482948001407
C,0.47923271502843917,0.18753302425003185
C,0.387910072857512,0.5889325365974953
C,0.44679181099581294,0.8069104968915691
C,0.3687205092672183,0.43574128406462176
C,0.39674226584373223,0.504616687363134
C,0.4680765062428061,1.0748461516150356
C,0.9932502994167368,1.092037907330443
C,1.0408829605006453,1.3399799258378982
C,0.8594356881195839,1.146211687271627
C,0.32276532456058943,0.6198150891397163
C,0.7399498151488655,0.39948295834209546
C,0.6571644686719187,1.0603437162641323
C,0.6746790117532538,0.6762547987140787
C,0.6626027707575962,0.8936814409882413
C,0.802364974726673,0.8662908623968029
C,0.78822698037612,0.5178766146068369
C,0.5562379302789326,1.131411395894822
C,0.7400430612566629,0.6715895701913924
C,0.7508429846407557,0.5020806354926534
C,0.2958336712861404,0.1726937647411111
C,1.022674676192255,1.0739339971920743
C,0.6201289476957946,0.8636074352495563
C,0.6181035801543778,1.1171932755269793
C,0.4198342318370442,1.3853203769547657
C,0.46954010880416786,0.4669710486389698
C,0.33200722492892937,1.1914032668090297
C,0.5613538923800427,1.0904224351346954
C,0.46673641933180576,1.0270818897052554
C,0.3842747013824067,0.9455097134170934
C,0.3682290409610559,0.7314927108458751
C,0.7064011682484664,0.12003442285084646
C,0.5248283782993148,0.41347917164211834
C,0.44945308533397943,0.5115238986007521
C,0.2826111769321533,0.9549755871853026
C,0.560730999246733,0.45519512966886455
C,0.8491687336333278,0.44979347686016913
C,0.733606207527298,1.4953414356389256
C,0.5735139076552118,0.5850999781411116
C,0.9399508993879491,1.4370198359802901
C,0.48569190973813875,0.3858054437078259
C,0.625262296372559,0.6159032584018941
C,0.7295647539121876,0.4634300083673713
C,0.6599026791061854,0.824266195519408
C,1.0958074112344471,0.42576401401816394
C,0.539454559954624,0.4442230991358496
C,0.31734308881671247,0.371131670824517
C,0.7038614743090221,0.4449057934338368
C,0.3696136797484751,0.8484892462637814
C,0.26986602529542764,0.08950524222394743
C,0.4248865121285602,0.7423339844442878
C,0.7294236072566256,0.05745201197182216
C,0.8436394225277872,0.4056249954219928
C,0.5211836522250091,0.823279780563924
C,0.4837904918086456,0.6883993737648039
C,0.42485932760323214,0.7961212136083251
C,0.8135231760599282,0.9399754753304489
C,0.7822830256100418,1.0806441397561495
C,0.4112749912971236,2.0430838498310666
C,0.5712056160943393,0.21183971990670136
C,0.3126533632034326,0.505031827721631
C,0.8139499101935347,0.7876634134714848
C,0.2135490062535435,0.2351881103188247
C,0.2269137608562299,0.5505080542238338
C,0.4146152952463158,0.5693483043704138
C,0.5632152180528167,0.9493476208884435
C,0.42256554824270415,0.7402253703363898
C,0.661848645538042,0.4963014556695155
C,0.3628577246335454,1.6179999127359557
C,1.2350555929296831,1.0659637444963852
C,0.553407463955665,0.49631743275798684
C,0.36271660308074977,0.2850792261065421
C,0.6679876502310773,0.741843013525953
C,0.78187482268083,0.6073119817308835
C,0.571988374119813,0.45314692767746484
C,0.17284212545481087,0.6332726913752372
C,0.6596980280750436,0.4172081345381116
C,0.7116289206405724,0.8644686236860631
C,1.0662957366821213,0.8401535137537228
C,0.4871321693644662,0.5248758686831231
C,0.892009068230842,0.6655245140183615
C,2.1655581940640927,2.8311803001788234
C,0.4063295558757483,0.5889793744819357
C,0.8006878958996091,0.8458989056085554
C,0.7537029723588713,0.7404020965887601
C,0.5693192394836603,1.4513467707691636
C,0.5973140557703606,0.34369437925986573
C,0.7880673659441345,1.1107006537611812
C,0.46740502128197847,0.6926588219706248
C,0.4678256368757669,0.648905435265734
C,0.5582744673839815,0.0558375985521946
C,0.26759829707931004,0.43024938746091346
C,0.756347440563372,1.503535746721318
C,0.8521354091920436,0.7693860453510114
C,1.4345394323865401,2.2758870676915013
C,0.40594428072164357,0.568937663925276
C,1.489847266309217,1.6646049058070225
C,0.45027976721114094,0.3976226640623386
C,0.7553243038434152,0.588095655692821
C,0.49884028671924213,0.4796541076221599
C,1.006020173701068,0.48280762397349264
C,0.5909266542819914,1.504547390546079
C,0.9417221951077587,1.7478503423528857
C,0.472881756363714,0.3323131047542189
C,0.4501470354781151,0.680169623131344
C,0.32589916106909406,1.2014454503877163
C,0.8620297758240789,1.2603228777113236
C,0.955333007398588,0.27543624115541493
C,1.8503438646832482,1.3284717958754102
C,0.5242160312575757,0.4198018547170625
C,0.37165782660128543,0.7360167165218499
C,0.245576588973376,0.5286994471240395
C,0.3555464442921276,0.3553703235073903
C,0.26471004714472707,0.7018536312373956
C,1.2816952136846351,1.457859162232152
C,0.8155212161992622,1.4373959570978476
C,0.9674935558074859,1.4699569863470148
C,1.2264835130994962,0.6840105776385066
C,1.240583002387618,2.9721737293877553
C,0.5971440564271876,0.808332530312007
C,0.5621057614131255,0.8446876164095082
C,0.16102791657318885,1.0430872020697937
C,0.42700976812338615,0.5901317249037359
C,0.7093540522147892,0.3660480831074665
C,0.8671082281561391,0.4256730253731537
C,0.49107656414550843,0.3644178177047356
C,0.39369879495725885,0.33904283761088044
C,0.5049329301230543,0.2104138541245181
C,0.8841615069077596,0.5451025222347315
C,0.8598046226763109,0.6133547628436528
C,0.1938556183850374,0.6798078899099256
C,0.6213842302725736,0.6081475531295649
C,0.3451066254862487,0.4796565109449724
C,0.3646218329416282,0.529680777032248
C,0.28177548906626104,1.5003787392405499
C,0.6251460946716811,0.24974743271163283
C,0.9491755379285344,1.2871696333599132
C,0.7239862935456969,1.768221302098358
C,0.5176393794504588,0.43988039639939797
C,0.49015568854449953,0.7028316086362802
C,0.8400183183155961,1.099165248033975
C,0.30623629051861445,0.7079112200068135
C,0.6731328596650574,0.6727865762593578
C,0.9915874238572815,0.7547906625585077
C,0.4951787097764792,0.7767892227947109
C,0.801809775757372,0.7039665537341805
C,0.36096915728578155,0.8272460247750992
C,1.4924779930948981,1.149314792405564
C,0.5559838612122735,0.5240232137631402
C,1.0553109595274224,1.311831712759105
C,0.9703707493232403,0.45153257684225
C,0.6627782191357294,0.36971475351998423
C,0.27990205525572204,0.6866627483757315
C,0.4339218075893006,0.765982717131705
C,0.4501143498579733,1.0660514198413873
C,0.8885522013562948,0.0420858916937581
C,0.32764400271287863,0.5827759490926747
C,0.9225754272540945,1.2120349900451048
C,0.4016814831814125,0.5322125610326642
C,0.6064063892034466,0.7396354001429459
C,0.6717520172552792,0.36398573062329326
C,0.5771845006640028,0.84660630125543
C,0.4273485557722011,0.5575077092326106
C,0.45926187874583385,0.6447216060162646
C,0.6402552682800371,0.29713976401708375
C,0.7960075489132745,0.20405889985675865
C,0.5734557883487391,1.0770341402191743
C,0.8194763243839442,1.4945980099390366
C,0.8127769483392504,1.1074083872914813
C,0.7016022734072557,0.4647359758624642
C,0.5664335068442743,0.11041980090012965
C,1.280255464297905,1.577532143843659
C,0.7685602803990289,1.0269726483890138
C,0.4417962720392165,0.48398945873019117
C,0.7618838879451767,0.6045553156684041
C,0.9700364466586308,1.1079554899819537
C,0.5171893021859894,0.5685856060317561
C,0.3507751349927197,0.8666071738785143
C,0.6970233294519543,0.6701236077614623
C,0.7627570490999763,2.268926836971004
C,0.4293253456375815,1.2611021715245647
C,0.59650909110417,1.0357448601863375
C,0.4079549792434185,0.7007998911351424
C,0.5991215364011966,0.6647387711600505
C,0.3894520273465595,0.9549900493758992
C,0.9052693900200469,0.589085371641036
C,0.6519393693999893,1.0242817252533705
C,0.3116654431380462,1.6673791370957751
C,0.7234569306236557,0.5005403162386352
C,0.6041542502493968,1.217847779454088
C,0.5468935162839639,0.5242645580923588
C,0.7823962618214511,0.37919817929104854
C,0.37842726086192374,0.8900553792328613
C,1.0439655572406115,0.7130385763182003
C,0.2807711511010397,0.9851048922580666
C,0.9704771942845601,1.2395014730960559
C,0.5717375831955027,0.9939765628120124
C,0.6056845023796381,2.3531510477979647
C,0.5212712761802575,0.3010529153789275
C,0.5344653837763047,0.804765630458647
C,0.6680446511926003,0.824040091002535
C,0.5098593926836158,0.6981486519966329
C,0.6745647734913269,0.8079157100731759
C,0.38178548595763334,1.1977002286816951
C,0.739889118561465,0.9921101347993763
C,0.6092690254807878,1.1069572338379379
C,0.9903110831288282,1.302500679912821
C,1.1856730631905423,1.9608903263124653
C,1.2661316754761371,1.486747110006583
C,0.47483318724799894,0.5151984192355212
C,0.7583297875476569,1.279750820303643
C,1.2262745676070994,0.7454580834852851
C,0.5450691783500662,1.6600377110238378
C,1.0127417864029513,0.6364181238665352
C,0.5681714528598659,1.1843187030999462
C,1.0628238328063566,1.4705675153445752
C,0.3654457460323087,0.15801959720047073
C,0.40439518358846577,0.8672016522328736
C,0.8579495943662686,0.8100508347882831
C,0.9152787789553466,1.4234772832541314
C,0.7656558620911502,0.760658783044711
C,0.23503134805161868,0.8001644707094919
C,1.2597544115794501,1.4488139306202568
C,0.5040043781300526,1.1101865608516117
C,0.44098389384407455,0.8248830807145707
C,0.509872826453778,1.0234845697953503
C,0.25827480610677206,1.197842965026336
C,0.9434390876273339,1.840909265623705
C,0.41958346027757243,0.8580077007160191
C,1.9023044189991172,1.683508858709376
C,0.35776751690192315,0.24208520680961118
C,0.5686243845659975,0.6988166279734679
C,0.36554315797981185,0.9000774040236392
C,0.8441514869191569,0.7850673845303358
C,0.3484810934982022,1.117866295262432
C,0.4310515292155114,0.49537490137441986
C,0.4011353052152621,0.5240489014726297
C,0.6964059540606423,0.6859264641035535
C,0.941149455259241,1.0301288166190172
C,0.8169381127466757,0.8977079802859177
C,0.35245593950134924,0.34234722014348007
C,0.43323198197345086,0.33633003163189046
C,0.3269108213376422,0.809974335800275
C,0.4932025726998478,0.7023317569900134
C,0.5570776682948153,0.9067379877768275
C,1.293437985827934,0.9967233532155159
C,0.5061782781626188,0.518182143364636
C,0.543335611733314,0.915738942326748
C,0.7512668693625612,0.45956310412427054
C,0.7106974873591139,0.8904660233221966
C,0.574169205397267,0.8600532423526417
C,0.5152929431019387,0.4116841920545278
C,0.2888445500572833,0.7392322628348905
C,0.7249515979384666,0.8753661974329676
C,0.40791554533687857,0.8231228113223451
C,0.23453842638122754,0.5136620073831537
C,0.4120640984618437,1.0740217583073128
C,0.6568249127050073,0.2641517289556517
C,0.546291115946314,0.7967228073703664
C,0.5112197008335894,0.7986970793820387
C,0.6531450911745993,1.3176252190304933
C,0.49342361567640514,0.37263349613028557
C,1.1833580340823004,2.2016843092519043
C,0.5815773899894036,0.5098386799155061
C,0.3985926732213159,1.109778078318334
C,0.9557727362310015,1.6996489048447496
C,0.6142662078495836,1.003786255559147
C,0.458419779137063,0.3190557496973155
C,0.4731942590941079,0.6271532778143595
C,0.6122414844835768,0.8495839154826655
C,0.5059256387570074,1.2960182482497797
C,0.5210753574445889,1.1490191967902177
C,0.6897734479719846,1.4866551608096452
C,0.20716042535126997,0.593537056265764
C,0.5308382580641148,1.1033981897300151
C,0.4034464986694927,0.32750176966669065
C,0.593406392446021,0.5761179477381371
C,0.7021001060798204,0.5072195494769105
C,1.0447894568995426,1.5622551267902596
C,0.6499164324372734,0.5092580196725162
C,0.5684898680724908,1.161936487605457
C,0.8376070417255765,1.2436727955688822
C,0.6010412677425664,0.9800647491163581
C,0.5130805767861292,0.21434550172092648
C,0.8006045016570521,0.6578813070130308
C,0.5796134002602672,0.575716647839429
C,0.8627432156776677,0.83814035061503
C,0.852869814022791,0.807444855722036
C,0.4923806828415019,0.5804546676333642
C,0.7340155532167789,0.4522411707032903
C,0.534766793953454,0.4054946986967376
C,0.6501530097387157,0.34079799243534153
C,0.5915502021186775,0.8630590076488984
C,0.4218987545204909,0.6012693329015861
C,0.594157601031237,0.398053674246023
C,0.8061220062010462,0.5915831163659142
C,0.30017237891181653,0.6556492498695549
C,0.7832508397478377,0.32653601495922185
C,0.6150309145243593,0.7242209699921818
C,0.4597939470493538,0.5572833670209244
C,0.5256677909272663,0.959230094982958
C,1.0579115843913653,1.226368102477712
C,0.684436401565415,0.45888268673656124
C,0.5526588095964937,0.30208751043640875
C,0.8232212693496204,0.7309817367931608
C,0.534809180800278,1.09766852365479
C,1.3549943755955032,0.9467296303073889
C,0.6772796027759341,0.9912237533692426
C,0.6415499907061949,0.38990532401229366
C,0.7055895571599977,1.174633470214646
C,0.7566203303037451,0.7973098561339838
C,0.459509236300035,0.17974472659196966
C,0.8559385173049474,2.5357626303256176
C,1.1096039474066854,1.4031400941507133
C,0.5775804573900355,1.076884548508605
C,0.533808998414868,0.2277207357802103
C,0.598498849624115,1.0913965356106334
C,0.6319414882429162,1.3323604969004625
C,0.28575136811243945,0.10068929265087198
C,0.5639214543628976,0.9213454425067551
C,0.45259463510323067,1.0178265542908433
C,0.5878721603576489,0.3629138526692549
C,0.5550650644871714,0.7700682454988044
C,0.5055362598200076,1.1982658709281424
C,0.605470113782091,0.6691989435016259
C,0.37211989508569493,0.2631336829900487
C,0.6793363435233326,0.5839043145858084
C,0.36043832547945337,0.6631533307082563
C,0.33181628224126236,0.7658877086174148
C,0.3830940635261485,0.7580798680083494
C,0.8660012154336038,0.26076043596288523
C,0.5748714103548528,0.7360553564511123
C,1.0728545414228234,0.8997541357781262
C,0.4590126180394774,1.1367508759673237
C,0.6133605023904569,0.7908242177421573
C,0.3081102219000942,0.4487714842700489
C,0.5337758552571653,1.318337863949758
C,0.434424391804378,1.624164601930965
C,0.49054046493422776,0.5511746455348027
C,0.6612058770979973,0.6817731812659716
C,0.5372739764104979,1.0421020239573904
C,0.6775091335023009,0.8199108261669892
C,0.735508751649531,0.3535365468827484
C,0.5690137492210218,0.8108679061636332
C,0.7922681732438137,0.5529265766698981
C,0.5658216925613766,0.301358511175637
C,0.638761884238666,0.6404480649701598
C,1.076345631261906,1.0153924553020777
C,0.3755715944525058,0.4874782680446386
C,0.7069214297697597,0.4837291943453727
C,0.4172100620111135,0.731552579610316
C,0.6897178125760121,1.337652607520003
C,0.9356282009733924,1.7952577747111005
C,0.34192849483228016,0.5341379317060287
C,0.4015228045051626,0.41497638115649954
C,0.6086497920078736,0.4748825682891675
C,0.3015998926376085,1.9208093266309318
C,0.5322418153030424,0.4946263210865441
C,0.8703179690469004,0.4558325610398111
C,0.35281794484433215,0.3493048669208132
C,0.6094263211718671,0.3681602559445179
C,0.4303364012350891,1.1069286553427136
C,0.43808310878352996,0.6585216074564137
C,0.6512821626575545,1.0219060466291487
C,0.6427881334047231,1.1270282527234954
C,0.3003329485057149,0.3920581713296098
C,0.8964863170818472,1.1008907656397338
C,0.611927775458881,0.47856800110730185
C,1.5878646503316012,1.087597789623097
C,0.3917910200063265,0.770143227212828
C,0.33547639568405263,0.5497263614110579
C,0.6734324383614082,0.6822772194791868
C,0.7661578223230996,0.5065704223303601
C,0.5259890982961187,0.5416574054884497
C,0.47362181228025,1.1492540280909014
C,0.5095908643851286,0.7128985917104408
C,0.5763858503740062,0.44109441526433835
C,0.41380151872081156,0.6615870041720168
C,0.8199448642328093,0.6567059118806516
C,0.7056341169156841,1.010393339986747
C,0.7391404964079948,0.6135029483895522
C,0.7632877865784161,0.45250851145954923
C,0.42211898258676517,0.3750768569758117
C,0.4345184736375999,0.7987097930847834
C,0.2944784931378724,0.5253327525939672
C,0.3462991604011414,1.0922816465876783
C,0.6509966763301875,0.33990095429283834
C,0.4856693617945368,0.3506939323618558
C,0.9354550990478052,1.0968250471327199
C,0.47210487045760224,1.2783287002856127
C,0.3379628210708718,0.7595006837503573
C,0.6896094639802403,1.080294100252569
C,0.41623436449055007,0.09423638526125507
C,0.4429055672107402,0.6632083534848148
C,0.47676197101889595,0.5650698371714044
C,0.6021039400053559,1.0509943928731644
C,0.8760824740225411,1.1377888853836022
C,0.496812647247278,0.6852250792863164
C,0.702803723764203,0.5493743066926251
C,0.623526788434287,1.077039191819536
C,0.7485291302057663,0.5169890978538051
C,0.5474466895056493,0.4278376146809092
C,0.383177001458962,0.3333060891269003
C,0.8164965342567547,0.5360585130835497
C,0.5806508648743428,0.607178314327856
C,0.448402034570866,0.7431329960033226
C,0.891660405791967,0.5270339661129158
C,0.7204292231584858,0.9093809123604722
C,0.889578332055366,0.9189755712475647
C,0.6393484546431565,0.6772611561874299
C,0.7770704431645294,0.9290865763113617
C,0.8976371526564422,0.9378813793845892
C,0.2975768505874998,0.9133945528246623
C,0.5424668904747258,0.6691358943122467
C,0.46940976762521686,0.6744780471006213
C,0.47411334971539953,0.5044448829727631
C,0.3801470674064666,0.49019446805559636
C,1.008957335691624,0.8895504903369227
C,0.4165807505944737,0.3485293377669206
C,0.7185806593140959,0.47538962060077344
C,0.31396337112882283,0.18868155101691117
C,0.2828456582446418,1.3370444287043726
C,0.2199406922940362,0.4665391502321011
C,0.37372802872719196,1.140948886289905
C,0.5355836908353522,0.7063276742692675
C,0.9638116157092705,1.3063223909253945
C,0.714871456121917,0.900485400336026
C,1.0449100147276051,0.31151185107065926
C,0.49830252216193904,0.5041636934077176
C,0.22312145383829193,0.5533529613726919
C,0.6773260134321916,0.9138494650093544
C,0.2851709137597021,0.29010215886527957
C,0.4417968850420548,0.33128308890013236
C,0.9511543640822542,0.636627268278191
C,0.607811048152312,0.6031439398504395
C,0.41680637381296437,0.66813720319695
C,0.9055220093903701,1.6839121140572626
C,0.9942887913252286,1.9395424157444536
C,0.7462630812653801,0.872306933270064
C,0.24117341390465083,0.09852057063300455
C,1.0005731819875532,1.7092786611574788
C,0.629244854288528,0.8044441089163994
C,0.6847536781964081,1.0617178816452733
C,0.7360669747578725,0.8310981301185207
C,0.587573263631813,0.659431494634466
C,0.5231090362201931,0.8205326955794184
C,0.8446573039028414,0.982711636073189
C,0.7940856897373482,1.173189839996312
C,0.4513493046252573,0.577542826990393
C,0.3850400180359971,0.39936325869817163
C,0.5312287158182313,0.25291641321302977
C,0.6002294378067727,0.26719384962074677
C,0.6178586225729416,0.763918995482809
C,0.4448251672638679,0.4800808411440446
C,0.4428516774945601,0.8727888122786491
C,0.6711444341307483,0.9230696517349951
C,0.44141879162773345,0.9612909219080992
C,0.4761718556602192,1.302632108400159
C,0.39524876595373437,1.7225079576121678
C,1.1245102283335608,1.01066487375035
C,0.44756294648994743,0.2273524124763857
C,0.6239107047308213,0.756676283293467
C,0.5827555737388407,0.10616766127107341
C,0.8481006868410276,0.6744471027802937
C,0.5489638156755937,1.1423487495759765
C,0.5379395300750819,0.580612115752073
C,1.0755655743722847,1.4423632047803154
C,0.3828617608215141,0.9607118318761629
C,0.8337063823173814,0.6427252457156434
C,1.2133000157438547,1.5302729860679078
C,0.6047370476066121,0.26966472239323513
C,0.6740647741164885,0.5658482712623633
C,0.2093412346566645,0.6960209656242876
C,0.3224618684088606,0.6011881894944545
C,0.6838234840833706,0.6158369132518139
C,0.5404402782849684,0.7209813450259652
C,0.5830208276378142,0.43427355836316817
C,0.4492810756966082,0.19592968592338983
C,0.2570504947428695,0.3644478931092224
C,0.7286040858036242,0.22518827874878228
C,0.281326865433962,0.5358273445231865
C,0.6838206891734184,0.8051768093140007
C,0.43068767740810493,0.4259373228690473
C,0.729557056653712,1.0068881548526107
C,0.7564190603619753,1.0165094960247951
C,0.8035087865420402,0.9254301165032158
C,0.48196002263559323,0.9713863797523561
C,0.7414521367155387,1.1676437309728758
C,0.8953043340303778,0.8738048182510721
C,0.6547880473922152,0.919984784140653
C,1.101419254399424,0.4080288910560437
C,0.9885419170603768,1.7267698367002515
C,0.6976797129166252,0.59077248607931
C,1.0090705849918071,0.6048370959364938
C,0.4763479878787544,0.9003905744489388
C,0.6103145634662646,0.7644763282468935
C,0.7325185514067657,0.7317619951371312
C,0.6729929806211237,0.7938932085774734
C,0.3406615614717935,0.3988218797800322
C,0.3821903008226649,0.5440194208498598
C,0.4499501378895662,0.6715749911271107
C,0.6545788721445387,0.27314029266091233
C,0.27973401927578856,0.5156637776709969
C,0.42815282885048744,0.8532275441144572
C,0.9375889565385268,0.666182984755231
C,0.7241547912747652,0.9369218643757165
C,0.3826671974906198,0.4978459079609813
C,0.594039600202931,0.2513072783465343
C,0.8561805408981401,0.2899279611575001
C,0.682751587710556,0.6992640451578589
C,0.31503070426223406,0.27209427553640914
C,0.5453017240226181,0.6051372158004606
C,0.296413506900707,0.8242376120432475
C,0.6460674854088131,0.902731164905724
C,0.5328123366276878,0.5271331957369889
C,0.5793154740634162,0.5780870381533597
C,0.9888546571572789,1.3912259680939034
C,0.7321405946792039,1.0555243131445442
C,0.4617904812430365,0.6151029763896355
C,0.545819477955616,1.0168766021699456
C,0.4268547508328669,1.2617969508393847
C,0.711633888023092,0.8794634810926325
C,0.31657694364157546,0.19844046931550388
C,0.3088550687312113,0.35351578650284154
C,0.40144377669390824,0.18941174999417149
C,0.3672285095401323,0.07375067572045191
C,0.6892855447016986,0.9317596853814886
C,0.2677650705561615,0.6886168092440561
C,0.4139081692374342,1.1686705109707591
C,0.5773374664731878,1.6307815061574218
C,0.6981925979243293,0.5176996401241629
C,0.3587521347907668,0.37515649190281875
C,0.6873221938604779,0.7583484450425104
C,0.3081247478386094,0.8259178639082617
C,0.5551870557567175,0.7186303313226161
C,0.6804859571380428,0.6311063586745577
C,0.39480980483061545,0.8629732943445415
C,0.3557560171376197,0.4340352156451504
C,0.8036970365309763,1.4264276729515217
C,0.6801319610003862,1.9095489389553526
C,1.0973647538896991,0.4021145902564136
C,1.3342300214392133,0.49328332416036336
C,0.5865281281989808,0.4353102552318667
C,0.8066323657268071,1.186892300898031
C,0.44333847496590206,0.79080840393423
C,0.4612408849941304,0.5556720045244208
C,0.37750657250945574,0.24101759152255525
C,0.5160496039532596,0.819929728436825
C,0.6820017903433747,0.44339928006887197
C,0.605118959582704,1.065829452419478
C,0.7998740160630793,1.1730747586107462
C,1.0060092708851627,1.0505945288826282
C,0.5863204536205952,0.7949230298217554
C,0.6033798258856043,0.25527837243398227
C,0.16958392547830228,0.8009396729857369
C,0.4783997372975888,0.5915511312352295
C,0.8389141810283405,1.9539502651021983
C,0.46685181252184177,1.2395129222671653
C,0.6136284031814084,0.3614738335917659
C,0.4434730702292426,0.5713179634435709
C,0.3108552846779603,0.4419957033948505
C,0.5566021989749036,0.32133103797550155
C,0.6915266261123548,0.5140197151482363
C,0.5884113110787565,1.4712442822006346
C,1.3219949715998807,1.356780678853515
C,0.36109105165250677,0.4219442114022665
C,0.4200408951475907,1.133276366580781
C,0.35467251015815365,0.6486781591789919
C,0.7601608464458958,0.6361917616627742
C,0.6046297316739401,0.46807925968580544
C,0.47483341419404884,0.3055157667398145
C,0.7145980154771987,0.64514017016566
C,0.8666904561197029,0.6938210274618254
C,0.45602073541208127,0.3943776723624189
C,1.7063706867275124,1.2357596823901391
C,0.3309597209862742,0.33177662042386236
C,0.6222576885024962,0.6443375449432751
C,0.5713843040098951,0.5152011599869242
C,0.5682915198076365,0.22491995631806705
C,0.7685275165848063,0.7160454598557344
C,0.48732946923174697,0.2460083656723041
C,0.837275332636485,0.5650050179757762
C,0.623309569769558,0.5941660186039286
C,0.3873358291706887,0.6919823980502527
C,0.441609098086307,0.48450660428301656
C,0.36889730321232234,0.5078516864154837
C,0.43727388932132893,0.7258836053866953
C,0.5107271724890446,0.9420831511263792
C,0.5507365937237096,0.5826693823758391
C,0.6099894508272123,1.4735125989853324
C,1.377479590966458,0.9362431930879578
C,0.882276606230813,1.1129850736471898
C,0.5515169060409313,1.2046065109290511
C,0.9964723118509792,1.1731435267381891
C,0.6546006458584909,1.0924745520789394
C,0.6012194735710975,0.7340198892217321
C,0.9324831327252294,0.9502814603686744
C,0.9958813745391107,1.1877937279866961
C,0.402162461311567,0.7628890009307643
C,0.48618245116948955,0.41748977805673004
C,0.7142483420056857,0.9482601496256006
C,0.6050416627631621,0.8086965449812584
C,0.539557860144755,0.4788221677844566
C,0.3518028188882939,0.29300405596022594
C,0.7224290450577943,1.0288303180780218
C,0.8991809399016802,1.1012987490421484
C,0.6000690163831321,0.8368517367133165
C,0.7689689842199351,1.46224413006472
C,0.8011285765454214,0.46834557339196115
C,0.5622469612356212,0.7440052685948368
C,0.653969234714699,0.33680846200678344
C,0.5311218796079411,0.610461858296078
C,0.6055140279435167,2.108522239487125
C,0.8980984103288574,0.41639737009683114
C,1.2024884540658243,1.409253378169167
C,0.8529023476482264,0.23117283650343387
C,0.9522948677969751,1.6649541709925333
C,0.5927951358407613,0.8191382664828736
C,0.6033723538839965,0.36319008687295834
C,0.5114472199415495,0.6398981473956005
C,0.49750580216322854,0.428500956639971
C,0.40946448265438495,0.13334881414274483
C,0.6688098181008485,0.4901754801369283
C,0.41097959863522465,1.1035151514192054
C,0.5242769633482165,1.0477014259945994
C,0.2689941051634282,0.5926822603473365
C,0.5241013464727717,0.8071540878247702
C,0.49756996084007743,0.8105766490445869
C,0.5202932688068378,0.5866516619148935
C,0.9804406428165781,1.7473812090573078
C,0.5776040838313897,0.8265134253278501
C,0.7554563887390321,0.7986771399292714
C,0.5892463937851897,0.6411657801367376
C,0.8971767970582709,1.3493317705741017
C,0.4975101640006414,0.8897302811819798
C,0.3436672270617651,0.34603652467796064
C,0.6666531187493492,0.549205154466178
C,0.5118046905722563,0.3175060086322654
C,0.1974013033160367,1.4659198272645912
C,0.5412705652698955,0.4217767533131007
C,0.3378117285862479,0.2507761706875904
C,0.445078582813319,0.46847025369510553
C,0.4832339526918327,0.5579445098564328
C,0.6963098651653651,0.9226500680309432
C,0.5797044811405638,1.5912437548623548
C,0.8082563958782193,0.36990480305746265
C,0.5913390159103767,0.4158279232099872
C,0.7494828365227355,1.0275581036234267
C,0.8053862617551092,0.8634465949060192
C,0.4850162149878825,0.996290739509518
C,0.5217465315828408,0.4578222036681674
C,0.8300969824475262,1.2117951052657636
C,0.851586071323572,0.06596088153201456
C,0.7149726071964837,0.9620286908368623
C,0.6157877954278561,0.46719612288513873
C,0.4787272073512937,0.830194746532452
C,0.5113678923024971,0.7473441294718196
C,0.42649548637674517,0.4288271869134066
C,1.0482957624211888,1.0905756051148694
C,0.47436617842412765,0.3692987442037781
C,0.3045073789465644,0.40205905876693476
C,0.289974200055907,0.46955591802921354
C,0.5884354071176963,1.3285331474618423
C,0.6072669137963571,1.2535469862732709
C,0.492433095550844,0.5219763974719469
C,0.3830371343887555,0.626974253733517
C,0.2476685282999531,0.41743551968894255
C,0.5239952243898185,0.07157921108824147
C,0.3354641400007103,1.0901026729230112
C,0.5524982297986131,0.8414829071707776
C,0.7484762866761779,0.7667532705842424
C,0.7176730677126262,0.6026593255014441
C,0.40597654992614485,0.4481180976595056
C,0.7996974528358594,0.7521680861732144
C,0.27521675791104133,0.7944073718110328
C,0.22361425895262474,0.31587175798628364
C,0.6310290427024667,1.3384009880861556
C,0.6024211864603386,0.9365810344564964
C,0.40330579193034877,0.6024795883622337
C,0.7093782803291419,0.10557435287324883
C,0.45972707630568144,0.9088988508418414
C,0.3638516897874652,0.6464015525205001
C,0.3807102336033059,0.7099039047291404
C,0.4582610526613975,0.9508302450703101
C,0.9469060806640476,1.1179631496197844
C,0.2999584594703609,1.1520818239183113
C,0.5248862327580692,0.5239499190221454
C,0.44419926266563575,0.41719635687567347
C,0.5313776413160349,0.3042959600375434
C,0.3893675013215945,1.183130717788292
C,0.7483642283018108,0.8892258420086872
C,0.4184504281998419,0.35425186944338505
C,0.5434951048613909,1.0602620366365918
C,0.7649023098074099,0.6110224264811518
C,0.29042242468567747,0.9291685189331033
C,0.7029647548161773,0.5157936517493009
C,0.4840392047468687,0.4554071009563332
C,0.5603336280197788,0.29737621201487846
C,0.5560880792279286,1.0803088614039276
C,0.7408841833583706,0.655397771236774
C,0.3136695528994262,0.23744140684723067
C,0.5897249846164004,0.4861311032306685
C,0.5612234295496867,0.45099877976216973
C,0.4733513280145304,0.3156516715671058
C,0.8889930873703769,0.35871763217811253
C,1.1395029578089613,1.1100981276642188
C,0.9652131970092062,0.802428128379946
C,1.02010615604794,0.9116730595545177
C,0.33869883636301995,0.5403972392572303
C,0.698935172839877,1.1360185437182393
C,1.7686774125689952,1.5798271339874848
C,0.5461142269950184,0.5069169113463762
C,0.5419492436001001,0.792425800589108
C,0.5435869955583582,0.7142618196707997
C,0.8944187902461792,1.6383576054229059
C,0.6492644817973093,0.43858276212798053
C,0.5501684351320247,1.1864820389746098
C,0.4537825058222121,0.9872274742846073
C,0.4129502355052104,0.3404335324786915
C,0.2400796741647682,0.6036472943518073
C,0.6149340062024612,0.6139393193640702
C,0.5322055399558234,0.5104590109024718
C,0.6974203160060164,0.5211980999201389
C,0.5088977713622547,0.28408361405964616
C,0.5017686451863809,0.6890978398581076
C,0.3219605343416556,0.6699093981464361
C,0.3844491304237865,0.4481485968245434
C,0.8915177420944479,1.5054221272776636
C,0.48886495644136535,0.26855964892544465
C,0.6342026954777424,0.32184700590488624
C,0.3687902835288214,0.40840320141184167
C,0.8998457021710691,0.9864159505614082
C,0.3638835410917987,0.49703882911757746
C,0.8551062421402225,0.8957763464113679
C,0.6550018627518641,0.5165794180902481
C,0.8958373011837308,0.721070290263134
C,0.6122607718909276,0.26563295706167295
C,0.606313590417412,0.9422717906153314
C,0.7497543912549307,0.9002864075512654
C,0.43825604190132544,0.21088259136136345
C,0.4089348209428722,0.47117248967898573
C,0.8323463288839829,1.3732946014271692
C,0.46401616051901073,0.4368786627345632
C,0.868085314990464,1.018563356024692
C,0.22838991221060712,0.555094971416927
C,0.3635647874313864,0.6322192028399127
C,0.900568828593533,0.4015012803540863
C,0.3133453938669247,1.0205635665338075
C,0.5531574368969632,0.42055068788203376
C,0.4035532143453459,0.8639397001355736
C,0.40671585774201435,0.06122369265966708
C,0.6850431455192344,1.1707659671763566
C,0.8496147081048974,0.7890044911834538
C,0.504195503838578,0.6413338548743294
C,0.20753929949146696,0.7670540321235132
C,0.7576657834932135,2.309075333633696
C,0.3146156945315116,0.5168251894902554
C,1.3995899759851405,0.9065397609510892
C,0.4433503629970255,0.9266941229405938
C,0.6097744773186692,0.7134741446902007
C,1.0174939420350573,1.3484741839894296
C,0.8141890641419887,0.7675307659945131
C,0.8845718075209031,0.25746050254151076
C,0.7294632023709483,1.21531307203505
C,0.1662544742953604,0.49292779421524335
C,0.44430877250515116,0.8981056604295405
C,0.2936759068869316,0.3992980484510843
C,0.3183339686877006,0.771118619329133
C,0.40921593275889556,0.13128753507894045
C,0.49532334963842367,0.7294931291165611
C,0.2635837687335283,0.09087829456252802
C,0.9213582935206792,1.0979825569800297
C,0.45559959390813864,0.2913194582376498
C,0.5476499078543924,0.3428247850935454
C,1.3051374954036419,1.523772625536641
C,0.45238233448877646,0.32932690451948765
C,0.5587926976555208,0.3731070519245842
C,1.3022354701881775,1.4174567776816955
C,0.5183573359326704,1.2588175047097685
C,0.5086555932922339,0.687215661585382
C,0.6573164748474005,1.1651294215098598
C,0.3939926327349491,0.6529565713118359
C,0.41121810901607175,0.39758514621119495
C,0.4732916493562471,0.40130133641425414
C,0.7490036830884749,0.4173344211090244
C,0.5578830688509363,0.5633729540114362
C,0.4180315946650769,0.823573160268253
C,0.44198783213520987,0.6042232157522581
C,0.5817971321992857,0.5558752842396882
C,0.4214873518198313,0.5761150194831871
C,0.8016249668710109,0.8687963848713639
C,0.46508504739206835,1.1222840970062313
C,0.6255189235183838,0.8045531439161245
C,0.31006818519419976,0.22020536317869344
C,0.7133298670587902,0.6742267958468975
C,0.6396862508299574,0.34556341186740835
C,0.39205160147065443,0.7408042820034498
C,1.0723712128773344,0.8584200559336221
C,0.7658142115555591,0.9612553875654454
C,0.9770670982970975,0.8303177931958715
C,0.5631531872561852,0.7645171985195248
C,0.26804882174685224,0.3139297193152987
C,0.9417894650771075,1.310737884058875
C,0.8348466097132017,1.2524475718499086
C,0.96801921807895,0.7364322693244774
C,0.5715227599463508,0.5178458548471931
C,0.8049657213759582,0.8464228170595028
C,0.8727223887139285,0.5442771367974958
C,0.5330944839734195,1.089613008909265
C,0.5280294350203176,1.3280127591945732
C,0.29497342371375207,0.599072172346965
C,0.13490436228828717,0.47691068103935347
C,0.6798826641792518,0.38967974968201136
C,0.9010291776238016,0.6776912917298001
C,0.46524769750053396,0.465833119374411
C,0.6304507168410047,0.2422109187288637
C,0.6292023881438792,1.3343996961291642
C,0.577872288119246,0.7255572292576632
C,0.5541610614026197,0.6055082928114712
C,0.809309602971957,0.8313395417649174
C,0.5451560293608504,0.9126854679405471
C,0.9269923575349207,1.3378255435059607
C,0.3862271974641942,0.5229366621162732
C,0.7813252652418881,0.4999040015857375
C,0.4984541448368511,1.269078564850196
C,0.48851948885835456,0.20558239070096646
C,0.8935805536275144,2.572684515706883
C,1.2889558764079467,1.6326986439039317
C,0.870507349283361,1.123947057244299
C,0.1974322351807966,1.0672271668733326
C,0.38564260475773304,0.36203507795429485
C,0.8563228819457355,0.8129995308576051
C,0.439882491742405,0.8346485124927523
C,0.6467096021904079,0.4236113466899778
C,1.015424079573658,1.2701483493644934
C,0.3836861651143071,0.450646429848434
C,0.6330722125371955,0.6690287267134727
C,0.709882373466796,0.4389308791007807
C,1.0597873591544393,2.0528514929595216
C,0.32501317530777474,0.3078438723025444
C,1.0513810246573254,1.4983785870462254
C,0.3963096714048333,1.1464631667346403
C,0.8887250471969065,0.7581357954457618
C,0.40583468498879477,0.38390408137292625
C,0.5948856758808803,0.6573983382420285
C,0.2925767496118296,0.9705230963522908
C,0.34454934593236436,0.8649630038494628
C,0.4187351370163792,0.7202529985031768
C,0.3365684504491874,0.40329007080303525
C,0.7145703941895108,0.7006499568675651
C,0.18979006795629405,0.4023135324563955
C,0.5218097758655525,0.6840716475276402
C,0.3414629209177211,0.6579277803983495
C,0.487538925399691,0.508099766886021
C,0.7223091359895251,0.9796523270821834
C,1.2550961621252774,1.824490916470157
C,0.44330161520098577,1.0505897952891572
C,0.5011158063476301,1.0644055677440933
C,0.6918497961538549,0.633338773329306
C,0.9657489701303186,0.4147602392037922
C,0.355313335961276,0.7637446534819287
C,0.339791570528958,0.4177568562766167
C,0.6843077839307314,0.4333444170437109
C,0.4864633687165749,0.4847796358794824
C,0.5470352822508563,0.7997105148451998
C,0.46139176215777267,0.5762614621884778
C,0.7299949585126805,0.5237852128101419
C,0.385501843590935,0.5410215043260735
C,0.5207534417780578,0.1944692824864689
C,0.564008083866056,1.0266110933074366
C,0.6418828134573973,1.2157675130731562
C,0.5795522129806672,1.5089450730012277
C,0.5369972075468517,1.6334390893227073
C,0.4868063969197455,0.27425482950150754
C,0.4332615589475416,0.5214246045208168
C,0.652588531891316,1.244416552773572
C,0.45864193774441564,0.6518623049051372
C,1.1496717387581912,1.2945211540111994
C,0.5378537327018567,0.948729076636893
C,0.4405437794730667,0.24699295857143533
C,0.7642543072646508,1.0969299402632218
C,0.3543645605595886,0.6634560414109577
C,0.5328309061119307,0.9717718524306804
C,0.5090549962991735,0.7455002159240572
C,0.4092832879165979,0.5795468092925525
C,0.305608410489071,0.5219378379291533
C,0.4276486847708754,0.2554637708342583
C,0.429463285906938,0.5066430290187218
C,0.30416217931006445,0.3038429554053425
C,0.5107774068010605,0.31084503892634363
C,0.9731299964156337,0.962667816980198
C,0.36131046762024216,0.4303966355610678
C,0.5155819065162464,0.5420465095290922
C,0.6054646125927623,0.685476339501273
C,1.0356069257380558,0.8182211583691834
C,0.451932016809396,1.48493582904207
C,0.53320076341836,0.15324995401538993
C,1.7963686257162346,1.8732696699917901
C,0.5702972575700967,1.0706022230783212
C,0.8690595598131301,1.40156165959653
C,0.8328415978742203,1.1867346951010198
C,0.7746528561786973,0.486748978336168
C,0.6928574333084062,0.35900822128056775
C,0.3388208992103111,0.6637832299960355
C,0.7454250785320099,1.6185516236563688
C,0.6167375832369464,0.3558547484972709
C,0.6491175753701252,0.7176700908710746
C,1.2304020278405534,2.2179991967160304
C,0.4874063999046261,0.2514039077467802
C,0.7082508745858511,0.5002527291172103
C,0.6985019589567658,1.83597187582409
C,0.5663968468464792,0.7847997914121
C,0.6058554474478791,0.4374076798667467
C,0.5690545501128536,0.47736094221585323
C,0.7504170716111775,0.7983961177678308
C,0.6074741781834224,0.5415198534433936
C,0.5764217709628456,0.16873471120313857
C,1.3346137967789136,1.3742646748186769
C,0.6919821188736701,1.8917474199384712
C,0.6646601828597003,0.8417066446491109
C,0.45296154229278834,0.5964423425015908
C,1.1891275970937625,1.7827825090300862
C,0.9255859603534309,0.8429451777411199
C,0.5460523097268501,0.36626283176804997
C,0.6526343776921024,0.4352342817916349
C,0.753461783774519,0.4388210165116337
C,0.541002291318436,0.9619628925008348
C,0.7312558697168955,0.33317719723970285
C,1.3486028410741546,1.6737955069073698
C,0.5946465406069525,0.47687605113225473
C,0.9796053747197816,1.1618518229861161
C,0.9346701993697244,1.5164227593727733
C,0.8922107769734828,1.5031891150377723
C,0.5741422579061012,0.9053531370340847
C,0.9169484155707653,0.5318678950679523
C,0.5796967486021537,0.5036751600624739
C,0.4401938037564547,1.0857404245372229
C,0.639278219917506,0.5039523456237763
C,0.8444026713512996,0.47929288216207394
C,0.643868879049475,0.4773925074586245
C,0.3841520682327494,1.3627155600388898
C,0.9444079335367511,0.962579444342946
C,0.9375654339685856,1.0957972618811425
C,0.6326256611763913,0.7419996205976508
C,0.6921449561548174,0.7383318564588239
C,0.8031474724726777,0.24189403257988956
C,0.936326006222762,0.6281160211577446
C,1.1442710915446017,1.371581984422539
C,0.8812555676413679,0.9956752366739668
C,1.0213713414368475,1.379190097495607
C,0.5757987905369466,0.30224681622597527
C,0.5600214946134846,0.33715027090844485
C,0.7510873999824583,0.37608561619305747
C,0.5559868786531122,0.3641808763498234
C,0.21889747779308122,0.2502289572846977
C,0.5120370530979912,1.0204165364150508
C,0.5466765287476897,0.477974797885144
C,0.43606431142648194,0.5398613798022366
C,0.4608342237758078,0.5053423477297092
C,0.5312100489211263,0.286557178590597
C,0.4946182813076505,0.22269096803361108
C,0.4542672547735368,0.5148405729274055
C,0.7171310224947914,0.8691708240529553
C,0.8565634737591807,1.5071902781734747
C,0.3110667867448389,0.5299184004483711
C,0.6899875941515793,0.8009838835909523
C,0.5899511426527846,0.6458453841276243
C,0.48631092981905655,1.508447942407285
C,0.7853169355678842,1.1668160176899478
C,0.5686194817296729,0.5004700729248095
C,0.647129160607492,0.2975390025193432
C,0.40975036783404467,0.6194274095758197
C,0.9332903911634135,1.2975004256291824
C,0.807215308932599,0.6933208923783544
C,0.34339489103464516,0.8084335479493974
C,0.4459396383184707,0.8854809459469483
C,0.6771741012011049,0.3301111776157457
C,2.3833773314463187,3.255463179939123
C,0.9814269377247965,2.5919554572875083
C,0.4085973538435805,1.6738380606842609
C,0.5796241468365833,0.24747004362503047
C,1.0522884962816812,0.8421225157208134
C,0.7416590430850596,0.8040586991888733
C,0.5565707705442765,1.551928036360506
C,0.9059426630556519,0.6363017867723363
C,0.9014065740535387,1.3013985837082611
C,0.6007851609892745,1.1305878431082088
C,0.4475657706562339,0.4073950095473852
C,0.7702762527636544,0.2909754031618199
C,0.5386651311542492,0.7266372156432851
C,0.6082204130231844,0.708713615259438
C,1.0267273663919854,1.8604183507888952
C,1.0421990197150983,0.498772087710314
C,0.30859623824166255,0.3709307218690184
C,0.4117227465078782,0.42138975056930367
C,0.7410694073674539,0.34739484509595225
C,0.7397620401581195,0.07421310377298304
C,0.6831729434786622,0.3854078758854646
C,0.9362602729938119,0.3316930966180174
C,1.2961356311986694,0.9479620154783402
C,0.260808740794421,0.6803818500372368
C,0.6993385333607023,0.7677631017866473
C,1.1635404452406175,1.025190351549848
C,0.5152543791579752,0.8711854592562273
C,1.432875464605252,1.2563281177241328
C,0.30423960026667984,0.45468595057839983
C,0.3662605416018557,0.514635699494848
C,0.7235912825118109,1.2007308002806787
C,0.430938661676914,0.74265677153992
C,0.8779682212503479,1.162786430470561
C,0.6584878202396798,0.2863776700827921
C,0.7829917046654008,0.7060651326511502
C,0.4649702475708921,0.6390891521209109
C,0.2648073901630405,0.6255113618635102
C,0.8892218916064298,1.7544818340248152
C,0.17433498573682804,0.1461184357693076
C,1.0715958283756064,0.48281697756494885
C,0.5099038256415839,0.788021749996077
C,0.4357261607374002,0.38711194295586876
C,0.8064067803658476,1.1280809176738151
C,0.6377156720754162,1.0318308763960908
C,0.825963163036048,0.5297806021337643
C,0.4616003702139236,0.2844463171805908
C,0.6775253235058994,1.108830459378558
C,1.2764860577358663,1.367806578485788
C,1.1558038758439977,2.1081686389388494
C,0.6264731268331898,0.24479778748182685
C,0.5338745885658568,0.7086823364830127
C,0.5639705309226408,1.1256058090434757
C,0.25190394206411343,0.32151709788889155
C,0.37099839398849016,0.9647782696971902
C,0.4784776955013693,0.7485397903798685
C,0.7874514852550041,0.6279858839175814
C,0.6066114891659905,1.3790082593407214
C,0.8527712778829248,0.19588179643394066
C,0.18652668633099123,0.5152979526697439
C,1.9856691650255005,2.0344929793350333
C,0.7652415695240812,0.3613033883720421
C,0.7452544712551405,0.6431285001161391
C,1.2515309434479236,0.7663977496657667
C,0.8883691806874583,0.9358565330951648
C,1.088967236672211,1.3176240963665031
C,0.4116769763693863,0.6506327335747986
C,0.5543289305257765,0.9572009415840562
C,1.106964835406586,0.4564043610211104
C,1.9629782840740138,1.1328877977968217
C,1.6983114493610743,1.1651247730894867
C,0.6399456108749876,0.7268545938501555
C,0.1475117989222488,0.2017866544971362
C,2.07187713713443,1.7976603911149382
C,0.32772886086239855,0.11857381970806663
C,0.5843131752487858,0.8422039397379627
C,0.7399761570272866,0.5773564856284812
C,0.390491291937023,0.5512438111599779
C,0.7010277522432663,0.5749396397863396
C,0.4551803857533352,0.3408344656821072
C,0.5543952360152841,0.7517805829589989
C,0.7509761860061778,1.7998220742432587
C,0.8528866664723213,0.10474822760227515
C,1.036379105222982,1.235500508569981
C,0.5940745106402112,0.6359775727549409
C,0.9627260950429287,1.7007140018280906
C,0.6320524872090665,0.40024329459179236
C,0.6443180098917265,0.8380788739976532
C,0.641271356566026,0.6080662511621764
C,0.6271520060367771,0.47361398400921506
C,0.5409815025044844,1.036332147111165
C,0.2367922799652293,0.5050412304759705
C,0.55543610463797,0.9870541344515017
C,0.6605210939662655,0.5627379894122618
C,0.2754194229602425,0.24400339534128873
C,0.36239444144727123,0.4464088438136433
C,0.6023949615399687,0.5860897796075186
C,0.69400363800595,0.8358599773982948
C,0.5227053475653711,0.6956939174195262
C,0.5379265604387401,0.8146022091119273
C,0.5428486510237553,0.5086916075579343
C,1.2564489940906782,1.101929134725693
C,0.5123294411954724,0.3185594378402624
C,0.9263095877935563,0.8607339282724484
C,0.598424286347332,0.5655754558399833
C,0.540603842144673,0.3521164259412409
C,0.7260522566823558,0.24601983097440144
C,0.8943807888236528,0.4875959115879466
C,0.40127487937226836,1.643501473116043
C,0.649065207856855,0.698787488583395
C,0.6345558984696964,0.4238759036300684
C,0.6021130858554428,0.47840694444115633
C,0.673687049773833,0.7294064450180162
C,0.8204102318316872,0.53984445612114
C,0.9718624092485026,0.4789833691962642
C,0.7709622913484635,1.3210945111053318
C,0.6740798029232945,0.596006126530149
C,1.0971560060871193,0.4353803365408874
C,1.333185584342436,0.6615152723949533
C,0.5078603502792308,1.3148227797387009
C,1.883728022472878,3.2872489728868377
C,1.069801152898042,0.8879058386718192
C,0.8144605715206376,0.7045349017433208
C,0.8292913640975468,1.3427106348608036
C,0.9373462454708834,1.8117073974348317
C,0.6331712002400071,1.0304785888700057
C,0.6473069704656491,1.0485759459778934
C,0.6465365373382002,0.7253041183604799
C,0.8960531065315334,0.40619733203051916
C,0.7322219348190211,0.5543917217678969
C,0.898909555077202,0.5816195485836482
C,0.46353228747360975,0.3110003742036768
C,1.114394565585122,0.22628297032270633
C,0.6455814232005264,0.5681320679773024
C,0.9323956993895184,1.8345056307132381
C,0.9068240589300163,1.3886867942173968
C,0.4347574343505334,0.4897735064517804
C,0.5452326057721412,0.7292622528066318
C,0.798049283867547,1.2186276689152309
C,0.6958067791787687,1.580747430742234
C,0.7522550300306124,0.40918196198695356
C,1.0087915001676115,0.932737624657328
C,0.7761225561469529,1.25031385157414
C,0.35245837816065784,0.4542820178220547
C,0.9383621505644001,1.1298100582156319
C,0.7297407820975931,0.7570542359368607
C,0.7665750700761664,0.5573004953090002
C,0.8268248090015444,0.8209028538471942
C,0.31193593640237416,0.35125173003199534
C,0.6752253740497804,0.807515587898318
C,0.5925515011730318,1.1512359621008696
C,0.657464308140634,0.8359224167959473
C,0.7376052262243402,0.8730050774371417
C,0.7162204797641297,0.32624117750303194
C,0.5323329556524345,0.3955069909199374
C,0.7855512799904592,0.6755589929282829
C,0.6567626374167503,0.7646091262210749
C,0.34900401250114826,0.3858702010458987
C,0.5785205016749357,0.3041809891122608
C,0.8806115164441556,0.5806888456975248
C,1.03717841325864,1.5879723390304152
C,0.28372330347715213,0.5354404036627692
C,0.5758759799355887,1.1720048939761702
C,0.417074167720676,0.7880000631786925
C,1.1074505171818783,1.9526851615670275
C,1.4366628844544116,0.8744183371240964
C,0.658521140857676,1.3097045667510834
C,0.5785511430110267,0.6312571320892411
C,0.43425401406996417,0.7820239163438227
C,0.9649433129798285,0.8848604024230141
C,0.626660622828941,0.6144178005628115
C,0.5513874070004645,0.3688578047414459
C,0.4584947357650873,0.44631153562208276
C,1.0086383860631076,1.5273729074300548
C,0.5692971119599195,0.4183486137598958
C,0.8081194059273287,0.5278898162624309
C,0.6509224799727963,0.14505914557017682
C,0.7387840650916643,0.2297666487904527
C,0.7083070205596524,0.5039297632929759
C,0.494907599833005,0.5507572413137293
C,0.7342801692424957,0.6230836475434227
C,0.6084248970660571,0.3923710443456032
C,1.2765570987763686,0.5128740811332398
C,0.6491529924612208,0.3710371607172685
C,0.6397913714564623,0.9486576721124967
C,0.6034023902314264,1.3931360630528276
C,0.924843289451167,0.6320538965257426
C,0.8721198139834105,0.9102700456144891
C,0.3927220340827875,1.3985661971837364
C,1.1355075494646674,0.715836436828065
C,0.4272912499068032,0.7461677523589509
C,0.6678913265536681,0.5013339348447459
C,0.8487337734096115,0.5945936103780164
C,1.2099954148726324,1.3403751652481117
C,0.5708176211742204,0.84707189447363
C,0.5288001188585704,0.3584085752071173
C,0.664099857661818,0.7521555871450548
C,1.249577092189378,1.0716399668553664
C,0.5534313347325548,0.5538508781519048
C,0.7056549978548069,0.2578815421104735
C,0.434827156870909,0.6434919126292691
C,0.5668694322956331,0.2507917316938084
C,0.20697632207145694,0.4526273215287514
C,0.6452288975260263,2.555279021924551
C,0.4571090561031733,0.36888784005716707
C,1.2613174172824257,1.437175499540972
C,0.44485032135089997,0.6834198420972197
C,0.33666987133464965,0.32013140783210675
C,0.7433638577047896,0.3465202279054419
C,0.7572634184115722,1.071157577134617
C,0.5109733467428198,0.48337393977918797
C,0.7266007758542475,0.722360790178427
C,0.23906678972564785,0.6097644663056132
C,0.42619510116986403,0.5049058293537875
C,0.4837730288498615,0.5658364890737781
C,0.23756756233269685,0.4893125467076409
C,0.6889562499402403,0.6135304611208539
C,1.970760599741169,2.739033266926962
C,0.31597088560736725,0.3025601620892697
C,0.3993088346914358,0.35591910358188955
C,0.3646251395872942,1.4205084511893213
C,0.6999453368883516,0.32566814306453146
C,1.0271703927080598,0.946441111562371
C,1.1237856871276264,1.2041888492086092
C,0.9676086416131153,0.8542399199712459
C,0.34637491575733137,0.8231045644306095
C,0.6224297523770201,0.35471455334612584
C,0.7044477713907454,0.5846880138454472
C,1.3025139585714185,0.6817825638787245
C,0.5571112227325461,0.877404802066254
C,0.8580253478941451,0.8095055040485393
C,0.5720719903013886,0.4333467510360915
C,0.6288830580120153,0.2600789832956599
C,0.481957889168173,0.8021534309799323
C,0.7975802839871282,0.4213510096043386
C,0.9522362345777303,0.9007995049090743
C,0.341780777312915,0.7331622139837404
C,0.664004918809313,0.7708913705921195
C,0.4143407217845911,0.12846935737312368
C,0.690122776663855,0.6922796408084227
C,0.6659549355493172,0.2927082530449143
C,0.6879088553162327,0.7201224885879026
C,0.9389583064832179,0.19136057826065614
C,0.9078507588249622,0.9691567495008232
C,0.7314771159479643,1.3889215048154402
C,2.4531789089718647,2.944664091668796
C,1.3682052774385038,0.7512192046769559
C,0.5899541159676733,0.5999447239307208
C,0.6359382640914124,1.4571827392161552
C,0.6675199932025678,0.8176099119144663
C,0.5071919472117238,0.2112506269385518
C,0.396674991392363,0.20914061874085838
C,0.39148216927545526,0.5441743952530519
C,0.8936181132570925,1.00238039992524
C,0.766815786435287,1.9484415012107499
C,0.8426030057058009,0.3491386297002195
C,1.0869067386230944,1.4670342102479756
C,0.940312057905144,0.7895406228072107
C,0.4959755250284809,0.5774242479322287
C,0.7481389380045643,1.9483601554021182
C,1.1537302781961059,1.020233568522919
C,0.6168073474239695,0.6091843943748972
C,0.36341062505714794,0.8029457215212829
C,0.5726354952382452,0.8438546497638301
C,0.7703632754576607,0.7589082570668887
C,0.973317199290566,0.5894556479924085
C,0.7875517901579582,0.5980065143327916
C,0.857582266529287,1.2830092263576627
C,0.7472934713967464,0.3898066263895983
C,0.5590291385580367,0.7895975416520552
C,0.38094371186380005,0.6821261283006582
C,0.9323444883611708,1.456203312201048
C,0.8118008962873768,0.8786530156494508
C,0.9026143047865259,0.44729674064407166
C,0.4463464100915982,0.6404258419998573
C,0.7134215827344057,0.6602457089798788
C,0.7372959126719705,0.4150781954082784
C,2.055117479733936,1.5076781315607943
C,0.7524960797877908,0.4080745731431427
C,1.3473591358301684,1.754485028677918
C,1.0372044998502667,0.3430119020249208
C,0.6518079238491036,0.13179328875933063
C,0.5694615251870079,1.5703124327887192
C,0.6586892291943771,0.5515731369773741
C,0.4964466339815144,0.7728662944905609
C,0.3107743409630938,0.4143712002186032
C,0.5623043189363991,0.24093282935234825
C,0.503599909584023,0.3606976839468304
C,0.9357433204448317,0.561780663441553
C,0.9522973517312014,0.7159294054936497
C,0.5350321071294057,0.9984843524329109
C,0.5752208288183196,0.6865278236552533
C,0.7648485339699614,1.4509222500560297
C,1.4182619707896265,1.29721112818252
C,0.5701318038796016,1.9586648129080053
C,0.5227996173444965,1.6314672268636896
C,0.31270949881252763,0.8334612656310274
C,0.4099392748636183,0.2763480220644921
C,0.430818265168802,0.27947835675777394
C,0.6882832213232406,0.9674612906049542
C,0.8171694311106652,0.8237761635467455
C,0.9955461685649118,0.844861444242269
C,0.691410934105673,0.9332216726789346
C,0.6082243447310538,0.366112625158448
C,1.0778363922902126,0.3637177048310106
C,1.0615278768889502,0.4262894281202205
C,0.5587482463277108,0.4839749003551829
C,0.5517073348541777,1.6463241673461604
C,0.6894387720357057,0.9611516377265363
C,0.5664833808938691,0.9484399577166299
C,0.5798880318569533,0.9085678932313833
C,0.3735122961425102,0.9092955983974024
C,1.7308396624709248,1.9932043837117472
C,0.5088614201479534,0.1906400566875589
C,0.20185567128579013,0.2805773241176632
C,0.9301573076657115,1.4516473348350778
C,0.873922738992438,0.2569604658718633
C,0.7708474524355635,0.9246975020026398
C,0.7217614961887178,0.6023001831775975
C,0.7564449108672803,1.1647389199427942
C,0.6752075772070018,0.5660212588555866
C,0.7149771626893148,0.401973214245299
C,0.3222239026160838,0.717644942245136
C,0.720652769652022,0.7630161169906884
C,0.623492974547995,0.8084605337173322
C,0.940292442545358,0.6185691512265572
C,0.7744659744469776,0.3092998655844306
C,0.38454323345570246,0.7016976311247346
C,0.6390833991710925,0.638346289306629
C,0.636338937847833,0.6293796122193779
C,0.6824663641243276,1.2850343027405122
C,0.6238341943543043,0.6853560140084897
C,0.37446165410828913,0.44106192848049597
C,0.5193532661791881,0.11260496525147723
C,0.5863367331643224,0.6503643553917285
C,0.8210183421746535,0.39944909916608207
C,0.9034553592433099,0.9485816085094189
C,0.7280000647363437,0.5998818234165799
C,0.5289146631352049,0.5471851464966627
C,0.508656818976925,0.20221917358898586
C,0.8688487662307586,0.5239124460278013
C,0.5222068850477936,0.7594853537826232
C,0.5536163840460039,0.3892963476071188
C,0.4096230875889294,0.5796651253788954
C,0.514923667555224,1.8228396890198104
C,0.9048384593707252,1.0577147411808647
C,0.6821072167258808,0.5926329952922371
C,0.43074415108266556,0.3133060477985733
C,0.7789983037926317,0.5400689458927987
C,0.7991372713598014,0.15728543310118576
C,0.4789180855245053,0.1257639268141911
C,0.5745792384952941,0.8570689003629017
C,1.318964705406921,1.7468324664832486
C,0.7021428559078677,0.7062404092102577
C,0.6543702826353688,1.155793578216436
C,0.7861633722141848,0.641229910780856
C,1.7441169161835655,2.464321763381883
C,1.2504700245206886,1.5880674645009758
C,0.7458270733372825,0.864692658211034
C,0.7005072507072326,0.41302339895609813
C,0.6340639970636355,1.3904597983450402
C,0.7540405294936132,0.8108176739586357
C,0.4204593424569596,0.4949194430127118
C,0.5826866194357793,0.5921116253084351
C,0.700289805915297,0.5927430297894686
C,0.5216623482696148,0.8397090081131107
C,0.5639849476538424,0.45201932944681417
C,0.8997101789683509,2.2408336255525563
C,0.508606419084171,0.9349665653040492
C,0.5965020670960745,0.8100890464453702
C,1.1443991022905273,0.7062992943382167
C,0.8706861760420246,1.5677939037506956
C,0.46384432765476774,0.5692948247111848
C,0.6408556897536066,0.8727984083475354
C,0.3572511474541171,0.5926856594624728
C,0.618348702893567,0.5471843511311053
C,0.5257481073651026,0.26459798855069405
C,0.6827837060906551,0.383167558245758
C,0.23669778720098375,0.5198377610744518
C,1.3088067936185535,1.5350809928566476
C,0.62018823447709,0.7892091157566983
C,1.2427687996519274,0.9092488538823403
C,0.5693841877581267,1.0329234108623486
C,0.2927943761349399,0.5978322648473081
C,0.47433993630547217,0.3650072734395807
C,0.5246990415968256,0.29440770755104373
C,0.8003380108630963,1.2831480287669956
C,0.3884898404153059,0.26274874009990346
C,0.5555803758771888,0.5408968763501343
C,0.5561198945056477,0.21572613257758153
C,0.6729467516378276,0.32343468896103084
C,1.2291999263033517,0.7317872553757009
C,0.728977223715871,0.5376049932759098
C,0.7396176739170777,0.552463827445678
C,0.6280436777562657,0.28236782211120354
C,0.8437230787170739,0.45116349578930726
C,1.0246312750467448,1.6838489795398215
C,0.4690770544973206,0.39358793708821976
C,0.8690545128079271,0.39220062492094004
C,0.8431017529702532,2.6440239672675308
C,0.3485578488934996,0.031903582575843366
C,0.6262034714590439,1.0412641317925977
C,1.016687276886443,1.8997299966557808
C,0.7890192104360677,0.5729192835367115
C,0.7017918457738558,0.30013988406519393
C,0.5300580943093302,0.2816748478431332
C,0.48548978168786133,0.6443668759390065
C,0.38376932599819874,0.16407175219671957
C,0.23819720310908737,0.16774374675794057
C,0.5876471442215437,0.8028440174776558
C,1.0369433660236997,1.1814631171912875
C,0.3881510558998676,0.3762825225704888
C,0.6445036922751928,0.3855210885661365
C,0.9214510462157713,0.6048098358895226
C,0.36945819525703244,0.5953076794918962
C,0.9403855361002661,1.37418215907366
C,0.3669910501322997,0.2979454496026094
C,1.1894444109086868,1.2942620045518607
C,1.1335412098459963,1.0647210243365453
C,0.7556957993718055,0.9123692756642037
C,0.2864347874733081,1.2669197401423358
C,0.5917155176288497,0.2059717280304147
C,1.3291981068727579,0.7281673220736956
C,0.5883865049821018,0.33731147414829865
C,0.3173190761818596,0.8499897388599386
C,0.9244949274581157,0.6105760075387613
C,0.6386469735447072,1.5361712989327445
C,0.8722494118564242,0.7916859259727724
C,0.5397548981574215,0.8690045331652833
C,0.6439086701959785,0.4137492404050973
C,0.6355891675518268,0.662922568869568
C,0.6720949946539956,1.0992159805154855
C,0.4144642213502424,0.2699665540021858
C,0.6002844355567151,0.7927618286996321
C,0.9414426189298053,0.4625011051391768
C,1.130608061036181,0.794960137531001
C,0.27807356410305084,0.2455511424614777
C,0.6591228850407828,0.42401944036147515
C,0.8459258535840669,0.8626523364910962
C,0.3549524228153059,0.14194350382047588
C,0.5634206518377933,0.43649211260264975
C,0.8705141747038829,1.3771178579039844
C,0.28755080039075,0.5357770219300321
C,0.6826367558473971,0.8215801009353088
C,0.4487673505557183,0.1436976960319637
C,0.823177579971725,0.7131501379452243
C,0.44463672691180123,0.7299416488743702
C,1.2423568078231186,0.7189473784175335
C,1.4914731005436621,2.3097396683384677
C,0.7771256012040368,0.8411099940315713
C,0.48010179077328835,0.6364161137724543
C,0.7623499883632581,0.596258458097073
C,0.7670223377188556,1.3752674492860242
C,0.6300787126081029,0.5891434687488134
C,0.34483470926553955,0.3999628473139545
C,0.49174095811440505,0.4036957330645273
C,0.8171697264614528,0.12546200956971817
C,0.4377576841212097,2.1647529302138793
C,0.637063500889531,0.4983750773236919
C,2.067946753996594,2.1640935914450874
C,0.9515662866684838,0.6567176495036227
C,1.442416864657424,1.5118903510955903
C,0.9101821981725967,0.5038410146413999
C,0.5227966982150672,0.4335188826395246
C,0.891987092130156,1.2309285918179163
C,0.8623830911267275,0.7709543214067643
C,0.5335116385110087,0.2693808809364621
C,0.46886031026489405,0.386992572334102
C,0.8677926112284721,1.5932161125940119
C,0.6213468011690373,0.6635014217273951
C,0.5692428011320535,0.7025255670310112
C,0.5502235865323349,0.5765585865386058
C,0.31416782770681856,0.28273851007988293
C,0.6856600975484676,0.7761010523541151
C,0.6111710754600449,1.720184622885832
C,0.9587387570934676,1.0100006298231299
C,0.5711188047188427,0.5706382275081875
C,0.3752360960252938,0.9168607176761435
C,0.4380748713049345,0.3576332096576363
C,0.6084298734198594,0.7003941213205052
C,0.5908402042673263,0.27754165095665234
C,0.3312580926218999,0.6220967291022066
C,0.47968624082123534,0.4371694146822087
C,0.5871859488003692,0.6125588430727932
C,1.4213858601069351,1.3912011938021163
C,0.712265864620351,0.5864726806250307
C,0.3577214586915101,0.5268874609593858
C,0.6047068013127086,0.5758692917561132
C,1.3429581802958594,1.7023377882439004
C,0.941584049167037,1.2462284710777318
C,0.45668158103488815,0.2534480281752811
C,1.002452231153423,0.9697445959339943
C,1.0483120887023925,0.5541119240259181
C,1.18708852208946,0.7783362833735921
C,0.5790660674542131,1.292366197046837
C,0.2654603656571381,0.7255162974647813
C,0.649262530350275,0.7604180450376745
C,1.044508332101445,0.6815461882830073
C,0.591066397961248,0.4633386775368246
C,1.5022849396979558,1.8821325084447997
C,0.560840136940632,0.82691836690005
C,0.5048808297916283,0.5618703967355992
C,0.6367703490660566,2.0714144560609906
C,1.0206796635325708,0.8887178795908671
C,0.5495229977790186,0.6822906473083993
C,0.5524823219370718,0.6048079848345912
C,0.3585704698148373,0.43615053519714153
C,0.5742509576928977,0.6177886336270473
C,0.6189007304341108,0.34966597361693175
C,0.4563401909372898,0.2820414074267799
C,0.8223407819199555,0.918750707983729
C,0.8231866913745963,0.5072888795003797
C,0.725065490617742,1.1027502842647712
C,1.3267693380468517,1.9009903854570085
C,0.44455668270284066,0.529351057286519
C,0.5217143488471906,0.5110055668308859
C,0.4742243028656368,0.2916528492532748
C,0.31722554808099446,0.6285344915546066
C,1.2554011538285788,1.7631184278091698
C,0.7457310696484064,0.6735800755992246
C,0.5662092747069266,0.418839843896208
C,0.6240579599097933,0.37170217208211176
C,0.999564760883456,2.9947794943134767
C,0.8153862245985783,0.5732719164929077
C,0.3937467037558738,0.6586868201369934
C,0.5967564184017667,0.7563652822357069
C,0.5559429498319393,0.3003993695591615
C,0.4845940193550436,0.2371108161457545
C,0.24426809993189671,0.5748107184485801
C,0.7510633592182315,0.26042116992185
C,0.8660802481689361,0.22631015963008969
C,1.1727005842391496,0.921617352681271
C,0.5505953242539604,0.36549041685913763
C,0.3682181255672721,0.4072220980047574
C,0.7244461927827783,0.775450833100487
C,0.4344763277354288,0.5855899154142278
C,1.1599141146733385,0.9379020099253143
C,0.4747791648718651,0.48146336546099067
C,0.49993446410675185,0.30084274055899085
C,0.6549122311091005,0.5832505530617619
C,0.6957381430848028,0.8571351925608256
C,0.40513766523140743,0.38582955566368715
C,0.4572181445726266,0.48749533550771224
C,0.4507195724620661,1.4034050186962175
C,0.44800566303239914,0.620923365022035
C,1.614990277649887,0.2700297900199005
C,0.7153466545992229,0.7141012010963312
C,1.1848524139267078,0.8285907463550903
C,0.30854375632682984,0.3984700682292078
C,0.5235622829244643,0.632617825135742
C,0.8130759086340502,1.4620961260450296
C,0.7775343606048758,1.7150120078979962
C,0.3807156983534049,0.675286100724892
C,1.7712032677957796,1.3349139190801056
C,0.3554535469699291,0.37725012277696046
C,0.5876556405836223,1.0825518037824506
C,0.670787081254278,0.6847446929665622
C,0.44339379853218225,0.9370105864371521
C,0.9081414867348648,0.8176508546494429
C,0.38196226642504505,0.46334796805302686
C,0.47962756693225933,0.5984285182804413
C,0.5311760218466126,1.0984335952030881
C,0.39987039605193464,0.71696598676947
C,0.29500491079358643,0.9535912494564988
C,0.5772346104130894,0.26320359074765376
C,0.9981710946809496,0.9296290352216822
C,0.527569141575553,0.2067017034957641
C,0.5676356116175307,1.2793560025757684
C,0.7065271268916573,0.8377157407386312
C,0.47635244764531903,0.6858284078046886
C,0.4509682446219987,1.0778871233981864
C,0.4591090082882913,0.9247147203957039
C,1.0099617639263794,1.0556951578838536
C,0.814380906161495,1.0103013115349027
C,0.49600666817640304,0.5959012419338336
C,0.3567146887644806,1.3983105951440873
C,0.5054259064200489,0.7561072079135214
C,0.29902629385208307,0.6625281385989932
C,0.6994740747187183,0.1966082298567611
C,0.8018100284487573,0.5127667771113021
C,0.5673024948715466,0.4715522198523378
C,0.6471414970377255,0.747594580107506
C,2.2497810331415207,2.606288308981107
C,0.8697501516135062,1.264644795314903
C,1.1265688922734567,1.1015303139819865
C,1.3399342129811913,0.5635523937613008
C,0.5420974784512242,0.33779803885179255
C,0.7160714170788439,0.24085441010034858
C,0.6522336303440073,1.321755502406489
C,0.5315538638632391,0.6513522357313785
C,0.5052927813154735,0.41204475285000813
C,0.7774601180304115,0.586442662595001
C,0.5866108071224072,0.684398778626025
C,0.6574857777360551,0.8000692813103232
C,0.5433525575205324,0.694620703570277
C,1.4550396487162924,1.730906564507333
C,0.35904605904617676,0.35453316421844766
C,0.3186954854240446,0.40589551279176295
C,0.6506658499375999,0.6394095075229993
C,0.7519252509196238,0.34356982519539486
C,0.9287249221132108,0.8170067744248072
C,0.662375542476955,0.8494077908047348
C,0.6554570591215193,0.8944769403648204
C,0.859684075461403,0.7035602977029753
C,0.42267314467676725,0.9233183875097295
C,1.5352460847982616,1.7995697943731128
C,0.6995170069799699,0.7982190560796539
C,1.237038369226617,1.4017503578561332
C,0.6792268759066558,0.6565835179579804
C,0.5901863994955427,0.653896565805302
C,0.6268495213045945,0.8561490880414231
C,0.7691677623826151,0.4795956928587412
C,1.0611616077489412,2.0104657322042634
C,0.45927202292243996,0.4945320594219954
C,0.8322754521862581,0.7649016773308117
C,1.4073026686886996,1.9803104245099241
C,0.722462275149608,1.1526337867844403
C,0.5019126868532021,0.15973708311380883
C,0.7283725468112752,0.43832422326011894
C,0.5567423282883346,0.9959856794961323
C,0.47862784587318,0.28574908659396453
C,0.468370183196624,0.7223380486217541
C,0.555970764386616,0.4895476300335362
C,0.48447802763118364,0.49825389024862593
C,0.7395614986352251,0.24074804161605284
C,0.7882210209963428,0.7655135459312638
C,0.49020304083756955,0.5946589177970357
C,0.25904168939383176,0.5274924884964757
C,0.6420630769069956,0.9336760637668102
C,0.9712089242902356,1.2336800135327792
C,1.7543579675366803,1.451968648452172
C,0.7984706246205656,2.067069630157656
C,0.7686941513864666,1.104225356345336
C,0.47075006590995133,0.9657819715873522
C,0.5299736925071263,0.64583317882171
C,0.6770534981781622,0.711949119372746
C,0.7044027346620659,0.384153550314189
C,0.6922969200621323,0.9566818804050188
C,0.4388567168687294,0.4250086255261225
C,1.133777701566739,0.9819719129778862
C,0.995733835118014,1.0923177649612126
C,0.6264237166770926,1.346310560328855
C,0.40513067003291836,0.7208836760482731
C,0.9668603675739504,0.575947350567496
C,0.8494990997571467,0.606975789932935
C,0.7878024900344942,0.45261114634779437
C,0.37596567721381263,0.7110646016053274
C,0.8333756422011838,0.9761573583717964
C,0.5648937997728206,1.9148293518884016
C,0.3443518608545897,0.4041974962291029
C,0.6034443692238162,0.1907283682709072
C,0.5240176578712713,0.26214206508900856
C,0.8509864309270805,0.5383689506787225
C,0.47955258272466267,0.5840471184559349
C,0.9997466072570516,1.3462116629700358
C,0.7483305642448579,1.3750055733513806
C,0.49191287235490544,0.6060229991370069
C,0.5381707444745998,0.36575398707850515
C,0.6434931530779605,0.9626214959714043
C,0.7540999825616718,0.5987579234872741
C,0.3541465917215788,0.39719676943213544
C,1.140626560312698,0.9152575720913652
C,0.7414306913333626,0.7919435662252411
C,0.44527405695986094,0.855664047547855
C,0.7224984141073245,0.5812886040416293
C,1.9490896348875097,1.1706496861018156
C,0.5067858795356363,0.20667064804922686
C,0.7664687917778105,1.2184139204968558
C,0.6551151431715205,1.5033608192033872
C,0.5406209401626035,0.5029094601454293
C,0.5637017289422113,0.4540601109441982
C,0.6443955494987957,0.7314822714067606
C,0.4229380614584734,0.2945015108218454
C,0.26073017454591546,0.4401400152689201
C,0.539369973804062,1.664526191546049
C,0.8664081706017512,0.6994137384707224
C,1.1482549195028273,1.3923716968002418
C,0.5391275572629185,1.3556236898469922
C,1.3133885535523646,1.8040518160498655
C,0.48861911408579306,0.8356525280836925
C,0.7524022896291735,1.9511758724667032
C,0.5815917472561772,0.508016141394629
C,1.0923216392937938,0.2663576245856274
C,0.3011924854272498,0.505740490551239
C,0.6089631930115759,1.160942122309614
C,1.354041263357853,1.3220532794724564
C,0.6229976005332177,0.6422950192061224
C,0.8784346979805334,1.3702498606148743
C,0.5675947577442819,0.5114945251638505
C,0.665694137660564,0.6449543919079631
C,0.17014563844952646,0.05590859759252947
C,0.9065905669959143,1.0923600761738244
C,0.4995690701286931,0.6796917214458865
C,0.5048209858419088,0.6314547533434961
C,0.6050606318672995,0.3818738168520785
C,0.4048048907903719,0.2820747859117886
C,0.5302993137829147,0.5216687222719654
C,0.35114762953366646,0.4130574069977818
C,0.6187623370458166,0.7484126833191247
C,0.7468103030959062,0.17067575437321308
C,0.44009496686952493,0.7917564714091684
C,0.41238601572944306,0.443313773470561
C,0.512539880145968,1.3244754847786582
C,0.9719011855835713,0.7915072278219561
C,0.5541315898794283,0.26073731719756504
C,0.4239016309587747,0.2482806013548642
C,0.49148731113808,0.640556925866775
C,0.301045991884672,0.6287165130516057
C,0.6816458775150757,2.015308736136952
C,0.7611515748875454,0.7871865738912163
C,0.3997894643378028,0.5321121060460909
C,0.4914400421759159,0.5263257671105445
C,1.2099394206168321,0.45088638503370293
C,0.5046850473267626,0.2208458298083348
C,0.7648493154440619,0.9539216445522998
C,0.4216785671878825,0.4038593457559722
C,0.6270172313126385,0.3009096700797224
C,0.3914126986829086,0.42558911498288643
C,0.4801176799057534,0.4391885777910829
C,0.35792765221217315,0.11759251926756333
C,0.7847351776473613,1.4829498688498584
C,0.7151141533167072,0.8532129603734518
C,0.6613495017007885,1.2795898961797256
C,0.5217064574685769,0.4714948747649101
C,0.6486456477748034,0.20255951701202626
C,0.8095349313285879,0.47958210100033904
C,0.5842005729221968,0.18320519022758655
C,1.134166675388469,1.0163210550590103
C,0.5772205215537196,0.465849714012979
C,0.4026709626787858,0.35637355650021546
C,0.7108337105698026,0.2831147503275223
C,0.5330226134243513,0.19302056263109596
C,0.5907202239955435,1.1633616650815097
C,0.4665033129254895,1.3405202449915175
C,0.6151303806618816,0.6087496362640518
C,0.6587063648245814,0.5465545116518817
C,0.5678201025837909,2.333767444970014
C,1.0674057713040348,0.9243573341885993
C,0.3285571808419436,0.6821924365190867
C,0.36903342373365444,0.5084362887176413
C,1.832519893251693,2.615219749200521
C,0.7250017415038481,1.494623536048048
C,0.8316878690946191,0.8402427001648258
C,0.8991264757214668,0.7706439346520226
C,0.5456521162935921,0.20774848522228298
C,0.454832940768384,0.1300873828984185
C,0.4888250768123457,0.48487527399578034
C,0.56529176559318,0.3121657177998762
C,1.2754632073806054,1.2621758477523366
C,0.3727803084658152,0.3830794506213854
C,0.6704003381839849,0.6022597991713573
C,0.6165843510018101,0.7628252465835912
C,0.8246885374325856,1.7277705480661834
C,0.4553943520120023,0.30594314312869964
C,0.4456174887518885,0.3020403101350089
C,0.6504863101180143,0.7945340232134711
C,1.1184549115143878,1.919215972526763
C,0.8764206452683097,0.5096324031293266
C,0.5951389074596125,0.7370898935963739
C,0.5719927323125827,1.5329134768337942
C,0.6763052412646248,0.6491648322029212
C,0.8320468712599314,0.6091399063468765
C,1.5925900202176373,1.8980702418286568
C,0.3401128317287323,1.1898878221160658
C,0.8802010659066596,1.803158465924435
C,0.7395431313415247,0.2050629066066702
C,0.6663631897033649,2.324346977683683
C,1.157301055079745,0.800626508739722
C,0.4852665476831169,0.1972724104392475
C,0.37756650621588966,0.9228928916236072
C,0.6175497185847099,0.7866792916814802
C,0.7452369905134655,0.5875821870125866
C,0.6377652121435371,0.702026722509382
C,0.62120209545759,1.3744559397981462
C,0.47728491146361324,0.6460829584056682
C,1.5881001674057833,3.225554670006751
C,0.9903225944302866,0.5825197716540109
C,0.6955521266865836,0.31202803735083
C,0.528280776666418,1.4732109784231113
C,0.5809224473929557,1.3909956684668088
C,0.500482543687757,0.5158976625396796
C,0.8764324440725159,0.5534527099759116
C,0.6359054557812698,0.7229148215508698
C,0.36004054727561846,1.0272666682507132
C,0.45830419566324165,0.3333725888686636
C,1.370910371244378,0.9999260496761772
C,0.8214227428203102,0.5780274700921286
C,0.5563083901063847,0.6554352040867397
C,0.35685535255327305,0.19499206152192813
C,0.658656144499342,1.0553794914562096
C,0.488888602404647,1.330978466478412
C,0.7927174029430017,0.6032640398826701
C,0.5744500965670332,0.46723450094903873
C,0.8596609582395666,1.197502659248684
C,0.7640017298018328,0.9732289826927828
C,0.7559641599097137,2.3600385911888577
C,0.5031433756786099,0.5120180782903034
C,0.2332533986627177,1.3327461543874903
C,0.6577703013942685,0.3100514935201708
C,1.0565834725105707,0.6282266569893452
C,0.4289500492483283,0.622074755049938
C,0.8320928660678176,0.5432963375774703
C,1.0312314235626545,0.4975590272785966
C,0.41956019773380776,0.19179293127276645
C,0.506742566771704,0.3800043653213532
C,0.6507377733317088,0.33562028056444493
C,0.36407784091226825,0.5009312236687501
C,1.0701082441293968,1.0800434314597398
C,0.6352879861426207,1.1077162701257879
C,0.6033973053151555,0.3602451061580283
C,0.6466071554328201,1.833391742500879
C,0.25361279306846946,0.2743299530141365
C,0.6268440318835745,0.7003093588153292
C,0.49852107547453467,0.46869526192007543
C,1.483292759055052,2.369285110134418
C,0.30610391535108056,0.5496741132346522
C,0.623716802122337,0.7219061131392074
C,0.791357333565192,0.8537954415712282
C,0.44857410806972536,0.5811359438666216
C,0.39242978149197705,0.5140966093824219
C,0.7451546354495484,0.6704171497198579
C,0.6516723108748169,1.8593694581452878
C,1.097286024353321,0.46336238143895975
C,0.4496995399857253,0.22325131463106404
C,0.5114486570171446,0.6066914213568869
C,0.47384843065695303,0.8444498410685267
C,1.623546801152966,0.8819733076044651
C,0.8011025737109453,1.3547703359289682
C,0.7893931225170763,0.38773243294570264
C,0.5019869927318815,0.7839999003987151
C,0.6595946346498466,0.5895815531085394
C,0.5848902599604126,0.8983244455853158
C,0.5521941786155138,0.4548237105812455
C,0.9822322612769899,1.5587568274721804
C,1.8073711507754135,0.8663829591326268
C,0.7978560736122164,0.3922380069651943
C,0.4768036403322114,0.6067957044359421
C,0.6025250357218984,0.38022737777009763
C,0.4728852765128372,0.6526924383606493
C,0.6459524325083488,0.7721077626400398
C,0.5330854175283247,0.33972536916010476
C,0.5772605140205685,0.6247768744586877
C,0.4955998132163781,0.9070568394067324
C,0.6066517998791165,0.18614319133086724
C,0.7066881202650658,0.6445504885998916
C,0.9753360986870466,0.6755617482806091
C,0.6791618738076239,0.9688038196474572
C,0.9329565987275855,0.8910328488150947
C,0.36123649694506704,0.3059554727593703
C,0.9753923794757644,0.32231728544824445
C,0.8582975801849692,1.2845653129120875
C,0.3512056829017478,0.8107822017195823
C,0.38937562892437205,0.0669522840474262
C,1.585352794015307,1.6303569926582786
C,0.615253469678948,0.6657398405824695
C,0.35222585680605534,0.43627327336767163
C,0.3991702508287062,0.4974355470887767
C,0.8745150640839244,0.9520504269564356
C,0.34747951535696786,0.9555636182068472
C,0.3913962881260658,0.3545775957057845
C,0.5240778485060614,0.6232306714249997
C,1.0637100349969306,0.492223700538098
C,0.24827573779753992,0.20541890287879425
C,0.8522428990547173,1.2071246383430065
C,0.48833753683314995,0.2796225850739885
C,0.3431191266993093,0.4370116777138298
C,1.0746509136034204,0.5481348461680337
C,0.8930460238792409,1.1518566458620512
C,0.8540207412583513,1.0637483378727235
C,0.7309561850662049,0.5035954874321458
C,0.4944081436923071,0.6000602113119985
C,0.5045241873779988,0.5343629434613513
C,1.4262956089003023,1.3146755945721127
C,1.2742785308909959,0.9024574792453426
C,0.3668785945133328,0.2051516065370683
C,0.8648188597551951,0.5148048824027546
C,0.4940239490395556,0.4079037074966195
C,0.7602922865411628,0.7288309716989856
C,0.7034350452802783,0.6648200756574021
C,1.1421701689102963,1.4368439341382053
C,0.5426958556287244,0.43540827582192065
C,0.6433900669597157,0.6278423979589667
C,2.3208401346436682,2.6043065534504772
C,0.4835274024362826,0.4210071730871929
C,0.4999359785909423,0.547878342650762
C,0.4198098694494718,0.9701450864446769
C,1.6407200486379074,0.8799517923546623
C,0.9244100800272168,0.8622294269735417
C,0.6449496699511404,0.7383961175008429
C,0.5789307889658354,0.7560305894812469
C,0.7428978276859338,0.884345312754894
C,1.0880042270816406,0.8435937904043227
C,0.3960220477516355,1.0087456060113873
C,0.8197274280166185,0.4504765625844388
C,0.3629062608125565,0.15019420137209805
C,0.6133541210914798,0.42540539884337286
C,0.7392100580400193,0.8786427017526562
C,0.7431996818770755,0.6566114434358469
C,0.550143755499373,0.7062855347534601
C,0.4152825604086768,0.1529229445746488
C,0.6717041872453667,0.6081502463905264
C,0.4930339133474681,0.3832372147813357
C,0.9584166498020491,1.1267563575404054
C,0.5008638609871348,1.109304606603817
C,0.6724157974695602,0.9249008528194869
C,1.4186863236578022,0.7492593008399303
C,0.5082630486558682,0.6731306695521287
C,0.43758212183883205,0.07482215272566747
C,0.33582325780110417,0.3621013073381395
C,0.6526349446263181,0.5066601914403275
C,0.8882731396191026,0.3183199348066989
C,0.7269451396541045,0.5848989325214813
C,0.7652278274338294,0.7471591323980993
C,0.5827203465749753,0.40470470343918324
C,1.011553018873869,0.8668127653598128
C,0.4852504230211707,0.11998675884835767
C,0.9339282336006771,0.8637335507541151
C,0.41844870899723147,0.8976048634916542
C,0.5505760247542488,0.5520338785422392
C,1.579235745607654,1.371062778207033
C,0.6338975696155017,0.6868206819844104
C,0.4882655278301597,0.23940836104622903
C,0.6011097342031457,0.48134317637506
C,0.7615109306371182,1.2172040422893555
C,1.1047092242301353,0.8966436721843646
C,0.465181081114945,0.5093219027227723
C,0.7163569467644012,0.4908462415895055
C,0.5264077498654652,1.1221724721611874
C,0.3750105102889403,0.7114601962512795
C,0.6488924845370425,0.734075302855338
C,0.6679206911173506,0.7597440298094841
C,0.7828302211741058,1.0510070466207675
C,0.621838088969565,0.9126667704225194
C,1.698429993824475,1.2202720254557833
C,0.5538778992320144,0.4129524992184438
C,0.556895893025361,0.5335087368590778
C,0.5979143643959156,0.4774737532469553
C,1.2331804913964932,0.7105395450815964
C,1.2547468117515068,1.6243093910984643
C,0.830112171622975,0.5759978128141653
C,0.8114679415187813,0.9245985408881917
C,0.9378221198371971,0.8763553379567077
C,0.5390553714660168,0.20581268778712852
C,1.289324377645251,1.8821363302866712
C,1.0783432457987376,1.5688512716158234
C,0.6334221428912817,0.32116267138550697
C,0.9503576242566683,0.7807278636569742
C,0.6603620320549723,0.28759487187089156
C,0.8636749573656295,1.5912430005559979
C,0.7514000000439954,1.225636873191438
C,0.37941030528399156,0.32932460806094416
C,1.147540888828314,1.1540736440176231
C,0.7173708922831787,0.6402065741347497
C,0.8985507923405477,0.5457727628065558
C,1.0505376757474736,1.7527798148385105
C,0.8391989570320437,0.6014762636522476
C,0.8973138684313864,0.5467511716617658
C,0.5711499459540424,0.3793073710529824
C,0.8565174249391991,0.702098021902824
C,0.6791697614353258,0.39616189949928793
C,0.48712964762744276,0.5372084392180504
C,0.5916366078180338,0.7203620489578532
C,0.7296817807757215,0.9037720397167871
C,0.9879560239762003,1.118322578888809
C,0.6991366346547477,0.5387584964552012
C,0.6563191518248149,0.542924474801655
C,0.6935708214351507,0.5169222052532555
C,0.7717593918331622,0.7067699517811618
C,0.2989460360168283,0.06686632454737775
C,0.5445781249291545,0.8105395361376797
C,0.47927313642906477,1.1596982383887335
C,0.7030643606921142,1.2362907088497164
C,0.6971964669132041,0.8253657696873371
C,0.5738080138240147,0.5208143277569784
C,0.7393436973394514,0.9300089644244458
C,0.378814013453519,0.7378751992637544
C,0.6646120536254884,0.8134453059524619
C,0.7550339128003778,1.8919082655374062
C,0.9364542449913263,0.7271031242251812
C,0.8671009855012507,0.5723512864874589
C,0.6157307543014241,0.2273196143007029
C,0.6312644106562997,0.9176430372881453
C,0.47603074999896716,0.37894613004529476
C,0.41289413423854315,0.29106496126184994
C,0.6442308904843,0.657430912718634
C,0.5128510030640574,0.748011251695931
C,3.0446480433333276,3.7721684550338663
C,0.5878773038266197,1.470097572812922
C,0.40514470769442823,0.30551348184144766
C,0.5287756614498231,0.7884680582559729
C,0.44182223950427557,0.7152606953524685
C,1.0557810768042828,0.9255917722211632
C,0.505065798820297,0.6756732863726853
C,0.5031589901642997,0.5434032417279565
C,0.66325644098823,0.5718424589817386
C,0.43165722763182324,0.4711325292757141
C,0.618342794019313,0.19567593065970879
C,0.42943120884040425,0.33755908487258157
C,0.6465516933625489,0.3464507869344869
C,0.545442256563494,0.27761066536742257
C,0.7661465087909569,0.7815534498626268
C,0.4237969076176003,0.39594135715754886
C,0.7238508058367581,0.43985972604632606
C,0.33313018920641296,0.6786557598625002
C,0.45782848243979307,0.2601405342863817
C,1.2661517106079723,0.6432666448565277
C,0.9406999359859352,0.795575654474201
C,0.47037589610471636,0.44505876950870726
C,0.5835387444403483,0.7705957319203939
C,0.47119253461995986,0.3085035661372737
C,0.613293598637656,1.1625530924011847
C,0.4210352850646379,0.6240222788859684
C,0.552714056906278,0.448788873324724
C,0.5012164544052639,0.8019445802949862
C,0.5081322128019784,0.24625881294402388
C,0.6396762564520462,0.6328326836750929
C,0.6545699245528948,1.0085917302732594
C,0.6860230100757001,0.541327962055617
C,0.8111631455051521,0.8490733578490883
C,0.35490047535396124,0.43154107104200257
C,0.2496399753606183,0.6700891345573196
C,1.5549601171314336,1.3743702217887603
C,1.6451159469101333,1.202480368333818
C,0.7218672255274257,0.89535410608064
C,0.759796216550971,0.5374607182583936
C,0.19149301921879258,0.41709202807794815
C,0.737483408504527,0.629087137449815
C,0.6253273782562782,0.4741073131081074
C,0.4681711709529148,0.3191968228700003
C,0.40029368858475844,0.944495326470451
C,0.42594942006527753,1.2214571637332743
C,0.5199553229473413,0.5789968282326824
C,0.33900810002737236,0.5412115781165423
C,1.1952822711428133,0.9389928582078402
C,0.46247093485629365,0.7395731847652655
C,0.949870134537816,1.1111858892130992
C,1.409250880601417,0.9152167567688003
C,0.3905072288120738,0.7780201826515432
C,1.1157637475512123,0.6621806512444868
C,1.1806087323897574,0.9418023980405528
C,0.9491920985644835,1.4086237875926797
C,0.7683603107471527,0.6166306154846498
C,0.672861975517276,0.3826640067663661
C,0.7088285571785478,0.773172926549975
C,1.0639973446203208,1.0744744166251654
C,0.5118192624055083,0.3263383950863541
C,0.4639596394588421,0.4980633548803732
C,0.968813370661715,0.8777505055640441
C,0.7284635303865393,0.5169001828365869
C,0.4673478074768829,0.8558167702380026
C,0.8915925886409638,0.8207511054718921
C,0.3131215186014242,0.31757876115679773
C,0.46527670528482346,0.6070520935648746
C,0.8447950274145449,0.49752436084919327
C,0.3974314117149439,0.180647988844563
C,0.8411314097240974,1.2197842585927279
C,0.6906090487106243,0.5582470757032185
C,0.7174453931949872,0.32243973196219505
C,0.590408307999981,0.6561180955375454
C,0.46509003869043747,0.3622808685002489
C,0.6773399877867732,1.0136377173275206
C,1.0654094416814615,0.39156131212888695
C,0.9953955650068297,0.4487855775884448
C,1.0698017911174407,0.4245929336660504
C,0.8623450332318146,0.21308307216498693
C,0.3915970793248699,0.47225920007946065
C,1.2389773363479484,2.314328556709652
C,0.3688380682457666,0.5457678989288547
C,0.9839722707523385,0.9453191381026059
C,0.5822431324812319,0.6532628298109673
C,1.2048048004015988,0.901169777244267
C,1.1256851751924655,1.2771143109540042
C,0.9491584511208142,1.1799799232697181
C,0.8172929456906932,0.3645332029849334
C,0.3377264247228922,0.4587531940608769
C,0.3707444301967711,0.5029667477251422
C,1.059658203936813,0.9378890521118703
C,0.9905480289557133,0.5380569914906024
C,0.5886244053646126,0.8569548384910403
C,1.1012633079855247,0.48134461909534065
C,0.5610746925859927,0.31920729985936247
C,0.3371203587139183,0.3662379739755533
C,0.2903288438527706,0.4467867982739177
C,1.5058777196930155,1.018862226682389
C,1.0761969855217572,0.8276661377001356
C,0.6483374730872822,0.6960926822929652
C,0.6147476941750925,0.6581657566478889
C,0.4444263361357885,0.17462666213891267
C,0.7645546981046836,0.29034435654452706
C,0.4719967108380087,0.513926903307346
C,0.30363001451288635,0.26782297129588867
C,0.7783363554142573,1.1409571312932176
C,0.5145763399887486,0.6205160843320461
C,0.6463099817237237,0.43684938002079765
C,0.7096334985403726,0.5639712871712242
C,1.3337186803624967,0.8561893148677724
C,0.4335974780859603,0.5251442830106599
C,0.646069866550009,0.39749179952713126
C,0.4427084368835846,0.5563818171255506
C,0.6539006201085483,0.4639574494788758
C,0.7224891719716205,0.45285085477786935
C,0.4789489399781215,0.5527309055466636
C,0.6170208253574277,0.45604126753823376
C,0.2564374012384985,0.91410313604104
C,0.7038387368341575,0.43816377378447974
C,0.6498414930928622,0.8335532202110819
C,0.38621413374314256,0.38211773429956347
C,0.8057698764269144,0.24871044284295657
C,1.0537118321826835,0.6219006862912138
C,0.9719493656265479,1.05033347433808
C,0.3845745536049482,0.4494211166662413
C,0.692517190057267,0.7272990428557173
C,0.3567434481599468,0.4701556860284041
C,1.3241026423609692,1.3851491572747237
C,0.5039516485902131,0.9664186271547992
C,1.0383927590401618,0.6516096554721599
C,0.7621770505548218,0.6699334066871402
C,1.0373657653230173,1.4702937657424329
C,0.5344182498137722,0.3244415088240274
C,0.631594846693158,0.11179604624774159
C,0.6332238537088148,0.7159679599625811
C,0.5514947559612539,0.41240238990939626
C,0.4453505496440258,0.29434927619050494
C,0.7273422924507071,0.6107698003861254
C,0.5365962832704415,0.5397133764815495
C,0.4068540910496206,0.4625098127653505
C,0.7492697491195923,0.5520052338176535
C,0.30600684557981134,0.44972238104143525
C,0.6341676153782716,0.7056931209750488
C,0.7206720793993271,0.980588802191003
C,0.7376757723546327,1.5227331661293175
C,0.661524006702467,0.5827797093131779
C,1.1882883212771762,0.6949069562862189
C,0.7710587194253398,0.5642073450937977
C,1.7791607658733095,1.8012532475622485
C,0.5346299871499985,0.38554856051015035
C,0.7608533754610189,0.40421802522278566
C,0.4850658546752923,0.8038867566790459
C,1.18787080369644,0.7063907689858194
C,0.6296753290291985,0.8047873945275307
C,0.7915203549741125,1.5484148210415185
C,0.775281845001876,0.4746191991679904
C,0.9674071342980612,0.8891301268068147
C,0.6961019953811504,1.5329608286873617
C,0.5985105440846944,0.37983723019027243
C,0.4778276104252886,0.6285833990070376
C,0.6118106136465312,1.4795087483593328
C,0.7133234251357652,0.2228312929597154
C,0.5701974648495697,0.5699409708537927
C,0.312328093645648,0.7595202221120358
C,0.6192388658181166,0.9602191449760129
C,0.7451054175685876,0.7009368505734535
C,0.7267727853083468,0.5058223700795528
C,0.5729641683024623,0.4311825084002886
C,0.5097384615254706,0.7287535638872318
C,0.4602186960214367,0.23399880779354038
C,0.9415995030274906,1.6213694134782028
C,1.9906491160659872,1.5550850453648857
C,0.45751358596680114,0.35708967269007397
C,0.8785278304987207,0.8423198701084172
C,0.42031822015435205,0.46493778853528356
C,0.40155413073550156,0.47223161226349714
C,0.5255068280242657,0.37040108559451596
C,0.8630058087929605,1.4219427948813284
C,0.9618709349325927,1.2464159221910562
C,0.7958581684514761,0.48678921399362496
C,0.41091012207971356,0.35414927590110723
C,0.705125494178903,0.7681737441118592
C,1.0603440853381327,1.1612699514132687
C,0.5472304176032882,0.6507875433329879
C,0.8019024533706003,0.8134998063462168
C,0.6207287316800996,0.5218615305811409
C,1.2862684323967268,1.0222051117397377
C,0.6403920046403978,0.37658307315835715
C,0.4200423027627575,0.5377962444736575
C,1.0766277264112472,1.1811467405220437
C,0.922836852433262,0.6049719298334489
C,0.6590141275073922,0.48631068331677874
C,0.9436427400552021,1.3962540709383038
C,1.743813834043138,1.3151381412991394
C,1.0066525928644423,1.3226088589095297
C,1.1569086259021246,0.7115083374167163
C,0.5528339462776538,0.4019624882016677
C,0.5529882110581741,0.12308905659505257
C,0.6699578209086915,0.8291992479407836
C,0.5210724178105115,0.7305971599146797
C,0.5548988016878184,0.6395027312446504
C,0.532006179130019,0.38457690546760254
C,1.0109502283864888,1.0406413715869738
C,0.862114874056192,0.3709090476737542
C,1.2880095917840009,0.5074009303985527
C,0.6256719905765598,0.5553721724595655
C,0.6287445693145525,0.6120252574194119
C,0.4251814212375981,0.8640388646724088
C,1.191343599573071,1.9744084679822773
C,0.47739242779010055,0.6885380464807966
C,0.4248712422114137,0.3371434033400862
C,0.5909764227274882,0.5970061126728574
C,0.5590705711615357,0.9768818900850058
C,0.2563506502804578,0.5118869090636039
C,0.5058719760179267,0.3581392413453293
C,0.7922759048472023,0.7241831427778369
C,0.7543710383426447,0.5187584584950999
C,1.2281601775918969,0.6314704070910437
C,0.5521623136663167,1.753310958469491
C,0.35655267028187887,0.5848271760191317
C,0.7383212472780948,0.7391371495946569
C,1.393592662524379,1.6488672017107946
C,0.8052008777147188,0.16116431135880763
C,0.3773480753671036,0.578766475344134
C,0.5743321922604466,0.870707066130358
C,0.8970536714004173,1.4032742296419949
C,0.3276950255215709,0.6513611651745254
C,1.3766697808936197,1.022409647131675
C,0.6674578520061519,0.5685649600572931
C,0.7353755619589495,1.510121020541421
C,0.23471168173728826,0.48201200681383277
C,0.8624572062306989,0.8786584657542457
C,0.42660030131152943,0.693873760525971
C,0.7712061191605581,0.3800136061447679
C,0.8709914729428423,1.6541724456950233
C,0.37419934884380346,0.5315832127241542
C,0.7144664039779327,0.32438979636760806
C,0.6227464455183702,0.4161763493069602
C,0.28354090781122454,0.4890500852076352
C,1.0073054399874035,0.7553394451982088
C,0.5913188357145163,0.6958619044545837
C,0.6110408998961732,0.4270740926019121
C,0.5083653836987007,0.4731325595170253
C,0.4203668657852448,0.24444125215272533
C,0.18251283158057677,0.1121744718911332
C,0.49185918346713975,0.6171053550259641
C,0.7343548943823323,0.44687734819537667
C,0.501680191207314,0.489484365059245
C,0.5065093621952765,0.6634970095520308
C,0.7382915467867044,0.8320330074176592
C,0.6178218821556862,0.695877410670026
C,0.6394924039248941,0.9194983292323231
C,0.6596985474707211,0.7537529390812001
C,1.120052411401545,1.5948946624514475
C,0.4910428743134462,0.5600147908676706
C,0.7544407195225917,0.6899409836100489
C,0.4429837090482274,0.5324369018142827
C,0.2765818829460045,0.587603724644227
C,0.6039058187807798,0.6154931241258007
C,0.3963989309498749,0.36522933379675315
C,1.0489558766369844,0.43443803733431247
C,0.46790163523256895,0.5810217013733762
C,0.39967205196832606,0.5915486840888817
C,0.8346571353232399,0.6913402643649829
C,0.43817118834072954,0.3540926282202102
C,0.8103261120997651,0.6319030314693898
C,0.491322329159468,0.6713178146988825
C,0.4116180740138557,0.611947535819793
C,1.0964875242047882,1.5807136211674606
C,0.8622421221920838,0.5895326521895294
C,0.8359415691573288,1.2387417845406563
C,0.8039757263761809,0.8410036098789857
C,1.000221795201861,1.7942346819814792
C,0.923858033525873,1.9029125100466762
C,0.5889411061838266,0.6365837151884433
C,0.7176815321788075,0.4266934922937828
C,0.43164079626530305,0.32857610999717407
C,0.679936700290494,0.17212224956965605
C,0.6960405749243185,0.9224389232928415
C,0.5171170576474096,0.25428439275895076
C,0.44380131523974037,0.5493413543713324
C,0.4788552390100157,0.5994771782927988
C,0.5786582635981,0.4815171522991715
C,0.48754591027370886,0.19841350246173028
C,0.676045695761251,1.0556670570792925
C,1.2247705978463341,0.5780570664751435
C,0.5675141852307504,0.09914155851934314
C,0.2459488114183346,0.47098106487694646
C,0.7082568176163694,1.070352224932538
C,0.32870468181570905,0.529158689697233
C,0.46294151768029784,0.6080704042331342
C,0.730546796499649,0.38182120123624036
C,0.70082920100794,0.5150535202498835
C,0.4735046961350578,0.30730780181182654
C,0.7538693318062779,0.2947066355785179
C,0.6616438123793663,0.7901905113711268
C,0.5092558402153871,0.9522465612708644
C,0.43594475431053215,0.548738807301562
C,1.7359543248111022,1.2021748209230565
C,0.4604728447516244,0.6557924687267712
C,0.6972672539468884,0.7720911736920503
C,0.7572286642805347,0.40345863881595745
C,0.6831969368864051,1.0369032035281458
C,0.364941453991551,0.5780177104088061
C,0.567004704285495,0.6064324968511432
C,0.5705034054529124,0.27202793860660573
C,0.39979953086105574,0.8381671551614815
C,0.7131599829823644,0.778623778501944
C,0.40009101448728723,0.7804680454432574
C,0.42730890990147197,0.19187170971121248
C,0.7402099873705625,1.117568386569641
C,0.6174698652868255,0.915793236430178
C,0.5685781076844398,0.6564475375982093
C,0.40118506899920675,0.6677036838602257
C,1.051525153688719,1.355467034396459
C,0.1494352656794205,0.5355634473989641
C,1.0840975664190493,1.8786792491338915
C,0.5891833014737317,0.14195284480602663
C,1.558614539224765,1.892263743875689
C,0.6078820928646589,0.35616363496501646
C,0.41294239592384907,0.45753174355094794
C,0.44743797013296077,0.8386646365518755
C,0.8334615221873801,0.9000210388933806
C,0.6143745335370313,1.2709696179614378
C,0.38320907792388637,0.6766633008988404
C,0.26868892261864386,0.6709663080596333
C,0.47214816061176845,0.616377401210249
C,0.4611982317877061,0.5748538411668944
C,0.7046174307995615,0.5263771018494754
C,0.7981801183499629,0.8221193284629311
C,0.5965366796755568,0.38285850562502277
C,0.851292839083115,0.6568577851857614
C,0.8270306786430391,1.3194921824040642
C,0.4682645219663345,0.8953395998927915
C,0.36528572300885837,0.3305140545704764
C,1.0464815821275237,1.1483106222039663
C,0.6983074239929105,1.046607419050248
C,0.6733107879738269,0.5816950003305317
C,0.42176301104120795,0.9574580615915694
C,0.46225888259140296,0.3683949199963936
C,0.4602576288397801,0.7706315895222688
C,0.5973014524640885,0.6585693732446826
C,0.6985526636516278,0.8939546963645406
C,0.9176106972697041,0.5753657090337895
C,0.7389291228371224,1.3720368500587434
C,1.169355043262608,1.8005056398804207
C,0.8402878858151833,0.5679555227958462
C,0.2785017673897355,0.44255289566089906
C,0.4723170375867621,0.4729071397683938
C,0.5583279293890128,0.6816954298937749
C,0.32832407579261663,0.32249401065157524
C,0.5182473037030181,0.4970215238374767
C,0.7446380112400431,0.2701629921158183
C,0.8036906636970694,1.5029658713171865
C,0.6081834593292866,0.5406160810683927
C,0.9506429787435802,0.34642002272117317
C,0.38488640990346296,0.38302045203927787
C,1.0500932392855145,1.4068800499380714
C,0.4698380802213486,0.5976456499238499
C,0.8902609185149978,0.9639881937848406
C,0.7464316977889656,0.4983538957787643
C,0.44881482487345853,0.3505945718100917
C,1.5674314576142954,1.090339370809614
C,0.44749538757513135,1.3673204154500271
C,0.6675856232809192,1.2177268364866085
C,0.8681689058542327,0.3581946580048636
C,0.47543614967704495,0.8897916798504475
C,0.9626199314338436,1.3016477183552893
C,0.4794651941398841,0.4431477412875509
C,0.39460108504751396,1.0175585470830246
C,0.6826894420902205,0.7471873053257708
C,0.7462883864819405,0.37101919727921173
C,0.5012665038966234,1.0717194137077535
C,0.9222100457424879,1.1973218585332397
C,0.4440145705110336,0.9407000875884899
C,0.5240582062063681,0.7177756050184338
C,0.6641290687279783,0.4718888601503415
C,0.4179242432358438,0.5500560772696881
C,0.38143293439712567,0.6855678413343169
C,0.967847231275933,0.754860831076246
C,1.0504543629426035,0.7212517113246109
C,0.5330388514988246,1.172580348457076
C,1.6156637533480946,1.1995564436492616
C,0.7341239284629872,0.6079380536408622
C,0.7817546214579177,0.43426544024536556
C,0.316900030808998,0.48930777369600603
C,0.40794409181959923,0.8058947574177796
C,0.5583294597880127,0.2538750372949921
C,0.7665525615883942,0.47489225880274794
C,0.960071045762202,0.5944168839657082
C,0.5799115896866707,0.21690717836049603
C,0.38827306748226464,0.544912624675927
C,0.7364922110250111,0.7865059584982776
C,0.88683656532639,0.7970470387411223
C,0.8058637362928972,0.6571611302749377
C,0.7854764633764508,0.34932912164305685
C,0.5116658425472241,0.9028954009879193
C,0.7277692220596141,1.288058986923411
C,0.6555324573159161,0.5477794742774622
C,0.41010325558332883,0.48338085488419336
C,0.5849175767115806,0.6662173419854845
C,0.4802625337675319,0.7534008987633138
C,0.5170378513646877,0.37461196804894453
C,0.648571101965759,0.3725559488237762
C,0.5840080084568922,0.46650087034999393
C,0.5703029698111141,0.8299712872756707
C,0.6631136242817622,0.3866176242527265
C,0.6734137695583398,0.27018435397603174
C,0.5160766502048978,0.8866264117997628
C,0.6984091212591985,1.198633434272216
C,1.0628084660361847,1.0891898679067231
C,0.7984867143137102,0.48564713658383857
C,0.6065734210922309,0.43091550084253655
C,1.435215514166813,1.1376192018453406
C,0.436008074905349,0.48473617708847666
C,0.4084877969108584,0.5500375953987908
C,0.3476484908586114,0.7586850947330191
C,0.5648943759882751,0.7190444711389836
C,0.14263735586884882,0.44575064495837824
C,0.576393090806792,0.39178643334562496
C,0.7019642818333313,0.906083349752142
C,0.6849175956225381,0.6376250398517053
C,0.942306205343487,1.0264567653746375
C,0.9398850635296363,0.310714599659336
C,0.7485218251866743,1.3161685842285598
C,0.6906524938481567,0.5748779967732084
C,0.5958272194257898,0.48265732835758285
C,1.38138136742152,1.294616912414208
C,0.6810823945894471,1.5651598624919834
C,1.0513721302239694,0.9199938375115617
C,0.2737364234345125,0.15511807674847897
C,1.0679470794512471,1.3782802987514937
C,0.563331259180485,1.0516560096482903
C,0.819448642400012,0.8980981364283902
C,0.37230372353891394,0.21776920674493752
C,1.1866882837399408,0.8038862170827896
C,0.8529787422010661,0.6046614505892003
C,0.4438129624702778,0.5236077995440781
C,0.7036515637390216,1.0749784228723682
C,0.7042763028491362,0.45082525770152476
C,0.4924920807710064,0.9053566144521429
C,0.5055053779236345,0.42434152659781144
C,0.7153787496226129,0.7234765362339264
C,0.7120934307625378,1.0120682321240504
C,0.535082928010946,0.6969012007617834
C,0.46161250088160605,0.21540146535245525
C,0.7828696407701403,0.43286585838249503
C,0.23622998977076282,0.5308310827126272
C,0.5230807835905253,0.9531143059488253
C,0.9707059394614527,1.4770905226250701
C,0.9240391848175916,1.1332186265648427
C,0.4609170396197016,0.6547468208226341
C,0.5117482875055719,0.4590913537420018
C,0.40154484123701617,0.4240378306833539
C,0.6922232703625261,0.8210219331235704
C,0.5577267661732865,0.5731092032389994
C,0.5661346564620915,0.3863781000365648
C,0.6699251828094183,0.967486510853686
C,0.4810183115363383,1.145972221739903
C,0.43271642378396924,0.4706036905530836
C,0.9251572626561099,1.4362174863247192
C,0.2958524667534384,0.12393944654334123
C,1.0398188643762596,0.9497671568114558
C,0.33959063115592397,0.39911822857715407
C,0.27521597122647945,1.2814308704662194
C,0.9011124892111493,1.5199842887169017
C,0.9196960502219413,0.7260075690879668
C,0.3750664957110262,0.6252327275178795
C,0.5822893248368824,0.6587704584848764
C,0.24421255691895155,0.3590401813820835
C,0.32594266853322473,0.381021312329189
C,0.26208932210275143,0.34567369105307943
C,0.8472515533375016,1.1441294583592434
C,0.20857269670097087,0.33146776342776396
C,0.41465254124430656,0.430684768297635
C,1.0747883618194618,1.299974017767046
C,0.4587672968563232,0.4873622951860039
C,1.3121761448758988,1.9036227812853455
C,0.6517382430840859,0.845018062716766
C,0.5689441936360585,0.40746723283455194
C,0.5739873867253982,0.9492000369252418
C,0.9099359182247906,0.4416678487753878
C,1.2471903317700228,0.9258354662010754
C,0.2996588111721337,0.7077776432062584
C,0.7022426645652396,0.6935278934746586
C,0.5515817009193036,0.681699654329239
C,0.33107478092288206,0.30928563990596175
C,0.839239357504989,0.7570738798174551
C,0.7423361607969549,0.5054573771190829
C,0.9477554373015009,1.3453289397403685
C,0.5575484622768755,0.6051704873944073
C,1.382524136207389,0.8823047124052349
C,0.5795291676341023,1.2047662544147508
C,1.0436082682900996,1.5220923184741235
C,0.8394276626839982,0.5340725765398864
C,0.6103064311388299,1.467700865669492
C,0.6489916126858692,0.4233334129862131
C,0.5931387099366627,0.8381892718266383
C,0.4508484005009889,0.23020831108689804
C,0.7777712052670196,0.6289772456669822
C,0.8035264177970698,0.16029269237301264
C,1.1995385519683925,0.6377625704286563
C,1.0226860240187676,1.5562833397816627
C,0.5169143458339278,0.16886797014810642
C,0.7409854442419693,1.0144946920142197
C,0.7618241386973137,1.0926349222656948
C,0.6161419728196561,0.811867530583297
C,1.217079868850296,0.6023054487083727
C,0.5089393414788256,0.26806019258222613
C,0.3987970091712824,0.8945127508532115
C,0.5990290595704373,0.8189959184380255
C,0.41101367990864435,0.5058254781537557
C,1.1830494499800397,0.9067932799855487
C,0.7284576490017585,1.4555101792628897
C,0.7046458273942147,0.43794110738582437
C,0.2650606113000518,0.3653805144604987
C,0.8741767973770123,1.093474252900928
C,0.40675265713863135,0.4731139163223627
C,1.1003785310108511,1.5180752370459165
C,0.610910943199831,2.042085961183377
C,0.44234417537884735,0.1959515938148012
C,0.8634672517143883,0.45494848007209765
C,1.8665250067055277,2.807686795408233
C,0.8236827827134963,1.29866486096286
C,0.2973486059526394,0.7131401968808486
C,0.733111561684562,0.6824776948000564
C,0.8862973121798989,1.964473281849569
C,0.42473591290354185,0.4389083030710369
C,1.4284243466962718,1.1545995933595339
C,0.44361521539826426,0.24157699668662241
C,0.8752261151850758,0.4560596414339657
C,1.438295428831616,3.4969441507426438
C,1.0772542204979028,1.1079834195200342
C,1.457412449617289,1.819612713070717
C,0.47772026979690757,0.28541900288913824
C,0.9672565818085667,1.8854443958792027
C,0.844163002151861,0.8067583302386415
C,0.7518171043759052,0.31036974849508586
C,0.7409585198805005,0.259927950567475
C,0.7435173911697841,0.6980388856560026
C,0.8743278553462127,1.1825226329643401
C,0.5816491852691483,0.7399764273148266
C,0.7509187925226829,0.5977564375042893
C,0.865803398047335,0.6328246188815077
C,0.5391477102324327,0.5222161102207242
C,0.4526032278520814,0.4122466123956624
C,0.6991554410250722,1.0584912804337459
C,0.6575273745817083,0.7822857218169023
C,0.5979093993129763,0.4053344590241908
C,0.46298574775192425,0.33036868255819074
C,0.7964676997177091,1.226311315010371
C,0.7220485710128784,0.8277315462320135
C,0.5284702137918528,0.5341044642668743
C,1.3848667639898757,1.242526187491342
C,0.7634111092264947,0.3422007562033662
C,0.7814614598970343,0.8085994120289385
C,0.7359841110641359,0.943804386722589
C,0.28023419760619145,0.2427519132785642
C,0.5697273513725849,0.588490011946296
C,0.33962011151043814,0.769114851363603
C,0.6605503262225908,0.9596705964962378
C,1.1264427176655907,1.1769474480194773
C,0.7729216186414484,0.6860862720091712
C,0.8944007279264548,0.5783008127320337
C,0.5625454331825154,0.5007693019837814
C,0.7934232466055032,1.4353503107455652
C,1.345896755130662,1.8471487030702967
C,1.1161535153679698,2.118807865342732
C,0.3338838834305436,0.16152931066389276
C,0.5904398564935737,0.944568742904544
C,0.21052249116722627,1.0230310556233617
C,0.5465190764534646,0.7505897682041213
C,0.43571211229397555,0.28305518042147454
C,0.559315180651204,0.3406684083729559
C,0.595786220846866,0.9752303349314225
C,0.5531254228352632,1.127694445026798
C,1.0007537133920568,0.5735968569847987
C,0.42372256476137804,0.45071543333252656
C,0.7540330557410745,1.1524294339915906
C,1.661210604407257,1.4431727813563882
C,0.5998508600915813,0.7499689440814451
C,0.5663231392671558,0.5882820816717954
C,0.6332142460987844,0.5541278845218669
C,0.30514582160249243,0.6222944448260656
C,0.41091526353452495,0.549744180692663
C,0.6901815208207127,0.5571769496938321
C,0.932187436726963,0.5235994993820038
C,0.42307180041656856,0.21181267187774544
C,0.3974549190899434,0.3519504730507593
C,0.6857825813651023,0.23258131687228933
C,1.0121509383941671,2.078375300718387
C,1.1083501346298086,2.0275368176029014
C,0.3775363428511589,0.6624079279525027
C,0.3039910184065539,0.67337991417665
C,0.713814204018873,1.8654340972495873
C,0.4851338497779442,0.4577439662479604
C,0.4321875290408516,0.3233782270858167
C,0.6767770859548659,0.8689866035356995
C,0.4147852519111034,0.44021294219227336
C,0.6848359872157419,0.4953389844513005
C,0.30373140562445144,0.18779265135212267
C,0.9310834468186168,1.37162505543411
C,0.4600099328663006,0.6830086827607652
C,0.6132260945630534,0.5989087426730166
C,0.41579840376971305,0.3453672901736556
C,0.7651331699242188,0.7102611965914095
C,0.43497276217724096,0.33710930694169344
C,0.5153063492037995,0.7363050885822671
C,0.8130791422981609,0.3484900833037978
C,0.9092794833957549,1.2362875587778952
C,0.4836995594697273,0.7576630967289365
C,0.15441008730253178,0.13691851041448017
C,1.0600294359277624,1.155428727187788
C,0.7497286039016384,0.743203099646381
C,1.2893700820449245,0.38547283579911573
C,0.45032364130412594,0.37790727279509057
C,0.822474283654837,2.198403595584397
C,0.8475852419007285,1.9569146246034848
C,0.7062651051731874,0.9860682486593165
C,0.4759534389736994,0.294310870884251
C,0.6008200226892035,0.5288148350669848
C,0.3406644425350667,0.3088143567019473
C,0.32748043107924873,0.35855689574528715
C,0.4174135700700998,0.5326742471789966
C,0.7044319937557214,0.6319592104699062
C,0.5613784702790335,0.5772215214386783
C,0.5742064497382713,0.8469270084220076
C,0.6154485013165695,0.5957008968945326
C,0.7046254831742214,0.44379381647476884
C,0.791645965281391,0.6488754437101032
C,0.5840574900997025,0.6119967001820719
C,1.223625961084014,1.4514019890715055
C,0.5457202233128684,0.38029208576744894
C,1.2464271830272609,1.0751492157507037
C,1.5538417911510765,0.8136056003343759
C,0.7496648158085014,0.5901346091029585
C,0.6262029010313234,0.23347865916543062
C,0.6648007785829352,0.558956008532323
C,0.9796013248748701,1.1233994228509898
C,1.0147446034056016,0.7625817225067945
C,0.6745504126375431,0.9154899447792845
C,0.6033937546656215,2.145546440748265
C,0.5820651789928025,0.409731910307039
C,0.48138018159119184,0.17700101397575985
C,0.7189993811580924,0.9811716110168274
C,1.622858565393632,1.9027130834940804
C,0.8313407091066625,0.7595777257412972
C,0.7840536611507635,0.7218698716111922
C,0.7866251899722712,0.48537038163906987
C,0.7374636688875821,0.7771707267913691
C,0.7662585224474211,0.5950270157079015
C,0.33546175763940095,0.28438410842023787
C,0.7321940660440538,0.2779190604233063
C,0.4672350763153898,0.3549456672445261
C,0.9249164953936554,0.6412320825763196
C,1.1798555136595619,1.9767950110905863
C,1.3557671721673255,1.0901259940968702
C,1.6914240378399923,1.2300752202306413
C,0.326322763753581,0.3151777926670216
C,0.376222077543472,1.7721766089277855
C,0.6258970253003753,0.6027752640260617
C,0.8829907282385263,1.3688688781979814
C,0.504906486092879,0.300513914422347
C,0.4491526896257586,0.2942779896722533
C,1.6061804002114937,0.8621311445685731
C,0.40903317353746543,0.4493324267705779
C,1.3360435942212567,1.1091203368983085
C,0.662020230517573,0.370210125869391
C,0.4012861424143122,0.35808095904810305
C,1.104117488826794,1.096377185096233
C,0.591428543191057,0.6858402386410656
C,0.2558684038704064,0.12794340075300453
C,1.2757154028056712,1.4525736441520023
C,0.24209334103793495,0.8407295515491119
C,0.5038773361850514,1.2820547418050456
C,0.5782385551210103,0.35426487288529895
C,0.7689626273977553,0.701678030711083
C,0.5718847215290713,0.7177431142658312
C,0.7088328575354718,0.40264630908576104
C,0.7698007751104746,0.8261313187987359
C,0.49398481076716466,0.2909623775939578
C,0.7749363258061965,0.9504744258373599
C,0.6171032934455766,0.6994774763492092
C,0.7486393912169388,0.6457053463535871
C,0.5129995430503143,0.5283968735661287
C,0.5840279901818455,0.7062206970607325
C,0.6252093303821632,0.6429412205637074
C,0.7052190403792852,0.7295843272116879
C,0.632536720907365,0.34210848596363463
C,0.4135786128112341,0.5108431219505924
C,0.42943119658793166,0.38922292242503465
C,0.3862059367436261,0.15191108930967226
C,0.5402942531811583,0.652081332756167
C,0.6362982605759823,0.5478198953380661
C,0.3718734409168711,0.32584682584599295
C,0.3660136633802012,0.25312055069405975
C,1.2266137228907898,1.3084788391125175
C,0.9494844294040514,0.6826040753368673
C,0.6427162566685276,0.61161907085565
C,0.6211811465744107,0.6803417764204227
C,0.38882605702521844,0.6831022535834992
C,0.5018853047056152,1.0543632845008912
C,0.3233886795529757,0.2253761314373931
C,0.8155578865115304,0.2398797814451845
C,0.33064419453092736,0.5848774219755811
C,0.6242310939510254,0.4132566621021301
C,0.24876129174370282,0.5317466659298347
C,0.38775467515047285,0.6121521205359394
C,0.5176345330801377,0.37793312954602054
C,0.6418893875717656,0.4227638261014674
C,0.7890558407989636,0.5212063191820614
C,1.2733061756183996,2.2593361310636086
C,0.6717773450926982,1.183701858895851
C,0.590562643455889,0.795501433223672
C,0.561250124680357,1.3350543722050425
C,0.38819918865129743,0.6046916485207063
C,0.2887992914917572,0.29970482807581866
C,0.5219024511890271,0.29099653434890893
C,0.6557495125672264,0.7427599511683894
C,0.45646058662035777,0.459862619748937
C,0.576898867445329,0.4446415162143901
C,0.46813572253146885,0.40296074190168235
C,0.39898653807605095,0.5489136847572127
C,0.5650085747310448,0.4846081555309389
C,0.2803262290563377,0.1794364325539231
C,1.1353063223193105,0.807707413608253
C,0.7182253566231537,0.3622755972406403
C,0.6931235217437003,0.7088554121862721
C,0.9227474336804431,1.5474625095195509
C,1.261022248986792,1.4609782828493088
C,0.29891721642100594,0.34938184722796983
C,0.6668350425707665,0.5775445428128697
C,0.37049870800152784,0.485820476510856
C,1.1303165923917369,0.7425402390099504
C,0.679238779003824,0.36247477960806207
C,0.8165165392598064,0.10302451520771247
C,0.7024903649410403,1.5915475288298435
C,0.40988402772663546,0.5140960575319303
C,0.27778794907238824,0.7243663364721986
C,0.5265562674685391,0.15893185058717824
C,1.0758312823490048,0.835197086007111
C,1.9524078536352145,1.227690520623565
C,0.4297510211774929,1.1484368057271164
C,0.8839449366238088,0.9487421875716555
C,0.6111238169361422,1.1978688687253516
C,0.608220268124236,0.6033673713465131
C,0.5793378501031936,0.3431994073034708
C,0.21854478666926402,0.6663776999132998
C,1.0149228690334147,1.7609958998660329
C,0.25247186386889625,0.4592779482866212
C,0.6153464818878545,0.8266216300494357
C,1.1944913586993515,1.3372215694610545
C,0.7098620235054024,0.39860749131692313
C,0.6071345055687667,0.6516045627600511
C,0.4672633824387354,0.47249324986063734
C,0.4475293712222912,1.1029912139791587
C,0.5262373092767774,0.3323899486036617
C,1.5921526589442585,1.2647804010413926
C,0.35780556628824395,1.147412707474912
C,0.8201159927680367,0.7315045926388026
C,0.42375609649261553,0.1496587504043495
C,0.9481727780256821,0.9616749029462891
C,0.7952587221907546,1.4389057330075288
C,0.2880294822699425,0.9610782938830204
C,0.7058144904948386,0.7901667722577419
C,0.7033625291773844,0.28296531872234587
C,0.5016687167168021,0.28450572498147336
C,0.7969870938306702,1.0448866700138744
C,0.49247866472064256,1.2330091723495284
C,0.9419339772610488,0.7057051608222298
C,0.6590507259980667,0.952575817929705
C,0.23026994986444663,0.48705586343070373
C,0.8201595483409414,0.8059772111249645
C,0.5122699294813818,0.7980491279113741
C,0.5339059855618767,0.4970338328129309
C,0.788125909483495,0.6268260422764068
C,1.7882982704977881,2.3783065547122444
C,0.32324272063152876,0.4421589916258288
C,0.5827545279859507,0.7607592524373259
C,0.5284298628165576,0.9987216426140586
C,0.6032578840016317,0.39302420679228056
C,0.24519061189353616,0.6497617238529676
C,0.9073818974684434,0.8158681216652438
C,1.1307350193230508,1.1191817772798611
C,1.5741890206722018,0.8683554645486717
C,0.5603818110234338,0.6837826706263556
C,0.9403844119650667,1.0936279170561187
C,0.7143797734434354,0.655492514291674
C,1.004525389976483,1.3956896466077429
C,0.9236946730552513,0.8242002780879953
C,0.6736962180638076,0.11730045676689291
C,0.5420342399284354,0.46424993647407453
C,0.6876415433499676,0.4573024710876606
C,0.6450410415491281,0.5183220702912632
C,0.5536406932585186,0.8608240124349488
C,0.5830324995789444,0.24063248018113872
C,0.6944909858283828,0.8008383911091206
C,0.5037290824433622,0.8653393617998612
C,0.7711972598076532,0.6986717910614769
C,0.5508411046336257,0.4718104860741167
C,0.754249330244187,1.1651794046310198
C,0.7278079188543595,0.5915801443988032
C,0.2869163054791722,0.2631582759860166
C,0.971103743107813,1.1103825376671628
C,0.8268668874151712,1.295052906114898
C,0.5704965887713768,0.7579206329324993
C,0.44277205093997923,1.0584873987193406
C,0.7234613583226045,0.2221585866398818
C,0.36616753603708957,0.4044493165554599
C,0.6236401528861446,0.7252728012708465
C,0.7030113891560525,1.2295468219852546
C,0.44925257400308677,0.3072717745658126
C,0.7923696437096167,0.6166962018025127
C,0.4278765269472391,0.8242845074591295
C,0.9659823301675062,0.6824408051463604
C,0.863247739396667,0.7738583533896518
C,0.5402237623842875,0.21767656474780803
C,0.6374594538446436,0.3606107802310767
C,0.3366700331955425,0.4463902943147928
C,0.6069809031772349,1.0163781341881357
C,0.6939288523850843,0.2543834225894427
C,0.8985979980178866,0.881942882251455
C,0.846853747667661,1.4891014173158408
C,0.19436299169584093,0.3786847386197868
C,0.450621812642485,0.6660537770480732
C,0.9408199675359652,0.5065127255853745
C,0.4498041287486362,0.5078997760711853
C,0.7270158247015884,0.5770445727080387
C,1.7746265822136622,1.2944128824545056
C,0.731284613535766,0.7218475206414523
C,0.6634513673305551,0.6754249498930694
C,0.31795686005126106,0.6174431220968465
C,0.5824586760528732,0.5823670189985864
C,0.1607730324123452,0.6410270891681193
C,0.6327067730514803,0.41250947257695053
C,0.7285378482782668,0.207200680198708
C,0.7242161850367116,0.4564418602376715
C,0.7875864509032123,0.8333334449574316
C,0.8443699995799228,0.556178079976307
C,0.8755751509338189,1.198158345733925
C,0.4302352213417052,0.6088258273983846
C,0.7544804916142888,1.1169976057263309
C,0.652765030430597,0.6303805904244953
C,0.38298701519497635,0.445793783721157
C,0.9801251567065492,0.6143183721852392
C,0.791224701539865,2.028311256163938
C,0.6015599170288249,1.1617494511246726
C,0.4903064293270642,0.33676594262710513
C,1.6067279878196732,1.5964523170505993
C,0.6850414787386999,1.1881637675980412
C,0.4507090715157687,0.4317672235694485
C,0.5344255096258577,0.27455070379766505
C,0.5885115396314851,0.9093283708605506
C,0.59965219762282,0.7486433213351475
C,0.5202331629547875,0.45489097253592253
C,2.154538552140589,2.0273738552437854
C,0.6656768141375776,1.0183768078618225
C,0.35058267865061277,0.16377052630465092
C,0.5076502185337842,0.6285080365695686
C,0.48011326284660766,0.5828736679088082
C,0.6547396285261379,0.27969626269977643
C,1.4396677889445186,1.632562384401896
C,0.9473175116741116,1.0283292331754212
C,0.3502083456041246,0.31465380556984957
C,0.42053081244125556,0.708524474235753
C,0.6857884025911126,1.0979568460920788
C,1.8605415124025602,3.126675563949347
C,1.2350577108199174,0.28163638644004185
C,0.842897993584123,1.6570894246392218
C,0.9879703028572738,0.30770677429829857
C,0.46382088218980677,0.29684437185936974
C,0.4922412385922183,0.9993336603892081
C,0.7352426187011967,1.6426354904731375
C,0.6046892266923031,0.7103503775229392
C,0.643851729163292,0.29315440790056424
C,0.33984596456143074,0.3973058503117334
C,0.6198719504018898,0.6373295439766701
C,1.0294720711960668,0.4948039000357479
C,0.48434547756736357,0.6135148597268782
C,1.0468679617925223,0.6005775040132004
C,1.0183909995276534,0.8159373892487888
C,0.6314354592395853,0.47135325718136684
C,0.878838781031575,0.4012598990876782
C,0.1029015946617912,0.23386372138822725
C,0.9189079566909149,1.085808000163702
C,0.9086822509067572,0.8741778162967138
C,0.46959415652272957,0.722969544178931
C,0.5931557442106692,0.7340550252183905
C,0.9435495960831812,1.2994805694918679
C,0.37998784350312664,0.49381904840288937
C,0.9117253249619393,0.7691534415112161
C,0.46220670938705777,0.32973190943755165
C,0.8215550417941079,1.2579614666296415
C,0.7579911790075801,0.5865257767254479
C,0.8877533553223088,0.48925312006941263
C,1.2128579443216159,0.48314025437952596
C,0.6899753950408312,1.1119460983006142
C,0.683141219923286,0.8044493828542526
C,0.568278230949975,0.6868999991037746
C,0.6053762133457479,0.5494682099720715
C,0.9247839334363998,0.4504777895474121
C,0.670621932463769,0.34155292389465775
C,0.9624476010278539,1.5440610392468572
C,1.52349181840356,1.7469022355262043
C,0.40222138376106026,0.2769762388254423
C,0.8085349874308712,1.239343572542743
C,0.8370620832275869,0.8942026733126672
C,0.53867624843169,1.0753955596187197
C,0.5533506716265605,0.7614889716154408
C,0.9543724603187119,0.8195241685811212
C,0.7311700268748366,0.6482292862123435
C,0.5852415783676279,0.4625504147880425
C,1.2174820172339178,1.1262116158397588
C,0.4139927898969721,0.5675593684110602
C,0.8041933811014116,0.4712451719175232
C,0.7160377597852509,1.393127062663658
C,2.5594636009605845,2.6512360169718607
C,0.755897607316891,0.9844804804385343
C,0.7152869275827058,0.7128888392663515
C,1.2451763389691566,0.7372521831227613
C,0.753164989102016,0.84791796157405
C,0.7143407554274328,2.2275122088562123
C,0.4841039756696791,0.38873072974692036
C,0.5003833421678824,0.4801511934574419
C,0.652560886584825,0.26330056479771863
C,0.5646270845804974,0.4185146835105074
C,0.40619907243144165,0.21742469768566575
C,0.3220026392547512,0.2759855489521387
C,0.9452420639670004,0.6860594030550435
C,0.4996748261692951,0.4346573401507542
C,0.44182810942885853,0.7507990644118852
C,1.0010292331393245,0.5820189893650152
C,1.0949478835828028,2.169211030909155
C,1.3839415730978946,1.2911451297423482
C,0.5643961544016983,1.3209161849811342
C,1.1507264346312054,0.8830701396480417
C,0.8199522922909848,1.7449672248606223
C,0.9274973610099803,1.1394410305498943
C,0.8971573177887396,0.830357598056262
C,1.9024489592144966,1.9660494000129287
C,0.5672700323342513,0.6715809369205075
C,0.4271270101268472,0.6184099873877699
C,0.48601432061602357,0.5443411556835525
C,0.5566733864822744,0.21695015826964545
C,0.7746929638537626,0.6574653335463078
C,1.1176404793609118,1.3815614872065545
C,0.7296018344456409,0.41781172132179767
C,0.8606045261044047,0.6740208028129877
C,0.39529505169886364,0.6598989478121763
C,1.5296285918356822,0.8044363349607606
C,0.7313632225414759,0.3713672093108862
C,0.7462665310208637,0.3952576146487446
C,0.7748838670789684,0.4423587581201075
C,0.8312379920171139,1.0218726763540738
C,1.1590307131265971,1.2360671713011648
C,1.2347735178174617,0.8298197089419094
C,0.5319911517861401,0.7119625074914961
C,0.4844045108655984,0.3188809321232946
C,0.5332592810382492,0.9274982199305737
C,0.6702408839509206,0.4287925007831237
C,0.7117669245820128,1.3607085476694372
C,0.819271738937732,0.4446645117801611
C,0.8793853590528495,0.16589444783589166
C,1.769721227809339,0.8375996190540829
C,0.7460466364878957,0.8290919284828075
C,0.2869123671703643,0.7924224798260867
C,0.85057621603488,1.1515462619722947
C,0.7005854996423875,0.42546853724079214
C,1.820534216374133,2.190212401579757
C,0.29822354446675187,0.31687155781587645
C,1.7217132551568113,1.9280451324209362
C,0.6511110228056567,0.21962809893797283
C,0.40527535786514335,1.1518329611014984
C,0.7124702418752875,0.3061144546840198
C,0.31251841486618653,1.2491733584883626
C,0.878050815067831,1.6136902219805522
C,1.008226665961495,1.6789232053842782
C,0.41617340013998166,0.39970653487784435
C,0.776005332487372,0.44449701456464635
C,0.5663107987132276,0.5367787231020243
C,0.9404315750356603,0.8497015636362527
C,0.8594755668383018,0.3424226229919245
C,0.37166544328670026,0.34851262420041224
C,0.3704759934701827,0.31319846670264206
C,0.4749838997911719,0.6587710640724734
C,0.7187185674251596,1.2740502621652579
C,0.5644004429073045,0.6355553158283118
C,0.6981257395337607,0.70589553574172
C,0.4631027031691034,1.2181537020730964
C,1.1052951151637052,0.6355755941454747
C,0.7684336777262125,0.6902314901477319
C,0.7648259434451716,0.8096323693641903
C,1.815002317781496,0.976703945516946
C,0.6917184880854128,0.8639419526174331
C,0.5304774417995165,0.7228331324453289
C,0.330973819277473,0.5601532985458151
C,0.5949906009182431,0.43972678141966653
C,0.6224374792851716,0.21210490811950297
C,0.3402428259591735,0.7938974020217815
C,0.7543850939422813,0.2891830043616034
C,0.7678020918018021,0.7337262291055167
C,0.8255561906850375,1.1415465927218438
C,0.8557596976675427,1.169450095335183
C,0.4273501472498684,0.6491468777059707
C,0.5489774893797059,0.314574708230328
C,0.4974293700151831,0.6638337707397967
C,0.4324115763364502,0.41718093042477716
C,0.3643681031192838,0.31586351282020714
C,0.6167801652848438,0.6619152312214112
C,0.8115458519540016,0.39237905445134535
C,0.9957689266422101,1.801728984721489
C,1.2769882924369262,1.779428919689369
C,0.7264013768377562,0.189481019296435
C,0.5031617373905407,0.4073252218634125
C,0.38060961521564934,0.1142376102749314
C,0.5351239050312366,0.6270535845649622
C,0.5335865848233651,0.5202362978863275
C,0.48683062198089827,0.6544581116722542
C,0.7058517169177174,0.30644760914775265
C,0.2203296151797141,0.4005256573420952
C,0.35408115373195725,0.44366471529204954
C,0.3253621102093309,0.41593276157628073
C,1.448586393498276,1.7559790811971392
C,0.572352177037624,0.9990626942211158
C,0.6902332017040201,0.6640263010758926
C,0.35513567678367874,0.6023314778892581
C,0.8217914950695134,0.21156552368135878
C,0.7018073429433249,0.6112839544061835
C,0.7125541265139967,1.4607598296172277
C,0.32927598439713457,0.24638997575396737
C,0.6825506464058813,0.7953562332618231
C,1.0018682309221525,0.988971519868434
C,1.1748946514576168,0.4926587985182299
C,0.6436725962464024,0.9956052592805944
C,0.5242451313885588,0.8082438382423557
C,0.47829072461438693,0.46924442399120675
C,0.37174168993126894,0.1096166799956589
C,0.3086709023222677,0.6210745597998032
C,0.30749116622248995,0.4061603489135448
C,0.8664890231781153,0.9599456500876076
C,0.5106962611720761,0.7414985827182038
C,0.504012584223485,0.4566257478340934
C,0.502217209511151,0.5575775859498455
C,0.510033741752034,0.4346680736772209
C,1.1250561762812623,1.3149073578892432
C,0.3394614726642122,0.3251735456422699
C,0.6488853973090701,0.21859688251797652
C,0.6944580365961135,0.7531383141845518
C,0.5749162312414929,1.2239980593177997
C,0.38443745750878217,0.45439989442498924
C,0.38098277978972284,0.8814257942742915
C,0.5370701943654488,0.9928861621924471
C,0.5138621037730653,0.5879659128868777
C,0.7331156272863564,1.2080076716536337
C,0.60929096764597,0.2807416222154077
C,0.7234772148413617,0.4041014568531482
C,0.5064837222463315,0.43700644187425935
C,1.081728946044905,0.6810476469672321
C,0.4300482988428099,0.26318763681798707
C,0.9286326189899791,1.2103405846486792
C,0.3178995816309735,0.5038624482842906
C,0.8910645765310966,0.8698826981333126
C,0.27124664782669994,0.4803448308754184
C,0.28744478274408397,0.4624908284941447
C,0.8587362085831911,0.33440293986926073
C,0.3746897057874897,0.8154335208638958
C,0.42437127293558974,1.0063159093045593
C,0.7425064996256963,0.21977724636729368
C,0.9491278198935286,0.5734164720084229
C,0.2232009585432922,0.658756309017898
C,0.8243092150933493,0.6110324592707732
C,0.39510215249704655,0.5886044179665729
C,0.3894912584772952,0.22289803970716662
C,0.42901142644278206,0.6586655423347558
C,0.5672110113352179,2.2146458610979822
C,0.5659330961255902,0.739708583320565
C,0.6286842115859502,0.4194729046801869
C,0.5161333094607268,0.42387117901040783
C,0.34976318106246407,0.16902054380305723
C,1.906601156737893,2.5753980165234056
C,0.46418071996679905,0.27039028642468876
C,0.4310803451382611,0.7480993501602292
C,0.5349313423598319,0.5383377607157463
C,2.1837804845695556,1.9461502614152384
C,0.3406156707659904,0.309494828148535
C,0.6374822038497397,0.7963347011789528
C,0.6445698670422783,0.9437367403620329
C,0.6636839355305649,0.8744877538956876
C,0.704700091015155,0.8556808971570029
C,0.7530561636114635,0.7846490792071205
C,0.6825981230009931,0.36789829084228814
C,0.7852043256736687,0.6592888610393799
C,0.7606300057732063,0.6294786110745826
C,0.6649843621466875,1.1154632802088855
C,0.7528097026993094,0.8478999064174607
C,1.0435915551613018,0.6884597670456394
C,0.7641724107126878,1.1733954547431191
C,0.8014197740789918,1.7745311937389678
C,0.6713282094761988,0.4627728481109086
C,0.6909538517791323,0.6242952463976909
C,0.3709126332504109,0.5220661527806415
C,0.6356193277740578,0.30027562640724886
C,0.8299405412206731,1.3856245670739546
C,0.46344577910250845,0.4088912771126081
C,0.6115687122012333,0.42408915391543467
C,0.5718389026211066,1.0819301789235052
C,0.3469711407676674,0.8129843102720156
C,0.9393852105570983,0.6090313807777126
C,0.5440642319034386,0.5758326482172709
C,0.836724951712764,1.019454862140964
C,0.8841759207396196,0.7335657239123143
C,0.7121782876314962,0.4477676581305145
C,0.502416534296483,0.5230721922111857
C,0.6640681418003093,0.6802380053230764
C,0.41744200921978597,0.34066574900032726
C,0.8992046236425987,0.8469433199439527
C,0.7115286334819951,0.3749137582660383
C,0.7256879922978872,1.3416044779520562
C,0.758734168841371,0.7749666667582822
C,0.6972002000601076,0.6952627512174508
C,0.381245666956936,0.20233830245440595
C,0.5834725027464945,0.44042699783905714
C,0.42406039066680956,0.5142301938579729
C,1.3145005909858454,0.6937013720688215
C,0.6785894845803109,0.42605336804508753
C,0.44794910538711535,0.8665750235990816
C,0.5533918377648939,0.48874659544842874
C,0.6731798598593767,0.6288382847473143
C,0.6159013056897932,0.43053217721724907
C,1.0215619441834993,0.5526516606159068
C,0.4411845178100591,0.1289378271825882
C,0.5135448754502702,0.7774095765789595
C,1.1334770881841083,0.7481019572472623
C,0.7592757057242132,0.5656318422511848
C,0.5928553600791784,0.32515573313250845
C,0.5614702757367139,0.5313891814777305
C,0.5120655726416974,0.5170091671336923
C,1.0361332694277061,1.0446975024868126
C,0.6253784523002233,0.8807395227246789
C,0.2738235357039211,0.7481337704101418
C,0.5386068547684965,0.4001703599387487
C,0.6338918127398225,1.0443157240907655
C,0.3235605434020034,0.6037379618146309
C,1.0009134653514598,1.4488027363991351
C,0.4631470807046701,0.7021407749459135
C,0.6208552080349845,0.6441007581531865
C,0.8045102024359514,0.5285059571990798
C,0.5851272891400733,0.6862976079681183
C,0.5495838241574117,1.0853710117754203
C,0.8961083538896589,0.3381331124327723
C,0.9610638409686159,0.5724065112211775
C,0.356806709498747,0.653394928570352
C,0.4267684792922967,0.1491871854197674
C,0.3478838355359411,0.7320147096336812
C,0.6490636192991682,0.26684208254570074
C,0.6036767379414397,0.3162570592612831
C,0.7445278198530265,0.5554510948818053
C,0.5246139388356471,0.5714642965457035
C,0.5902770114151428,0.6501430960899788
C,0.6568267887771497,1.0349991320076668
C,0.7277176879774241,1.0665785466702937
C,0.3905659188747843,1.0345450013052369
C,0.6010770994072899,0.4868629314685749
C,0.9246947127437216,0.7591921036810739
C,0.7003052468221823,0.9880116686024533
C,0.7342500184928664,1.256564709490517
C,0.5533856665794299,0.769750973006859
C,0.5436349987893135,0.5684138342184902
C,0.5758097136450505,1.145767422469716
C,0.42038434875395414,0.3917895105776202
C,0.8513260792595247,0.9805171702126959
C,1.0504405429732881,0.4963350092139788
C,0.5506598493463148,0.3147395256688109
C,0.4188265222657455,1.0942901371662992
C,0.5306941785535657,0.9494821300431585
C,1.7984100898491167,3.3183097998703617
C,0.41730356123365386,0.8306070728235754
C,0.719143804928179,0.6838267057716482
C,0.7211697646895926,0.38012607816245875
C,0.5647504023195181,0.6761545081573308
C,1.1438139680575607,1.3259925703007804
C,0.507464085008088,0.35738623614272175
C,0.6345124472021554,0.5069908215304394
C,0.505153847211538,0.2365137947386758
C,0.6464149862856134,0.4511736282235547
C,0.2365834469914238,0.577447983052499
C,1.1353578964537065,1.233618804287634
C,0.49407442509644606,1.738342482154997
C,0.713288510360594,0.8540886376144694
C,0.48799297072555264,0.5791298616975266
C,0.681411044692046,0.7628179204998283
C,0.8675231132228527,0.4597181827979076
C,0.8569062553715773,0.5135224545223679
C,0.31390498786930116,0.42041781119175303
C,0.42751672316466793,0.06903779721732288
C,0.5933496041305306,0.7287292388775545
C,0.4958620003020856,0.5333438220198862
C,0.8552198549352649,1.0835459006686299
C,0.8595372082040051,0.8779707432525337
C,0.5806548427280691,0.18246249859482294
C,0.553778909653751,0.41950537506224544
C,1.3687282558062603,1.6697015356524363
C,0.7353240813486129,0.3748013621546571
C,0.8075761747089204,0.4722119265426121
C,0.9881067767943175,1.1701858073639555
C,1.1423871801284577,0.9126521807469983
C,0.5385786812591814,0.6670108753981521
C,0.4409221825123759,1.3199267727733544
C,0.7706527501209172,0.7371768328975186
C,0.650845654047857,0.7099980695101442
C,0.7122174511847958,0.36444381131736425
C,0.49944763062011194,0.7901921167375416
C,1.0647675857053083,0.9472995289038595
C,0.5923344951902036,0.6523201188509336
C,0.5189375818205813,1.1960522190070317
C,0.6574662966638609,0.8100634421579317
C,0.6369651730070601,0.5881193882860056
C,0.9445222126136861,0.8859307942074167
C,0.6002731972044657,0.6533090828162411
C,0.35923291403187296,0.29849792617410226
C,0.9529961721666548,0.4068316134761481
C,0.6613358843041585,0.21738292598991749
C,0.3265278714511634,0.4792886580308257
C,0.6058655910144647,1.0330521602423315
C,0.2638229673547923,0.636358872186038
C,0.6786637725151632,0.8610848132325171
C,0.42290875477260054,0.5554589683224738
C,0.2659208092499899,0.36392423884126607
C,0.4189458557374143,1.314977881148142
C,0.38134201502010007,0.4252242493039896
C,0.4171599038734835,0.9572029434142164
C,0.4922560621605739,0.826147553001851
C,0.39913812556044515,0.3016090377776827
C,0.2796976402403519,0.40499265202265894
C,0.8509232431551114,1.0048134639205015
C,0.7335283510555802,0.5948541792453391
C,0.9208232991043531,1.3882338124484441
C,0.43034252692251246,0.7689738215718321
C,0.6501634596235472,0.3229572075945247
C,1.0621724736716562,0.977535336356441
C,0.44356234569624253,0.7575045026882453
C,0.42491419640405464,0.8127402290478929
C,0.3518992749800124,0.25588490564163274
C,0.4717328679992576,0.4133964911019245
C,1.5566038589862001,1.7249538014465136
C,1.1395297615815252,0.8238517581149114
C,1.4026197796497077,1.015464513675398
C,0.7687727940935433,1.282253575060968
C,0.3901885756951693,0.4461999028323623
C,0.7899263357863295,0.8221869757459711
C,0.4674946507130593,0.3477004515021768
C,0.5190383414180182,0.395653013495929
C,0.5967742333068905,0.7420916567164773
C,1.209018951243332,1.061346911586968
C,0.6701033782739402,0.6169996474171151
C,0.2795660969466261,1.0030009786562057
C,0.7319092418330296,0.7416904207120405
C,0.877689266615921,0.9151018261470719
C,0.945901303944737,0.48187922356087043
C,0.5141261588023269,0.8519465106592563
C,0.7649162182135781,1.8624202124956135
C,0.3806866374294718,0.6001198167229514
C,0.8946511140119922,0.4467299606796414
C,0.5319731146837892,0.6020174938264669
C,1.3470867235242288,0.8532975071774623
C,0.43245828313052037,0.31466270330906626
C,0.6701624060838693,0.43961611072450374
C,0.6696165934150592,0.19648642490580423
C,0.4120901703918544,0.3688461092830403
C,0.552565700520659,0.30953834956080295
C,0.6089630827477974,0.7996236868335573
C,1.263685568824369,1.7584262624668991
C,0.8755515161876509,1.0392763434424503
C,0.8871282013054906,0.6588162704727873
C,0.8245214778123823,0.5870677021631637
C,0.5576518758417655,0.2661246306147251
C,0.32642641533314437,0.39612136815781696
C,0.6136843314860184,0.37038015015100134
C,1.0003910229404327,0.41621661449598707
C,1.012588276635299,1.4013695451096901
C,1.1538934457175312,1.2943479191866787
C,0.36162379252887344,0.7494895174385132
C,1.2517610030423156,0.9599118908354621
C,0.586278355358715,1.1200334384166373
C,0.8218279221596575,1.232374010705865
C,0.45288164152100985,1.0603720391742106
C,0.7345882223169853,0.6664415556153708
C,0.6858511027028467,1.0916896353449177
C,1.1580510543246687,0.8707395094956037
C,0.6613676023903272,0.3967570096298298
C,1.1060985356861153,1.3866972209397566
C,0.5139259444703362,1.2393396902234028
C,0.5433444534007688,1.4567721391045914
C,0.42327211872887166,0.574280566356225
C,0.5306860331861621,0.38225205584359445
C,0.5022952119987087,0.5249515634604257
C,0.41246979959075647,0.530609067798834
C,1.2040556450300663,1.1993450013005156
C,0.7850316264649009,0.9583811718757309
C,0.6533878570018209,0.6626892507802035
C,0.6109338039851797,0.3141930977347895
C,0.469273670564266,0.21549331236242508
C,0.7242579922649041,0.5875371965277929
C,0.9055469583664376,1.0324374031133599
C,0.6950988152116141,0.8918884311611315
C,1.7492748432404694,2.582532214315404
C,0.5209537085782575,0.6799044375200547
C,1.2240280439666602,1.7911638993617847
C,0.8925796628065114,0.4434777321346278
C,0.8000817103929279,0.2979081593927213
C,0.6024792511721994,1.7956987893676155
C,1.1285495230463358,1.0152125851803364
C,1.3157019944462625,0.6613064968284256
C,0.42550986752560993,0.6039117576008217
C,0.35323503120361777,0.35137174490771705
C,0.5768751540852525,0.8355549097899054
C,0.5621565918364446,0.499471409296797
C,0.45337972627471196,0.2903997939494011
C,0.5271766606883248,1.2722738321502647
C,0.5568385812770353,0.5410162675199836
C,0.3155726118333415,0.5773928178538089
C,0.7216372971661965,0.6422278681701019
C,0.23406623816316544,0.11501766878477404
C,1.0447902413284598,0.8554430343778077
C,0.5483234840218845,0.30793248862026673
C,0.5186601972896457,0.5968270007361184
C,0.6418722496892618,0.799596116268465
C,0.6541059758338627,0.5831240449361651
C,0.995250090383673,0.7822632228284603
C,0.4795969301398197,0.3698134819081741
C,0.7454465575123249,0.9950840717067124
C,0.522899093356591,0.4343229779969507
C,0.6614856473767875,0.4018044679524923
C,0.5323826200815965,0.5116578994754345
C,0.750752557653283,1.038065362477467
C,0.705106143949387,0.22510023486162334
C,0.6649393760196779,0.7255390514722421
C,0.4738438350504476,0.6807518934930407
C,0.49449182556309557,0.3472503060991789
C,0.43830829385018616,0.5862133139207708
C,0.5067810360741826,0.35780168619009295
C,0.5926168937247632,1.2593025665218982
C,0.7240841158795297,1.0054772282293083
C,0.7282714824405571,0.36841335779018425
C,0.7902060350231664,0.12373228996435806
C,0.6329718679843581,0.9997387489812413
C,0.43758618427940627,0.44875193922703716
C,0.5347113600786628,0.6104270676420375
C,0.6345860490206123,0.9375728302861402
C,0.8829410710467973,1.4081643191557731
C,0.5627459024133694,0.47612363552857184
C,0.5504663404917658,0.26616336152965137
C,0.7828664048617665,0.5270368663827095
C,0.665529640480575,0.6413053059777433
C,0.48080590621917063,0.5287126500166907
C,0.857093187823564,1.1441125672715204
C,0.6168310676604732,0.17511842065514377
C,0.5369112657081281,0.4588879678109346
C,0.7767295066552952,0.4937561259406234
C,0.6511796986003878,0.3761220835094536
C,0.7873518755632696,0.8797988782383855
C,0.7419404593506449,0.5137958169403261
C,0.4090545462620806,1.759366603724331
C,0.7814281325471688,0.9994730411718097
C,0.5947249151950117,0.20872747795444174
C,0.5010236126226182,0.6727184434960876
C,0.3333118021114872,0.42095060615660757
C,0.9895088767362689,0.9834786944832679
C,0.839338297886678,0.5399313904139222
C,0.49867363165450795,0.8027926112704331
C,0.5604422237227834,0.2160037396525874
C,0.7806170752066806,0.4090314809931675
C,0.9005631262148903,0.5612782370240514
C,0.6404277252583264,0.16698251288074545
C,0.9329247503757716,0.41125518092820007
C,0.4453642113724996,0.8194593411468203
C,0.5206711289590544,0.4929502177454821
C,0.3951685707013349,0.8522938838182218
C,0.6147833798111195,0.7806565201346457
C,0.34311825846775273,0.6904322712280937
C,0.33579496602164205,0.6672920416821434
C,0.7656977282803508,1.0663590973773955
C,0.532930857153564,0.40958366928459605
C,0.3964861686987597,0.2878850154096277
C,0.4788923949581459,0.5885940559871438
C,0.5394299299683788,0.13090697869948914
C,0.385530768007997,0.16348589656035464
C,0.15195380108975853,0.1762620510936251
C,0.5641835827924764,0.3697243886792623
C,0.4703543493965714,0.3589015929839814
C,1.2231333102231419,1.58122577958151
C,0.5341434202741326,0.4972035648366286
C,0.5398656110619903,0.6720439403492512
C,0.7472610774365857,0.3029028063329078
C,0.687125922446428,0.7195016754518356
C,0.33874355966235353,0.40650614613859315
C,0.49635279562810025,0.4250426777999082
C,0.8835109318427242,1.8320693540328759
C,0.5051351186504464,0.9827255034958868
C,1.3558576861456428,1.607883857343289
C,0.37370162805857354,0.4050304173305468
C,0.8371697517425324,0.8719209328206021
C,0.9856703180249792,0.934651097474186
C,0.3920659807992291,0.6014840178362174
C,0.5355469344914482,0.39373195278916423
C,0.6591366558529145,0.09158673205617766
C,1.0446143963044896,0.30558002369227105
C,0.902869488743823,0.5276400904115165
C,0.9192632562046991,0.669449377844696
C,0.6075708247117982,0.8642436584129729
C,0.4146562637003813,0.36852109968673585
C,0.7521342114124582,0.9423518447293645
C,0.843012371925158,0.4899147919904279
C,0.5088798836303811,0.5280237988272003
C,1.04717869512538,0.7865955705823351
C,1.0403346773251387,0.6122242136378272
C,1.8332669825742096,1.3988752908772342
C,0.9753592073390668,0.47013966953568165
C,0.4558146911690072,0.5422595133789442
C,0.6484568279431325,0.9823813145519797
C,0.23225158774947238,0.38032782773971485
C,0.28915655662593154,0.291243287769496
C,0.5012450713275056,0.6205626057226034
C,0.8269236797055863,0.6534173065290692
C,0.572858705968261,0.5886866148680171
C,0.6881091927907532,0.3013803190388617
C,0.45483694068337344,0.5816156881838652
C,0.4800500986555843,0.6132828236699921
C,1.5521844443631336,2.1585712031408173
C,0.46484750021191695,0.4934867262895848
C,0.8504267896762617,0.6507747593370627
C,0.5463209407098756,0.8311848570288046
C,0.6204514155524112,0.5934489946924393
C,1.3737480817869545,1.2953699960736516
C,0.73861428968547,0.10685441897558359
C,0.9049241995889464,0.8100783349446692
C,0.6884736477775378,0.742632383707923
C,0.92018024582609,1.30029593000427
C,0.23179158624266918,0.21148088154931663
C,0.5114009153527099,0.304075311331837
C,0.4329840425075245,0.12859693400113806
C,0.3757489240449827,0.7615681223022893
C,1.0424293987529585,0.6364497585279407
C,0.6750147879690495,0.34959438728385284
C,0.9901026488074435,1.3032479723897972
C,0.6780315767177563,0.7758568390479896
C,0.37834212569375447,0.30754599387871234
C,0.612923333916391,0.7963776076096211
C,0.7250984892291948,1.2445308952054093
C,0.6192880623170074,0.892794315804483
C,0.834660921089004,1.6230222935129544
C,0.6900969846856294,1.166679634933533
C,0.9924421957372296,0.6424499570810166
C,0.699265677677479,0.5828848456161398
C,0.8829047579926566,1.5380731378363077
C,0.566716099119492,0.7846077005724661
C,0.7768235699782116,1.3877997330999114
C,0.5068177798485958,1.6749065329397241
C,0.30960241084159185,0.23455850814655463
C,0.46919733641161077,0.1947182852347279
C,0.5009541196488849,0.5877246229098196
C,0.42129489527260744,0.3179597914581656
C,0.5706758247068843,1.0718698397636623
C,0.4757456247064072,0.31260190712600205
C,0.5225279674388362,1.3306891748582876
C,0.6028346374331509,0.6922858222714046
C,0.5074819359853749,0.7625326562618199
C,1.0558743956460772,0.6056885962221479
C,0.9265345326102142,1.4130718717217
C,0.3918911292367439,0.2519591950346664
C,0.8735428735378373,1.4125851392668751
C,0.4216959281061416,1.117229475501538
C,0.4650610265652696,0.6963159986147601
C,0.6929512131389064,0.4881993609411979
C,0.5388692367308906,0.20109204066340808
C,0.46141674323973797,0.32291918180355655
C,0.6284507483890217,1.227146292242834
C,0.39544336211923914,0.501845378319984
C,0.40305747662282787,0.42506183298716743
C,0.7651592169325403,1.0729184562206688
C,1.1833720450477427,0.798664344379411
C,0.8956406075646893,1.10779455634307
C,0.4344006328615183,0.788825759881958
C,0.9228967196432076,1.0044222591314993
C,0.610734918126487,0.5633407875712889
C,0.8775176988316328,0.46237921563987644
C,0.27448623019536944,0.33156359160646853
C,0.5270223488973724,0.7068745796397995
C,0.5803248336979269,1.321266316796079
C,0.4479294995907826,0.839701441568873
C,0.767660717752619,1.2367907985505595
C,0.6596121846149788,0.8487474377313872
C,0.497610938478175,0.3473850754813996
C,0.5693959734590557,0.5982159956796954
C,0.6547562794635974,0.4430698341288229
C,0.9880500315485565,1.1426473823893157
C,0.5197719711082718,0.333263590923693
C,1.1323618313749555,0.7754473042818486
C,1.001685875634132,0.3939290378384975
C,2.328291730215384,1.7099516566089203
C,0.62012394133719,0.7684612555362045
C,0.7027456483529966,0.25892857554012105
C,1.9117289237895583,2.0998442510266186
C,0.6136765362410087,0.8307048590234306
C,0.46189775725010807,0.47262062612009487
C,0.4701999242621073,0.20691242097720589
C,0.6262558471201002,0.6655094343693181
C,0.3769465042500731,0.8842499197734565
C,1.195674156288273,0.31368886653458966
C,0.5283152714795526,0.47124803751388944
C,0.9657349248219288,0.6773443820992626
C,1.0889417728283257,0.7354660527404572
C,0.7292754887424108,0.36071872507760366
C,0.706329144708221,0.7105333786786869
C,1.0914180399453506,1.1852517930401152
C,0.7935088297866095,0.7759194270214709
C,0.4410730261626424,0.27610405293369955
C,0.7525383359745073,1.2148464209876033
C,0.6948968807954381,0.5208635987685022
C,0.552400982523128,0.41881727387796425
C,0.48497160541692497,0.28280395054044477
C,0.53257675582674,0.5960641003689592
C,0.3316071418524975,0.5810355731299853
C,0.7127029028884699,0.32408040646783576
C,0.4843256364490541,0.6596708228285897
C,1.8797089166676135,1.4035930952894689
C,0.481135222674869,0.2970384758213497
C,0.6974702812198068,0.5789098584702447
C,0.2993718641421434,0.24438179599916945
C,0.6465640812931046,0.8656933282029109
C,0.663806548821186,0.4143777848205275
C,1.064782633361567,1.1466376240614589
C,0.5834462641100566,0.8692541216136457
C,0.46488606341921873,0.4418335300856385
C,0.36816078084886256,0.45525122242047017
C,0.3495788622123437,0.29309492238336615
C,0.5373084528598961,0.43210008444131875
C,1.098665528559902,0.9406347661195056
C,0.3294224202564175,0.23875474604123512
C,0.7440708782748315,0.2865181528885194
C,0.46728695510840523,0.5787516629040279
C,1.8951505519018925,2.262025378338006
C,0.6560906232748608,1.347943172088769
C,1.3750320479053917,1.4329020596494002
C,0.6446485950792811,0.215004964550133
C,0.5498119614440788,1.3745918427071924
C,1.5697363142161227,2.7730817918274235
C,0.894917791054412,1.120311489189232
C,0.7551238773333033,0.44976926358139496
C,0.6728580645775698,0.12482567645973881
C,0.8015560940407289,0.8419353254620782
C,0.7224102607290521,0.7605283345282027
C,0.8484647203655699,0.35660819781975933
C,0.9261965612030021,0.5174303438650639
C,0.5722684447205767,0.5112165313606143
C,0.39383157482764064,0.45212946018202205
C,0.5744502660541522,1.1370283403972525
C,0.7016253106757825,0.8090521786051942
C,1.060696023553842,0.6263592286556355
C,0.4847456858032007,1.033967266331469
C,0.25967999200823455,0.3271161278264435
C,0.7043240766008735,1.1019162141848746
C,0.7630591052016109,1.0484861437010993
C,0.7633880827892021,0.11930970228213722
C,0.4114980647772264,0.7192048719495577
C,0.7014813968201359,0.5041971584576274
C,0.874473265753782,0.6478767896227192
C,1.7265445385451699,3.012155836845763
C,0.7480994563118243,0.5605296037642751
C,0.5694731130237632,0.508776502757476
C,1.5882967611373648,1.6427765571910091
C,0.8498123099852555,0.8937568034754284
C,0.7513218467884888,1.4839844391521462
C,0.38632278489791705,0.4225436349033683
C,0.4451684105436108,0.4079540454343775
C,1.0619053743466924,0.17703152336962258
C,0.9398525892109914,0.46085884453644377
C,0.9941832487449228,0.6315720008820561
C,1.1049997475479199,1.1145637185671193
C,0.3372250739412006,0.5412013703083711
C,0.6546138144319926,0.40359484476824187
C,0.48304948368447026,0.3208248390656062
C,0.6012562817225537,0.2829185209343679
C,0.8408103962467862,0.7817900891033324
C,1.129744937441703,0.5170964654775508
C,1.3753026810696025,1.5755536474941896
C,0.6754336742908463,0.6299048983722987
C,0.5383682881687112,1.0035635160243643
C,1.4377527937314911,0.7119280997050209
C,0.6257385979904507,0.12247097674378198
C,0.5694183297708986,1.2135110355161278
C,0.5769084997201102,0.8128451901236519
C,0.5069464546169284,0.7661097190749785
C,1.2109453545203044,0.5631698899873656
C,0.5464145624123166,0.5272508357191955
C,0.800484501817616,1.5128821780425277
C,0.8689602589807953,0.22905705410201593
C,0.9620564274212345,0.4776683046124042
C,0.4586313677878103,0.1609157977505083
C,0.9191728762863335,0.7938996324850369
C,1.0635512414951767,0.9181550104098178
C,1.2582050534246139,0.7959025312360398
C,0.9715799609037655,0.8730707289413637
C,1.122277013579133,1.3425637755900608
C,0.9836030286184317,0.7347641644587862
C,0.9724338249256826,0.6024276938707831
C,1.0293073117653693,1.422385719800233
C,1.0198035607556313,0.4924987355205699
C,0.6774635160727173,0.6181735701113584
C,0.703818910134515,0.3696872997812513
C,0.5468652529809243,0.44362153770550783
C,0.6197418400580762,0.9405622272253485
C,0.38939866511838933,0.8163363084709496
C,0.9506761471753873,0.7846847878478546
C,0.823911224038071,0.9723063225497834
C,0.632303439106568,0.3038095537928766
C,0.9576936524365546,2.2202006753493038
C,0.512541887272249,1.2960987413769651
C,0.8968996847337212,1.894917336020081
C,0.6178853272174946,0.21908931479957272
C,0.8028960635838231,0.4569231714730267
C,0.9556443494341738,1.2808175592155406
C,0.7622627809196444,0.7590983517183438
C,0.33752512568845616,1.235773175045214
C,0.7443372744422591,0.9331532555776693
C,0.657270774060653,0.5605331136644921
C,0.39583286401297774,0.458531253581258
C,0.38607305221504834,0.32783179783174793
C,0.46853234246666237,0.5488875106054358
C,0.7699566198273148,0.7889758431600162
C,0.4617343705315485,0.6395099358485309
C,0.5602457911286409,0.21942594474636012
C,0.8729971792683003,0.5681554159928115
C,0.7974247000184922,1.1034695053855046
C,0.21574054284213517,0.5337827015158143
C,1.2776793134325086,0.9262783903860008
C,0.31141042761809423,0.13056685465891357
C,0.7504575916639824,0.8238831743231383
C,0.7048828225044487,1.0854720621641534
C,0.8121303995421274,0.6249317753270736
C,0.6742740242605753,0.6976803825252773
C,0.791948837044838,0.28382324712529255
C,1.1546413653171723,0.9473381759576749
C,0.6009152147894417,0.8243347099849594
C,0.4839452945197726,0.47551760767591955
C,0.46404098840460817,0.3575531061523515
C,0.596309017887085,0.5039335579201157
C,0.342612323078676,0.18739038354210122
C,0.6086111340683819,0.6296156736534092
C,1.109863906842402,0.3652533354464292
C,0.9526026384460771,0.9620395595991095
C,1.0177688973335663,0.1301104167210871
C,0.8965932212303666,0.38639463149011316
C,0.3772035726839494,0.33524193169321964
C,0.5803414285959986,0.4931871817260478
C,0.8621028754474301,0.3800857286695497
C,0.9377402423072975,0.9270185215918149
C,0.4703500338164702,1.5172769105333328
C,1.2183093621891559,1.0054200781033162
C,0.32933679768211793,0.6476455852574194
C,0.44399905414346214,0.6217986425949816
C,0.510889418056085,0.5625730137498348
C,0.4567099375018584,1.1531076060990013
C,0.4440404435073114,0.3466783152879079
C,0.9708172107231821,0.5412898298006696
C,0.6585723532260387,0.301254589728794
C,0.41974381966458785,0.5805332361312734
C,0.9187847998538313,0.41798182173204235
C,0.8892046412080371,0.4283022473142402
C,1.0348226749552913,0.9481534192299168
C,0.5898079383830238,0.8639366633423495
C,0.8684929954008024,1.5358030220100243
C,0.5732411155198904,0.22699411398591196
C,0.658417908215896,0.31423346206238023
C,0.6697150963903211,0.15335787329679007
C,0.9684551964760344,1.027567924488204
C,0.5061418443159793,0.97400114794709
C,0.798129697396337,0.3612688344754339
C,0.5557214083216296,0.06976264151382869
C,0.7804094099448344,1.1218704964375836
C,0.9138614089845543,0.5912695945437342
C,1.072110824609486,0.807635615776946
C,0.5245554850521792,0.3312970500411788
C,0.9277491180506825,0.6619697869690475
C,1.2363959560843696,0.9621579364791207
C,0.6650565300719447,0.8821523257425965
C,0.44680905509610785,0.3007257653284
C,0.3307145550319978,0.7139544510923642
C,0.363751407926946,0.2648306779953172
C,0.3083928843645211,0.26832107187806775
C,0.7917937715936159,0.7596480376332807
C,0.7496521962179632,0.625007974184941
C,0.6820332117265229,0.33851962122808127
C,0.797493196483215,0.5301160090079742
C,0.3673627545260573,0.571367529767063
C,0.6729217939936407,0.3673000345371555
C,0.7783404375084996,0.3310431738093394
C,0.4725643288432776,0.17374477114557937
C,0.5884743836836315,1.4565419748594262
C,0.79778005335227,0.800774879600689
C,0.6637473989157462,0.25822744792589186
C,0.8421988748886335,0.9365693730689635
C,0.8520718894005787,0.385546430945791
C,0.9546529202250548,1.1749287453126105
C,0.4334816676970605,0.33329747196264364
C,0.5426266829367008,0.6848869228498033
C,0.7640662825762048,1.058120281312543
C,0.352431497985551,0.8187775711267081
C,0.26422604742262773,0.19853211768891088
C,0.7240520970421267,0.7068496516150694
C,1.0810165746575753,0.9853082128274931
C,0.7967596669186637,1.074096512558669
C,0.6788003531547026,0.36972320725044133
C,0.8244855273634322,0.7290365983725626
C,0.8116993966090419,0.39434719692535647
C,0.6875559419263824,0.9147525736580258
C,0.7827975363064827,0.16323599274125836
C,0.8760837159509849,1.2296695657433967
C,0.6194504052006801,0.5132396291000515
C,1.0827865660926286,1.4282915786715031
C,0.6965694668350271,0.47723233808085563
C,0.6413089092131605,0.7472542238839915
C,0.6457144077009881,0.4468687174316697
C,0.7945143937045844,0.5040475803692313
C,0.6212661313419421,0.5664340143970622
C,0.9741779502563073,1.3009402719296688
C,0.29283848238782456,0.6946312316437393
C,0.2765829442837496,0.8529398970010327
C,0.961774980679022,0.6637557326134482
C,0.3884145252610265,0.525459965662138
C,0.2945439456452053,0.4254919613575854
C,0.9727679884096342,0.7354895967155283
C,0.6628839177485931,0.5576408945996268
C,0.40363578383631166,0.35252802944488143
C,0.889366490396555,0.755798167329388
C,1.6241874978988322,1.7464442182599906
C,0.8636439689916147,0.9528153280224774
C,0.7717604082742187,0.5232075705326367
C,1.147422264480994,1.463072463624133
C,0.5303573954471893,0.3848451689399105
C,0.9337950297736711,0.5303560977068341
C,0.39976278293643386,0.543185824378295
C,1.3072617974285374,1.1315511334223614
C,0.6754414801701006,0.6738356954390795
C,0.5585609305693073,0.07739171213240846
C,1.1614180642167775,2.121332329804453
C,0.6062040926629876,0.4903640677388719
C,0.522691843377905,0.4173883171889308
C,0.2726636146677981,0.7220610556645528
C,0.6056880959913993,0.4660301845889906
C,0.58111042699547,0.41616113582063685
C,0.6070900346220399,0.8345772155797537
C,1.353135558571283,2.5010697934592447
C,0.6411881220616998,0.776787030758542
C,0.640474843761486,1.0247122759668446
C,0.44706707440764243,0.45307666950844566
C,0.4768876218546369,0.5354948023518705
C,0.45981700321775887,0.9919574700889701
C,0.5520326069206308,0.695488191261009
C,1.017590354968715,0.5793007609628054
C,0.63622292449469,0.7909243049504349
C,1.0421120923934213,1.3234145167053153
C,0.942811347715321,0.7219801118846942
C,0.8312633929408667,0.8093633841926627
C,0.6665902074214015,1.2438882318653015
C,0.7456321831815887,1.0471712052132554
C,0.9372544865810136,0.8283019008650879
C,0.9116776880933185,0.21671049257644281
C,0.5114316185524201,0.21839491330492264
C,1.2235078193861841,1.26106078125436
C,0.34176730181682125,0.7194026317781903
C,1.039682933515247,1.1172622259771992
C,0.5185934141433091,0.5543922561897091
C,0.6334304419614558,0.7144893568480958
C,0.5476604164498572,1.0481596946788154
C,0.30205827144746444,0.278308058943132
C,0.4577601736845293,0.9369192282805819
C,0.6999033593512964,1.0494972019372417
C,0.7428312569625043,0.7807494399550657
C,0.7100517979461424,1.0069477396287296
C,0.7383293792266724,1.963179170390146
C,0.41765711315850274,0.6319608356441551
C,0.6243167690784893,0.5352594934313214
C,2.378692671447761,2.1950063493877368
C,1.1485968108210072,0.7212305549137993
C,0.8278826785357977,2.264976806636802
C,1.0211596214509648,1.236484607774873
C,0.6395036842782842,0.6798188020597381
C,0.7115310494522352,0.7202661323635503
C,0.8530907099246716,0.5629807198310961
C,1.2910372880648002,1.2478434311956412
C,0.8971899971962065,1.633267585161
C,0.6061272709821292,0.7962877942241722
C,0.8882128071737547,1.090824123081387
C,0.6724522930073119,0.8293226171611201
C,0.3456615587452529,0.3145598340130589
C,0.882046396569922,0.6551663852012337
C,0.6206451608851836,0.7257302587124553
C,0.5144531855886457,0.6571396876892336
C,0.7820512013254822,0.9529641384866582
C,0.5215252412051296,0.3469453150770236
C,0.7007771184634315,0.5109322991322728
C,0.43829647301426605,0.2941604239999238
C,0.6900998133140306,0.6820865844400781
C,0.439805736660981,0.6834198986063115
C,0.5187101019935436,0.3793212429630421
C,0.6530624694987437,0.38917676947557617
C,0.6936449000855537,0.9445535255644374
C,1.2847129956397334,0.9646427882516908
C,1.2220612573183982,1.2602056233781227
C,0.7465406874112196,0.4600365574078128
C,1.2456653037825962,1.030378087486341
C,0.6343396490887951,0.8753394567060422
C,0.4530820706094449,0.26068673745659976
C,0.4608301260843728,0.45342912507541705
C,0.5227851013388087,0.5019966883738002
C,0.3440503443100225,1.0064504631511324
C,0.9467244619296947,0.4701368964944063
C,0.6233286903632725,0.7934762413818435
C,0.7327364737496758,0.946460843050854
C,0.482724413136363,0.290722754261944
C,0.3462197621119099,0.8464196941494986
C,0.5400966661020483,0.9980617624501552
C,1.6938869494571651,1.7569884731147658
C,0.39400347663176594,0.41216153789779375
C,0.5268635236695891,0.5884653277389436
C,0.9080715441378208,0.30736848770354036
C,0.17051945462870008,0.2139916460514923
C,0.5834760791546286,0.5159632858959482
C,0.5241258835798621,0.46925518476586214
C,1.797891027360083,1.62622242079117
C,0.5400091112919443,0.3240867082549992
C,0.8089079889903621,0.48787704733727766
C,0.5466159643832149,0.48670393692511704
C,0.27827827943701505,0.4551797247966513
C,0.7369739365590228,0.7514279280391744
C,0.6344594745209085,1.4356755880477134
C,0.7063831553786325,1.6623299897717536
C,0.5467386938981097,0.366014278507633
C,0.16941719271747632,0.21535999609405165
C,1.4771017433695817,0.898412395464041
C,0.4245366417902892,0.8992360392641155
C,0.7693717837764865,0.9600062697669219
C,0.7011714591212879,0.5387062546282162
C,0.8958747757759962,0.7040491753577697
C,0.2634476969411109,0.7328520229462123
C,0.6311406989128516,1.2099452192258893
C,0.5399690446013271,0.8932335362341707
C,0.566259463567587,0.45471979179094507
C,0.9261690964801486,0.8020547038077769
C,0.6417335046020927,0.6285092715646046
C,0.8395857085554411,0.29497297312479354
C,0.39190993299634924,1.0378859394420714
C,0.4013524600592664,0.321652815349539
C,0.5585700956984734,0.47051056877442826
C,0.6271973913453006,0.7253207272427713
C,0.5189948804579093,0.27979601470737075
C,0.8600966656194737,1.105244787456131
C,0.9129016209152374,1.1200768742525071
C,0.8105995906597181,0.5316867237234701
C,0.7729552463444113,0.3574812838207301
C,1.153494216383537,0.9739895189664188
C,0.7116178493857551,0.3561246969565014
C,0.6202214327401918,0.48689843511145375
C,0.5481510368768333,0.2519701967960148
C,0.41275183957495337,0.5217567986051656
C,1.137299844074887,0.8579173452474494
C,0.41061126744134063,0.6268143606358497
C,0.9178178421069605,0.7416014518029702
C,0.45850700533399624,0.6457080178716009
C,1.0880427746404941,1.0655835023853575
C,0.6793430445898254,0.7995492184019345
C,0.8860006968698718,0.44562162435964564
C,0.42304491446609593,0.3151835261925472
C,0.49641853613346565,0.3676631156618663
C,1.117262651300752,0.48361801135849136
C,0.9112510888686196,0.5445321226339881
C,0.38662959274425385,0.2529320850176833
C,0.7233730835026585,1.38488688386378
C,0.8885421053979992,0.43952421329427355
C,0.6986871873075226,0.37733242793682326
C,0.5704235725616593,0.49067663620194113
C,0.48843237798483646,0.8599616870321077
C,0.6911044906465825,1.2761112211157901
C,0.9443912720250442,0.8824929407656781
C,0.4766983645711319,0.2829496522010322
C,1.0651130201125447,0.5236030276992087
C,0.5487480689146814,0.5663029922478691
C,1.7297421801059194,1.647037729260331
C,1.1993131286408023,0.6171525198749576
C,0.7399544159303538,0.1465520599075033
C,1.248139467143643,1.4138868416717838
C,1.7465918336511903,2.9679417002557966
C,0.7817691767369889,0.554977962304035
C,1.604115815323418,2.15560314645883
C,0.4123602005815002,0.18675925385956624
C,0.7330858421221759,0.43588040344655815
C,0.7622325154322707,0.6315122455721838
C,0.3165448189228565,0.5158579387283686
C,1.1006023302990848,0.6678320069556005
C,0.4123176357115592,0.37150779587746563
C,0.5227660341771893,0.4577206404459296
C,0.5799385472322983,0.43711131056211444
C,0.6779735527684219,0.554743420755269
C,0.5920682582112793,0.7759194609539976
C,0.3466762971728797,0.262339053111287
C,0.8853530721111343,0.6524614489234242
C,0.6603637695518378,0.4981665338040865
C,0.3670083781698593,0.38393914270836704
C,0.5921928802077343,1.0295583991982784
C,0.848446939910642,0.45770178613674045
C,0.606141821699829,0.3253549012261378
C,0.5083807206072227,0.5837036811521849
C,0.8041951192339162,0.7461038685187008
C,0.6736928878989288,0.6100459581047359
C,0.6474898823118812,0.32140555518227293
C,0.4443376907317178,1.0559001710457872
C,1.4494473900552425,1.3401217071847376
C,0.4383829341009875,0.26895168365657457
C,0.5437098360516152,0.6755461399322854
C,0.3703528987660347,0.737205213784547
C,0.5975862651282119,1.1139483087241493
C,0.7788099837436498,0.4849622022260137
C,0.31167339960171236,0.5259862333894515
C,0.42566153567999765,0.4190568433182223
C,0.5644651057811451,0.5754831178954475
C,1.6186048337770143,1.9429380972729007
C,0.8580408632823997,0.7351015708880517
C,0.8145082844882644,0.5877536199237455
C,0.5279306360570813,0.3810904663543194
C,0.9408317029669865,1.3346332926577105
C,0.39251391544545866,0.37546587890871086
C,0.7153876094305994,0.506780962368646
C,0.3849601044816778,0.2426185728518864
C,0.5479163753570245,0.5554486936348478
C,0.9425679776998784,0.7113472804394358
C,0.6021641795070235,0.29002378202803497
C,0.48036477472570777,0.20998785448374424
C,0.43460024169458,0.2765582139572712
C,0.977444620098841,0.6363544241727652
C,1.1744604400994727,0.7290405604486337
C,1.7287254900518676,2.1795605591422853
C,0.3194332652719982,0.5676260156690327
C,0.6996976549928581,1.3628418058504863
C,0.8756388124475584,0.6705511261475805
C,0.4765182246201733,0.6689576370751937
C,0.3600804595125484,0.2325855886066262
C,0.9815000619740077,0.5641248219670315
C,0.5995257710084748,0.3116604710303168
C,0.9320233611797624,0.2284824483985146
C,0.786700937892212,0.33179725100837326
C,0.9133593287822686,0.4697505969240015
C,0.7599483474269941,0.6526758644045814
C,0.476460862203581,0.960040895140039
C,1.0225439397329563,1.2123548187731765
C,0.765841315915122,0.5230163318343594
C,0.5187839629414405,0.40970639059329267
C,0.729364199749139,0.5913419484653124
C,0.6937248218784565,0.6889871856814246
C,0.6981538285334372,0.5580961399352188
C,0.5131259873126661,0.4185090479689963
C,0.719980456234755,0.43707328199352613
C,1.3617523383507464,2.3031919391888347
C,0.5145947444930727,0.642650836943858
C,0.7507677237756896,1.5068310067614539
C,0.25652359297783417,0.22303775275083762
C,0.7951627563906579,0.46855294885858156
C,0.862180197432802,1.7084016989261395
C,0.5961064160396516,0.5701688332855605
C,0.6678840811534825,0.42148068317864334
C,0.5128293248407588,0.34562284621720757
C,0.9465070728777825,0.5651271366716194
C,0.6004205701786786,1.413917044644085
C,0.5301813055438191,0.6246034890629384
C,0.9541224230673535,0.9614424844924029
C,0.5025168641125605,1.2437790799321264
C,0.9763890397612264,0.6530315698002195
C,1.2742418352408955,0.8541790134587439
C,0.3834859375902399,0.9526660496356812
C,2.4999016886231353,2.8180809096081054
C,0.6658541420533997,0.4253355015853152
C,0.3691329513737757,0.3596562578042084
C,0.5322236266278746,0.3105026078349207
C,1.3284195362517464,2.218735525363401
C,0.6483264473288548,0.4144590510626274
C,0.5265691123681181,0.5395165640092892
C,0.4595280935810951,0.5798355987269297
C,0.6169387271957729,0.729334275453814
C,0.7786040314707381,1.4734412824673147
C,0.5837114649726335,0.3769477266699
C,0.2583532140500391,0.3647306742530461
C,0.47331764307150676,0.34477719577157073
C,0.7205471659373082,0.656053552945936
C,0.8382652973743665,1.2006067672573468
C,0.39839090820471473,0.6534348039145845
C,0.5680179899689469,0.5877615069657037
C,0.7889665016570209,0.6437545859946273
C,0.44925328310018525,0.5815830702010355
C,0.47914667057080906,0.068536654585478
C,0.27295652769729134,0.8442953862188078
C,0.278130662660326,0.6302364074607182
C,1.0139135833211128,0.9138893125635207
C,0.6128817572037852,0.3914564241328231
C,0.5897564751221442,0.5604900105404722
C,0.5550470639071673,0.8931491685463205
C,0.8016718433992556,0.7085890986631319
C,0.6576101180588574,0.6376745623999299
C,0.4583889609548984,0.44272445321058057
C,0.6899164099794365,0.5913974314869631
C,0.8674497957294397,1.1372373869007448
C,0.3783686614875347,0.6042863525221459
C,0.7173757438977084,0.6557827584977906
C,0.43271193702458816,0.33007209082200334
C,0.457338220173724,0.23849113034053357
C,0.5868335768320343,0.5733795891873184
C,0.6195042395647237,0.4873593160097117
C,0.7483765154661102,0.8116627120547194
C,0.7340481374948292,0.6514967422341521
C,0.7622399616837321,0.5851098002948225
C,0.28588193213474505,0.1980398439221216
C,0.6676856830795486,0.45692084822653645
C,0.8532765248288451,0.6597773871596374
C,0.5576648435811531,0.1217847661353288
C,0.35250231577868196,1.224898611667783
C,0.4523892907747125,0.3184634595870957
C,0.5753946088134494,0.3288810308965931
C,0.5835890349600378,1.534017823992056
C,0.36275013305330917,0.546034605880393
C,0.4431009960896639,0.34601495127891024
C,1.0359724023616386,0.915650161513196
C,0.8340013381304947,0.14222696239133686
C,0.838242854504225,0.9223038029826908
C,0.3397260939603493,0.32538573044523506
C,0.4895749430399407,0.3342011276845322
C,0.5343299896770564,0.8502575101348839
C,0.49313976660131315,0.37736892158371727
C,0.7510505951288836,0.543419401607318
C,0.4360882088415786,0.27471297922124227
C,0.3781222879280719,0.4984321292775349
C,0.6136288439895213,0.44183316750670115
C,0.6395202425731106,0.40509310864146525
C,0.6877234634413276,0.28827100620676577
C,0.6133728698016117,0.43882676370624885
C,0.6011028269732097,0.6247594493221581
C,0.6547268737184971,0.6303380018269764
C,0.43406045255178666,1.1002260638441992
C,0.6040143910105272,0.6366795045908771
C,0.4379643850928846,0.22451516655916864
C,0.5244789500493782,0.39412365911090885
C,0.7927477635188586,0.5409222541141945
C,0.579210874188081,0.6100873396959192
C,0.5064330219497262,2.1205513200578583
C,0.6139764054209265,0.5596405685207021
C,0.8187360935966609,1.342020475311991
C,0.4005520592994869,0.3796658150768454
C,0.6258049502560423,0.6268444068432542
C,0.6130082241306379,0.7652968026330798
C,0.35297738148401153,0.23364977481768376
C,0.21882210510901226,0.20214903120840433
C,0.7952372826277939,1.4600903634039686
C,0.5380340671419975,0.7154710799975752
C,0.6013099653355786,0.9778112416755076
C,0.8959081692413968,0.6105876311957543
C,0.8962294891230562,0.39032718846098585
C,0.5904881091446424,0.630793108116442
C,0.29546508594215404,0.32211652737473995
C,0.45808156002877815,1.0719135650332317
C,0.3054947964286132,0.2959768652448567
C,1.3111890074013108,0.6941551741585609
C,0.3877882946338198,0.3377802014238199
C,0.6752335322250815,0.8152634346479046
C,0.680132941335735,0.8805216145197896
C,0.9753841300359126,0.9677212090792752
C,0.5001857913489074,0.3039247586614737
C,0.6689818254272449,0.44463368322100244
C,0.5499290673824844,0.37957894058961567
C,0.4770116042024125,0.41713924467914354
C,0.7544171255232006,0.4651072507937811
C,0.3931918857441304,0.648380030165216
C,0.5422995704768259,0.6641531826564546
C,0.7342708353928835,0.6103580146435724
C,0.22429686209744196,0.19900829017841198
C,0.7043864145751542,0.43567678419660905
C,0.4765218513121323,0.3774156743101362
C,0.5377613726139628,0.6483643102211152
C,0.5452573621725632,0.5316873872393911
C,0.5555980196608443,1.3233016011700367
C,0.44470579681883843,0.3604665734938814
C,0.4534332231022699,0.7127533294582199
C,0.5538154961818336,1.8464933122168365
C,0.22598479520272957,1.7674578615647487
C,0.4427615025280655,0.4701116918346757
C,0.9043938435182866,0.9431856700623032
C,0.7078975289027899,0.3477308696602839
C,0.6998221663920391,0.6626355317503391
C,0.31543016339160024,0.40062389822067623
C,0.44740443505498423,0.7747750229664108
C,0.7561970435994624,1.0543550071635799
C,0.4757943393795689,0.19928248478749672
C,0.5241342797945917,0.7425986201166129
C,0.40011299691300994,0.06365433764176608
C,0.847402938186621,0.5561401303944945
C,0.5332258473478477,1.1674623321109803
C,1.031198891529258,0.8342759416653355
C,0.9553458860251943,0.551343770521195
C,0.5357726232560217,0.6703057450068268
C,0.7400824428293974,1.6656644780624725
C,0.3820848464754735,0.6054827380723611
C,1.028801095867043,1.9784357845721297
C,0.4637884115847306,1.5160854165933586
C,0.6305344067806868,0.41765234506457677
C,0.8485266445615346,0.9990662139144079
C,0.7123820798919778,0.3924082100122717
C,0.44095463857160155,0.6015338858937976
C,0.6775860876252271,1.1270886573901806
C,0.6176465742055338,0.6307032218102898
C,0.25829292240661417,0.33316754675761034
C,0.4642796976963633,0.45419789597298627
C,0.4284320410215745,0.4199954886610513
C,0.7265211801202444,0.4950018666278126
C,0.3379650550439895,0.14626104161777045
C,0.4651252917785077,0.3294889436521163
C,0.756203541622582,0.5909071279137891
C,0.5356567060490918,0.489283217478491
C,0.7411159550521691,0.22791393538650792
C,0.3886397446343606,0.3757906657901689
C,0.5870820687382144,1.6319084557474957
C,0.512471984128397,0.5177122029216287
C,0.2653462518635334,0.2645224567853749
C,0.5817794240680992,0.7616747739679552
C,1.032436402448383,0.28456515151992784
C,0.8201280055321425,0.7408070260939579
C,0.7086574825972985,0.5702221631962107
C,1.3491239435954865,2.4564901635716643
C,1.1581645242634424,0.8199511508656484
C,0.4671376160770938,1.1009869402710273
C,0.5927222458559888,0.5774191969739808
C,0.7119416584578759,0.3190430007321353
C,0.8212500308029044,1.0183362245675454
C,0.5506548406093196,0.8322862091052149
C,0.5319359065429209,0.5683702311323707
C,0.9407316738804687,1.096496585491024
C,0.5432616198048523,0.5055350974618716
C,0.5535402782791036,1.6447056337856987
C,1.6065232476088278,1.588796620993033
C,0.7897735832861577,1.275044994652059
C,0.8777516784471863,0.703735438811742
C,0.3917308428450696,0.039577550638687654
C,0.5656490100739587,0.6585565008820916
C,0.6087194507112296,1.4471588357088574
C,0.39426223006681504,0.22688636056655845
C,0.46591275955735906,0.4789485326481314
C,1.2077820868430924,0.4743504693157738
C,0.3809890669116726,0.5538772788888511
C,0.6774576910628655,1.2209107695282058
C,0.9363947922635368,0.9536670595010469
C,0.4465009340383196,0.24730907708823818
C,0.39295742287200586,0.8750317727884624
C,0.6225542337028149,0.3565261904695188
C,0.5709564925614725,0.5712659586205271
C,0.5403466466748544,0.36641546348648907
C,0.2758584812689993,0.335576901171468
C,0.6309604234840503,0.8318901351485651
C,0.898717848468091,1.4434530001191184
C,0.38449817135971376,0.4881417254709116
C,0.7033228005419917,0.2855710804907861
C,0.6112246072727254,0.8762012392806353
C,0.39270563561931765,1.5597298851439854
C,0.430695435162914,0.8719855418035641
C,0.8750546166650705,0.6190046205771615
C,0.7546182773567658,0.4336943026842033
C,0.49134874454690675,0.24845449557714475
C,1.280775626245813,0.9825804337632622
C,0.9967785686247955,1.5427535609764518
C,0.7642103516441815,0.521883760700259
C,0.39388857455728504,0.8139792724388552
C,0.7685555076824081,1.690492433985955
C,0.18093849612486096,0.4785458983719968
C,1.2891559170151252,0.4070874632594149
C,0.47507667619164984,0.16667811541250624
C,0.8712386995509188,0.7794654258139495
C,1.176493877740385,0.42253443663610635
C,0.7981865141061903,0.6709894393617508
C,0.6892399799713429,0.3701380478597996
C,0.46478419376057756,0.6253691570042348
C,1.184770120558541,1.7061644239704545
C,1.0834447151575448,1.5098504136023445
C,0.479501158417637,0.6366491817275237
C,0.8544094827480065,1.8911101153993624
C,0.3387918486294138,0.15162928457100283
C,0.31947166368595714,0.4350287963048826
C,0.6720026493029159,0.761183374264913
C,0.5305680544537783,0.14856489135577752
C,1.0870387447492484,0.7128340978846914
C,0.5114031742569567,0.618368332240999
C,0.5275878238793336,0.4973235855619952
C,0.5065375415233472,0.751809606754382
C,0.7638525741883129,0.9664818722509407
C,0.45385105016298694,0.5630578596229827
C,0.6244761770922574,0.4996633101864239
C,0.833704770902467,1.8577024561207058
C,0.9413413411238258,0.9997446922392375
C,0.37221053818339833,0.7521164629432411
C,0.7307686962235682,0.6062984100784108
C,0.5552841824482913,0.19134349445053847
C,0.25720732593729967,0.2543688118803993
C,0.8896584171845912,0.7700763132549833
C,0.8369749112482251,1.0083613881902718
C,0.371345540164319,1.0347341468319409
C,1.2234082952497463,0.3970225491293264
C,0.9622506895845148,0.6005724993196068
C,0.4705258647008871,0.6765032618838301
C,0.25325721561855985,0.3659297880254631
C,0.7325266733746836,1.2307300701372386
C,0.5601752275329364,0.4346852936616139
C,0.882714851020544,0.3058616338000765
C,0.6596911194809755,1.6807949568858283
C,0.5663778578794857,1.4142910960678945
C,0.6216659892384305,0.8503346646351218
C,0.5370373623720813,0.2451228179378144
C,0.2881826978983288,0.6556781005450419
C,0.3271049077842188,0.27952582722373925
C,0.3552416062144459,0.6412972819999827
C,0.7557193192720958,0.9305319393023179
C,0.39100158367485777,0.27562723537576334
C,0.3555054276514602,0.2478459418582365
C,1.314289719527365,1.1219424371610758
C,0.41069500032525413,0.37514090519398685
C,0.721661513041607,0.8764061923894069
C,1.5066388050130526,1.6281320711692828
C,0.6196222017052281,0.6015396377246699
C,0.9234313377722946,2.306967768351025
C,0.3589406616870342,0.2777399583053144
C,0.27267929507866934,0.2846863428593882
C,0.6879410348073964,0.9629149171898229
C,0.6553759682270465,0.3666558889916041
C,1.0340201206400206,0.72136457042865
C,0.40448319633811364,0.7191514849366633
C,0.44822629264902114,1.1294354624020486
C,0.491764288688152,0.6935122006507141
C,0.6270478420785097,0.21488724549591418
C,0.6857763897540958,0.8636473136133597
C,0.2559701106144021,0.2896416683793359
C,0.5287033980428584,0.45200049643646145
C,0.23838729982157084,0.7697149686181284
C,1.032881725032034,0.7222209919750657
C,0.766453311804026,1.2151339265210375
C,0.9122154288517746,0.6763184895742408
C,0.7430133371007109,0.5121799542699423
C,0.35953400633006133,0.32193497334033316
C,0.5852289588477214,0.6639808243971053
C,0.5450782322400273,0.34923757331428845
C,0.8706241120557441,0.7643549888007997
C,1.1983601128760222,1.979478223093737
C,1.2190350878014915,0.37649539832451967
C,0.24527853309552883,0.6384138800818715
C,0.5821028090989956,0.39076898493264456
C,0.3258755273884583,0.23484328724237047
C,0.3945254836653562,0.47250075513599255
C,0.4325641845509694,0.40550575530590494
C,0.405696034364489,0.6012168094738326
C,0.9109614659877203,0.825923945220758
C,0.34380634035725893,0.4948864990854357
C,0.4984677018151178,0.7170575441210798
C,0.7478890680722532,0.5107690560012684
C,0.6507889326479788,0.6503197264845244
C,0.5096835026784948,0.41895218337487833
C,0.545299678666733,0.6053225324055007
C,0.5739522982495001,0.5694456871398672
C,0.6272359187272943,0.5462047157730826
C,0.5361568212052022,0.22952946670075672
C,0.5884464700185136,0.6240502200126624
C,0.5158552065894538,1.138408889047502
C,0.5753917023005306,0.33589204036478376
C,0.9537459030662438,0.38964035264435115
C,0.30384992411410555,0.17598472750519475
C,1.0435198538818173,0.48579766624473614
C,0.36117862594042477,0.42594847076378545
C,0.8535932873408157,0.9922567436001948
C,0.6354437343646455,1.1148759968316393
C,0.4363120918812526,1.5533934077858171
C,0.5675393084000796,0.915439893106057
C,0.43802800048679674,0.29683844962443157
C,0.41533686203043724,0.17597351354800175
C,0.4884887791730336,0.7209032719469575
C,1.0289486391268357,1.3964629419597692
C,0.61933801138084,0.9969312926605876
C,0.7650957263843992,0.9892300150686482
C,0.4641958937492425,0.38118428956230704
C,0.5221681260148354,1.414760839959593
C,0.42156882887191627,0.6145401360089472
C,0.48617890389984364,0.7765209207575039
C,0.370150504805282,0.7106035066268531
C,0.5501248214366526,0.8163801108662694
C,0.4364701775081676,0.3555836219394601
C,0.3949673116093232,0.25111327626584795
C,0.9652475719849047,1.8775115890999283
C,0.5156652177818998,0.47205652818299987
C,0.7156161386508716,0.7732901358718615
C,0.8267930521965234,0.6635071143623636
C,0.5379772809959864,0.07723770825464413
C,0.42033375009462676,0.6330437212394883
C,0.4808812844249508,0.16420589932424937
C,0.6419052608687938,0.927460733267577
C,0.5066371005257916,1.3576567843787954
C,0.36714717639779065,0.48791652459824414
C,0.3877107510200295,0.9371563467549022
C,2.275200470318243,2.0663356644602024
C,0.5234508391661553,0.2645972288320197
C,0.5620507461517188,0.6006903091013677
C,0.6582049196783968,0.31965788337505235
C,0.7373395864915124,0.6680491740181391
C,1.3460173353915377,0.40124844396035186
C,0.6340296217325216,1.1018690671755185
C,0.8166188929048432,1.0620401391354688
C,0.48066365475026535,0.695271413613852
C,0.7344446709059662,0.8753079565551598
C,0.648161223372311,0.0789726036850193
C,1.2171685306916284,0.8922186738523015
C,0.5999519506729342,0.8097438724527507
C,1.0110807623986868,0.1944737192163829
C,0.7144696567300896,0.40877292973968243
C,0.6618515677872743,1.2073128908437885
C,0.34701997663799433,0.44383552137696314
C,0.4448380021230563,0.9698932220331268
C,0.7067098804615939,0.71120602618769
C,1.4442554542057497,1.209227296474857
C,0.7741027043410623,0.8746149902567204
C,0.6180457184888853,0.21816954133183133
C,0.6893175120106014,0.6798296128665977
C,0.7590787048548402,0.9309897514077492
C,0.676983643846776,0.4367258485817284
C,0.4381827692309767,0.1982201360564487
C,0.8526166575179667,0.42635509599002047
C,1.3515643936524273,3.493008040693002
C,0.9247472091526356,0.6130463799095882
C,0.5957559023347437,0.9169936005224331
C,0.434299196307951,0.37218517607400675
C,0.45074993703310207,0.5234062737729538
C,0.6769065400062616,0.628810547745663
C,0.7322969487875783,1.3244188933963013
C,0.6759313184518694,0.14008919668619718
C,1.1852066012156648,1.3876985267706325
C,0.7983617798904332,0.44019884252285785
C,0.543505138148762,0.5224164854968798
C,0.961112299416036,1.1109579442194109
C,0.7243220903203273,0.9756270350722271
C,0.2503008887787683,0.7301639361950243
C,1.2871042966755,0.9195042110276015
C,0.7946185038221252,0.7098775408993802
C,0.6388755127773078,0.8728747299523579
C,0.48885142342752586,0.48618259700353816
C,0.4748542812447678,0.3053423406448839
C,0.3572609827905053,0.3518949678504828
C,0.41277954299166725,0.32180456177986105
C,0.9717499640304427,0.589740940587741
C,0.36551715613676355,0.17931101087534032
C,0.4568788061400433,0.9594254456933418
C,0.724763860756902,0.7328476265897591
C,0.4747713105323216,0.3702710808120943
C,0.6836595695287159,1.0048612316780157
C,0.9736905792658416,1.2537633040120368
C,0.9616376345228291,1.1365569143927041
C,0.74423153726312,0.8912277833307496
C,0.574671729420135,0.3620093063644434
C,0.4569894087162745,0.16998192006366744
C,0.9763246670662646,0.9345577773276533
C,0.5776304668223158,0.47531836285593254
C,0.6289320970023815,1.2010166248518177
C,0.43105142761489323,0.48316831935832383
C,0.7037435998447715,0.6819419976091556
C,0.3442218309870167,0.5717950932314585
C,1.0466867606504706,1.0943171033546768
C,1.394652972137708,1.44924128061303
C,0.6710976418454955,0.9291645797114544
C,0.8910680071799307,0.8286366252837262
C,0.918301292028151,0.7928060098507332
C,0.18882310597536886,0.2714011274419969
C,0.58567595949271,1.4059570828687677
C,0.566589984698132,1.4808443755775442
C,0.8230550879176103,1.158943274973828
C,0.43520947638493057,0.5244461067793421
C,0.6970498219047223,0.7133984429489555
C,0.3110488599677028,0.5313690077456668
C,0.44587058965277687,1.125569334321853
C,0.6932015569925334,1.2930677156395223
C,0.4486761316488196,0.11646865483629829
C,0.4818019543648466,0.1841278829228925
C,0.6984939757671345,0.25417946167832156
C,1.0616593416132678,0.9275573367069575
C,0.9934864888318139,0.5726967778651344
C,1.2543116347767922,0.7357187760856354
C,0.9072570014403409,1.0478514951496658
C,0.6134348310104014,0.6691575389871268
C,1.2580785494854385,2.4456224471400025
C,0.65492729604701,0.13291995604029055
C,0.3059752042496116,0.6704802422271863
C,0.6482987412328712,1.1517506500990875
C,0.8316607379070804,0.7430503914914598
C,0.626023519395547,1.046590065452025
C,0.7832152103556642,0.7271372343615412
C,0.6076082735051876,0.34013708591268244
C,0.5029357228938414,1.0537193993795653
C,0.7094412359183736,0.49088547077714195
C,1.0805988950872776,1.0668282989373115
C,0.5474157307132947,0.12009763281073096
C,0.3008016550102903,0.16972953312529054
C,1.045923772087037,0.7840658953033101
C,0.5216648898527506,0.25389432833053666
C,0.7207404919596638,0.4943640337642023
C,1.0312603755305365,0.6007012579064437
C,0.7200312879266743,0.4099604210209957
C,0.3896658569261545,0.4113935689663594
C,0.5714164846603871,0.333492976348134
C,0.6833713559570322,0.7456804004763942
C,1.026412874979511,1.3280160092550324
C,0.7353364626135058,0.615307416986995
C,0.7257375909616629,1.0250844748576655
C,0.5877690993248442,0.9500859505550006
C,1.2272619566950709,4.32595939900284
C,0.8579564055872902,1.3536667114696828
C,0.4733662640584895,0.45435116958014243
C,0.36912498239809083,0.3401587567066933
C,0.34225786419846055,0.2917770742025959
C,0.6025457659455368,0.478251950207126
C,0.8490514337004262,1.0718875307453493
C,0.48600552022730265,0.4452906070356354
C,0.4675323722189515,0.19566158089579966
C,0.8052372270634816,0.22472680683860372
C,0.46283612201485935,0.5559000761326892
C,0.9831511060824034,0.2759684758748761
C,1.1924502433684094,0.8216622303048828
C,0.9803590612166122,0.9094694021562503
C,0.6239925634079543,1.2494468941066694
C,0.5482524092283029,0.6588585762888616
C,0.570570046441561,0.9331661407797113
C,0.2885357076958384,0.565478062288475
C,0.9516345394034628,0.6719884871815619
C,0.533945170525832,0.6507485861461616
C,1.415026121216482,1.4662545785198258
C,0.8700090721982504,0.6154108982614007
C,1.5476044701590697,0.9653437090411644
C,0.7760175396957728,0.46768371495550765
C,0.5773567363656884,0.7627885439482177
C,1.669076127249225,1.9095304313427435
C,0.6604012329146194,1.5908808350538497
C,0.452221172190044,0.3788569674915277
C,0.5853097788990218,0.31250095758165763
C,0.8264443744063612,0.6818968294637034
C,0.40767224404127506,0.6287053582621662
C,0.6219206634888139,0.5070033253343139
C,0.815225846264775,2.088507847089492
C,0.5982540336356377,0.4202990184163838
C,0.4666587355937551,0.28261963975506377
C,0.595227367860347,0.7802883471409799
C,0.419080196092021,1.5233909402536807
C,0.4026291706103507,0.526874531793147
C,0.7573786886283467,0.824752447037287
C,0.34677317061986457,0.6901988939007568
C,0.8917753869169514,1.348399872285538
C,1.1662721632704063,1.8893781876364217
C,1.555738073039978,0.8252388244169598
C,0.809626430970185,0.8659457023550851
C,0.8020924830131969,0.7068067423107136
C,0.5091215818163317,0.6750148805404866
C,1.1632583207908938,0.8520123102490113
C,0.768353114905842,0.19671561407430257
C,0.8235839693537936,0.9582512440526825
C,0.35451015640252537,1.2408523332764356
C,0.8505085224287379,1.5341617748339815
C,0.5208062582061997,0.529354490086761
C,0.4004144035404404,0.23798895200195389
C,0.5105362559358295,0.40644703748926886
C,0.5942937181645526,1.1817295317833414
C,0.7381383683382982,0.7077035818908942
C,0.6815531746536609,1.0480753276937818
C,0.14170027420137257,0.6679651332903128
C,0.418690427294749,0.6985481684280921
C,0.4572758456711625,1.6340557337779655
C,0.3235594940016903,0.5192175929334775
C,0.7247182898419926,1.2161194838595502
C,0.8689420692992854,1.4311040428279471
C,0.9740326820287359,0.5286366725418042
C,0.5952275147027258,0.5500345635923869
C,0.834942324284685,0.4648630513065102
C,0.7262172429266498,1.4306047593655584
C,0.7406038394447013,0.33036516658231024
C,0.592979228241108,0.24997583528329517
C,1.3853381814905223,1.7422025712226943
C,1.1174741566490194,1.500762691740155
C,0.33180166037691594,0.6377684745945804
C,0.9556810559184478,0.4485872453201861
C,0.5455506594563491,1.542108621758046
C,0.6738132963362325,0.5461831319292145
C,0.3675015116806752,0.1573127512281902
C,0.6212839865716536,0.2916987035752768
C,0.33383198877509124,1.286685496373603
C,0.5825017976471,0.34931439681926774
C,0.9201149283623009,1.009382905351277
C,0.6567660731843233,0.07089126419317367
C,0.3075166684549902,0.38755614165524416
C,0.8461689792112408,1.5598713951680576
C,0.6259313678982249,0.857839680271843
C,0.9298655429778042,0.6542116618803427
C,0.38450969758272374,0.463377478753537
C,0.5221373138755201,1.147035877923454
C,0.6935834102254191,0.8543946934566419
C,1.6577224627891642,1.1756935283382075
C,0.6315020738643726,0.5440650694716089
C,0.874530626517081,0.6136248671377157
C,0.5184978186488387,0.22525378711569427
C,0.4250405407938855,0.584662948496271
C,1.314212090140746,1.1421441832345212
C,0.7413992361875381,0.7535690499562853
C,0.7663838248088257,0.7778500387753929
C,0.7898323217130703,2.2114796583413514
C,0.7546262411674715,0.7241061005973782
C,0.9850287849930037,1.2298283434585906
C,0.6539110159213131,0.5817199826190859
C,0.9462920425170003,0.9052095970300232
C,1.0630610483020546,1.804038700152408
C,0.4195041903652044,0.40659240362160803
C,0.7532338249398114,0.5596118414610323
C,0.49339403263448056,0.3261620780504651
C,0.44233882547561426,0.2556232922202099
C,0.6106992007511375,0.2423981467120526
C,0.8461285839396437,0.5986047001252361
C,0.2479166195291863,0.9212383433998579
C,0.5938166642643236,0.6017871132087638
C,1.357988893686411,0.8576101072089578
C,0.7945987115547046,1.13705390635787
C,0.36856138194078397,0.5691972891822904
C,1.025145691408964,1.3266679494830864
C,0.2361946358968206,0.4932460632246781
C,0.6757604554273399,0.43609540165694366
C,1.1906537243318136,1.021042009061358
C,1.2571496307820085,1.060431212759358
C,0.5110169173727018,1.2382295613326466
C,0.7482775755464189,0.7420309386691217
C,0.6881015580371486,0.23018167230041464
C,0.9719099492716128,1.205300155339696
C,1.0788198511046612,1.1648586051852354
C,0.7088126303325355,0.826280752521421
C,0.9293143426832073,1.8689931403572124
C,1.128034019772358,1.2547348060744106
C,0.8604362084285325,0.5953307336343985
C,0.5072494286052888,0.7621337718108223
C,0.4297839907364575,0.7689010377598429
C,0.6452996057802849,0.2125883124657688
C,0.7122775328167688,0.43509213584686424
C,1.065212385968188,0.5008047184776928
C,0.6757808015514948,0.2913796730066657
C,1.158587913090542,1.1808907027641973
C,0.548068727179304,0.4969582298552432
C,0.5830905620932739,1.9034256256572069
C,0.5241950848313309,0.9250752526898787
C,0.6768239218215996,0.880690452244784
C,0.855465769085298,0.2505321117776445
C,0.781287813211665,1.2818869463676268
C,0.817098488621697,0.555309543488825
C,0.5251217630115408,1.4394760432758178
C,1.4411925183545669,0.7411922102210229
C,0.3800710223097394,0.3747852680005511
C,0.7288075523788187,0.6513420017598737
C,0.7764191303868961,0.9867344460376359
C,1.123539434690897,0.5854767677200682
C,0.9155031147773315,1.1576784003903693
C,0.7856268735557547,0.7471991001488061
C,0.8395026174231053,2.4619449956400166
C,0.2221291682724363,0.6123923438721206
C,0.449925969590091,1.4124105062720977
C,0.5951790836474058,0.7933107281192981
C,0.5635075249365981,0.4060083986714284
C,0.7104369766326577,1.1619304661241476
C,0.6326800757142731,0.7556249917277932
C,0.518847612138139,0.41787739559825143
C,0.8192994964014585,1.7020073843069132
C,1.0084935916419278,1.7712059722263938
C,0.3905034965041679,1.1783156986890695
C,1.167111886226471,1.7634244150794323
C,0.5692938958429965,0.8049297867401155
C,0.57754102957276,1.4839872779045697
C,0.27070752164577394,0.2376145506887597
C,0.6752578135282633,1.9191079541240021
C,0.6932159524880076,0.6825900667013748
C,0.5751556693620272,0.6038274700707058
C,0.549297907095634,0.5732247273152864
C,0.7517652218829719,0.8176559303862753
C,0.45883265115632743,0.0671190094154585
C,0.8882575221555866,1.7202181705405462
C,0.68876375977432,0.4369342201123428
C,0.5798941068704718,1.0681042040150182
C,1.5454273249003654,0.8358343294691637
C,0.8318722494067967,0.9872016332372556
C,1.3092646526030973,1.7996816455335076
C,0.4031578434319067,1.0087654882661996
C,0.7632335080683771,0.7224764351517982
C,0.6703229449911134,0.6401040463384494
C,0.4614389145396736,0.5598181797531387
C,0.7802781894432149,1.3204614814378661
C,0.596049387364022,0.9695065927300967
C,0.4574411277443426,0.8505327339626334
C,0.4764141213630218,0.9099806826125165
C,0.7683460062431948,0.4953337794285975
C,0.48214064184604055,0.3083331422187467
C,1.4181482343171616,0.8594248423738958
C,0.4348905234594347,0.28035617247067174
C,0.3127214254339118,0.21559710081897973
C,0.5897618856810971,0.42340572263013176
C,0.6007427993754655,1.473494688472258
C,0.8571023000365681,1.5393132795563083
C,0.7345796505445698,0.682093888536003
C,0.598183088363042,0.5472255693025991
C,0.5918910809392116,0.4000818395359315
C,0.43198638437058845,1.170807706503984
C,0.710266626750254,0.7094202286055569
C,0.65815016576285,0.7626081103871944
C,0.7686276865404289,0.33639021770624866
C,0.8776510446440701,2.1555256436920693
C,0.7925343688462928,1.808446874370988
C,0.800028718767058,0.5696800236821619
C,0.312176615813174,0.6040755621000334
C,0.7749100162077835,1.2448671015095958
C,0.6478536663669097,0.6305824912350821
C,1.6610881185349196,0.7149664620789378
C,0.8125323266321347,0.9755907969280249
C,0.5381770062212441,0.41329477534222725
C,0.9579782178836238,0.6019558313657523
C,1.1486636171550806,0.6744389148755469
C,0.7991489307003641,0.44746925502304624
C,0.673767502258364,0.4070557554909347
C,0.5309723287812271,0.4113957758201184
C,0.9668697585552305,0.7671369870533092
C,1.7672547663567972,1.1698186228386172
C,2.1224747219702724,3.3437531464057293
C,0.5724713599523924,0.5915288326865612
C,0.634566538609022,0.3154568310531912
C,0.5543695930671587,0.42677356026113317
C,0.5155960085711395,0.37618380996373596
C,0.36682791158860184,0.6609101399304729
C,0.42594650177368365,1.11817562339224
C,1.0005518438154928,0.7905512254725116
C,0.5030473111062721,0.363647012163639
C,0.9227525941227158,0.7994687850435969
C,0.866020787727822,0.11897243578816023
C,0.5225376950360718,0.7752111078212961
C,1.1768769144246556,2.275015657438084
C,0.4878828509653103,0.37986016999946376
C,0.5812553559688687,0.16379302188220182
C,0.4408270697048393,0.08785327662486739
C,0.7151852379115194,0.7720292195414511
C,0.5827752456783868,0.6571199624645896
C,0.4039464629534092,0.3774413091379463
C,0.953339948191265,1.8473558576630564
C,1.136941018295246,1.114602056027181
C,0.8137456997380963,1.453271301201277
C,0.40666346098807504,0.5915672351420401
C,1.115032038296976,1.0817579496883134
C,1.479438350777756,1.237965445650981
C,0.38655839918568663,0.5384037473657522
C,0.5874163043878201,1.004676516309218
C,0.9339373451413514,0.3258642804306229
C,0.34709090477410437,0.25509651625620344
C,0.6158119444243114,0.8883515404187108
C,0.4934434452723752,0.48373883755097463
C,1.024404958115987,1.2221250851922307
C,0.6300814963739382,2.262302053333584
C,1.033329018454871,1.817685918307125
C,0.4918858908131193,0.38832079005555215
C,0.7120285084240955,0.5860865503329266
C,0.7853086254062659,0.9688957780905717
C,0.2743805700588967,1.2654135117575798
C,0.36897576502418256,0.4655607973108405
C,0.48324876848266185,0.7212538230448751
C,0.3098302521310967,0.4760144320576308
C,0.36361542608713276,0.1591733068655251
C,0.8702538846323344,0.6041730881773696
C,0.7129381660352333,0.4112665633115249
C,0.6255740842848235,0.4153169665097268
C,0.3802055720240344,0.3795854343806078
C,0.4180936764829577,0.09010906027482461
C,0.38115818867690804,0.17153483263604574
C,0.5953882773108028,1.0946983895227078
C,0.6915086015313642,0.8902033787570037
C,0.5097571220212713,1.8048932584988304
C,0.8407550063659179,1.0299754410936317
C,0.7290055049298859,0.5426977799395053
C,0.7652172889632703,0.5991216470336395
C,0.6839693885309867,1.1236442728131382
C,1.1357041111204693,1.0067888759184649
C,0.570943630469773,1.0061936030930887
C,0.8045348964617837,0.32382681743831443
C,0.5935153346084588,0.6999112063274173
C,0.7195274680372553,1.0970866801083852
C,0.681220625610392,0.8805398340642171
C,0.3554083063329812,0.7277371803431163
C,0.6963241262821349,0.9107713859755017
C,0.6757210091836359,0.8737311372875174
C,0.8396568731150725,1.0947271503524225
C,0.6151409189575657,0.2574542567603994
C,0.2861661039467215,0.3170556360423615
C,0.820053623945943,0.588125994868206
C,0.6424377599395685,0.8248739213978522
C,0.374923693889473,0.6380570395487352
C,0.39657452101729435,0.4701970950372998
C,0.45879415449937155,0.7847235441029942
C,0.6641262134142721,1.0304316053150577
C,0.3808355394049784,0.8073305518301976
C,0.3799688660019796,0.32364078609996266
C,0.7832192345525115,0.7964275981935386
C,0.7616667895912347,0.5602399832796003
C,0.4822751648986629,1.053219570248119
C,1.5205270119694532,1.1568101583217723
C,0.443558135828532,0.2906521577674326
C,0.613329348745551,0.7843652525778386
C,0.3413590847021922,0.6624883209231917
C,0.527784452793725,0.5915447627864598
C,0.4871749856492239,0.45511480173352037
C,0.5158990027402769,0.6081868591537327
C,1.0412171053499237,0.6229890053761529
C,0.6678554073304709,0.9750474377133577
C,0.5338565615529429,0.23232821713674745
C,1.9323129791146447,3.7644162178735434
C,0.6678001858898907,1.4070368037208139
C,0.9799728563117371,0.5541527877444083
C,0.45187513419559655,0.4650568330624039
C,0.6036071088436712,0.5666126985535186
C,0.33899282402855196,1.1627983886183433
C,0.7298048538035816,1.8252030217180506
C,0.5820826598925484,0.743048680877681
C,0.6928916061705223,0.1706218025337257
C,1.2852117938413807,2.0968502375934777
C,0.6361208557296798,0.8976843652491489
C,0.5788916145613077,0.6127925281352263
C,1.116301882141319,0.3150694204003122
C,1.069896659172793,1.1835090927502188
C,0.42340876178699977,0.4486590052019584
C,1.1028300728644913,1.194687165478633
C,0.4919481205976568,0.3067363026218334
C,0.7289111071542536,0.7535786065737987
C,0.5151806222157581,0.5053363922130215
C,0.38765806510623874,0.9703893334842063
C,1.5295558535377993,2.0497352402044857
C,0.5561141477849763,0.8410989350525078
C,0.5544321560016965,0.9091133343409494
C,0.9321654646308817,0.8440975584118464
C,0.8100148535193332,0.747554452522836
C,0.41452660235271444,0.4918321431421658
C,0.7341729126366149,0.5902999570559209
C,0.7057817695314812,1.4550633948749025
C,0.9808169191439057,2.1016845960640183
C,0.48799649424410513,0.9683287028824243
C,0.6773058026237475,0.46721454321891
C,0.755446197461514,0.8462932307371793
C,1.3657013251106724,0.5244817312987509
C,0.4942792624720345,0.2800873042654501
C,0.5560057458379872,0.8008745335235239
C,0.7511884578619316,0.3899712369125728
C,0.33852981821930744,0.7626641529807927
C,0.6629516660617772,0.6462538050057255
C,0.3957538879633509,0.6358417084063506
C,0.8661096401547002,0.538776816059993
C,0.47460484356153654,0.8640115184115364
C,1.0679376406589933,1.3488337705917932
C,0.9398638285183154,0.8055759016812719
C,0.9712480879665655,0.31063186797247205
C,0.7006275935831565,1.0473580040957726
C,0.33177263065908263,0.10999396811263304
C,0.40810115045200046,0.23484592782156305
C,0.3208130447518616,0.382654429405018
C,0.7389076338140967,0.7580543184316423
C,0.9277026219710663,1.8804842902222232
C,1.0539049170312706,1.2312411226197848
C,0.7522131581067515,0.7870553278397858
C,1.0477036114026315,2.1511901852682755
C,0.5239478783147034,0.8508157458337295
C,1.3635123930834248,0.9307182176047175
C,0.4259708446506451,0.6927387161813714
C,0.3109926924863057,0.13883259446500168
C,2.0199221651893557,2.3835250424632477
C,0.5970478930504011,1.35409818589377
C,0.5099135473646923,0.3459034409175983
C,0.5390483302443498,0.36688034909891176
C,1.7515867637294638,1.94939706039989
C,0.6790647740817229,1.7311263542535147
C,0.556504035360465,0.3359161291502731
C,0.8496329942390901,0.5172699556911469
C,0.5150528567261798,0.30952765974179103
C,0.7708292391506489,0.7150967031226031
C,0.42978340164840195,0.24401423955537294
C,0.6885944824386754,0.5215086476765978
C,0.6224208253367386,0.8793249644528407
C,0.6451994462632331,0.7235835242709242
C,0.6004490092589937,0.7674493592516891
C,0.4817463877894377,0.5552330413852463
C,0.6210698596158155,0.4690248720521246
C,0.582099689866311,0.18497807685919834
C,0.7361181238802216,0.906101066234817
C,0.4335828988431675,0.587838860467363
C,1.2916796943028197,1.220909830678966
C,1.242638790166022,0.3612805470064465
C,0.36011310703257227,1.2423623842713287
C,0.6286821239074133,0.6455634632533582
C,0.4268558949080776,0.13099572141545532
C,0.3490292365410199,2.659514268116213
C,1.165853585438493,0.3849513209207499
C,0.5323740270933369,0.1286827606866112
C,0.6439721089678305,0.5633042500623656
C,0.32674735827262497,0.5199047102881061
C,0.3732737301747048,0.11455358447293423
C,0.58936773637796,1.024509323523418
C,0.36871244814955406,0.33375014249663054
C,0.7565868962608816,0.4930515755101466
C,1.229882741891378,1.505444771269041
C,1.0941411967566372,1.078295773507904
C,1.8409325002879906,3.6576660812811204
C,0.40843462339322334,1.2187833773549293
C,0.5413960557457186,0.069079624299959
C,0.41939642365497776,0.48140262459721916
C,0.6685270064935799,0.5236627017019736
C,1.0130993429409343,0.7837139344901757
C,0.472027046999226,0.19486838153732924
C,1.3768291700604731,1.1103860083670738
C,0.44949380650879184,0.5669073759575487
C,0.7351089388077148,1.502361004219399
C,0.3205040944692819,1.0115644466478861
C,1.1949395993368277,0.585570001972146
C,0.5199605123012656,1.1305241218454691
C,0.626097768864856,0.9582846569943094
C,1.4393459601178267,1.0049259459230195
C,1.3483626763826766,1.0238511159027477
C,0.6130943917992044,0.21213704248516257
C,0.5537742712202237,0.775362779257383
C,1.4430636090722286,0.8989358865573591
C,0.6979784859134349,0.40410021006407953
C,0.9868128405562205,1.1164128817342591
C,0.8111335421618996,1.1357252981185633
C,0.3280119696086924,0.30832819649271154
C,0.5337591418790396,0.5411878987268294
C,1.773163692093013,1.537296232187572
C,0.48673712227654287,0.6510283403957732
C,0.6131454133488334,0.24986940494440396
C,0.35025532456189995,0.6997760759468897
C,0.5477795653458767,0.4812551351365571
C,0.7530035052265303,0.3542084721608835
C,0.45521555716813794,0.5282610869716111
C,1.8428347890362258,2.214079092465558
C,0.3081365135763942,1.16042870238078
C,0.4057880246850397,0.7233802439375097
C,0.567043430590186,0.3013663501525671
C,0.3613861299823927,0.5580138256877077
C,0.6169314266588262,0.6181161176251311
C,0.526309925676702,0.4127649304052577
C,0.26267845974049286,0.9678345615615939
C,0.5054673672394923,0.24945074017790578
C,0.7627711985363635,0.28655483738332505
C,0.35473060528357475,0.800569709859704
C,1.0136886731878374,0.5890845785359016
C,0.5270677823217517,0.3655664028943504
C,0.7420720289561514,0.8336419292830778
C,0.5819556168696243,0.6679132883656352
C,0.5572168525410471,0.3496220990931485
C,0.4844438880421238,0.41728154626443176
C,0.4660100752224337,1.1655095771291586
C,0.7468627652403756,0.5207267145143362
C,0.9618464808129488,0.7559842952862108
C,0.8101936743202186,0.6966382261427772
C,0.615730650608418,0.42787059760345725
C,0.6042613426831878,0.7767940200115614
C,0.46518875012486605,0.7094441390190757
C,0.5537524321738124,0.4523143788496983
C,0.5686969071637867,1.214558439406417
C,0.6019175838525989,0.4497142217019175
C,0.4586786363602266,0.2628613067259353
C,0.5583564822772497,1.7122128549029203
C,0.3235711299979822,0.6987632903201532
C,0.622514336416402,0.6777373967918973
C,0.7110531487362658,1.5408566777157926
C,0.8449991458397323,0.40860785126412513
C,0.5420462516022148,0.9394261936749367
C,0.6052355791448059,0.7094406026459331
C,0.4239983516609898,0.6846218553268136
C,0.5746047169488088,0.36972580736684835
C,0.6060574655734807,0.8259113608981976
C,0.9397755402722461,0.9563598679595076
C,0.37724805242087595,0.44424059515896297
C,0.5968522496299754,0.7224527594037219
C,0.8057802287564271,0.9567717862682616
C,0.39519743062675367,0.330635091546324
C,0.4463516154733906,0.630022515074205
C,0.7496261195696852,0.35712104666474187
C,0.4834805046669599,0.6916004846821647
C,0.6971986477433352,0.4554502516106442
C,0.5200483229826082,0.1657412856834239
C,0.5299705944364972,0.20725737997270385
C,0.40665839761453343,0.38666454727719
C,0.482574763525498,0.16466711980986687
C,0.7348034593544593,0.6192976130338149
C,0.9203949952882966,1.5095836338678952
C,0.8021274899816379,1.7537770975828908
C,0.48900003977274364,0.5873183937437494
C,0.6092247703308902,1.5357112787611755
C,0.8085728850228597,0.8592725275143731
C,1.6769394314984065,2.5132723906512844
C,0.7373291615872426,0.6351494850552928
C,0.512329118137867,0.8825037189509725
C,0.3502161861093421,0.39412430443998736
C,0.43093675460927844,0.984806772870754
C,0.411166259483165,0.35827818903307496
C,0.9576999463544065,0.6702816299927254
C,0.7032101141500428,0.9024237642942334
C,0.4953707717288983,1.0137163435943892
C,0.6407585778473462,0.17771852925257167
C,0.38409576152019403,0.46129999514574244
C,0.6197829818185009,0.23103954061542883
C,0.7198268639898602,0.7773173099455084
C,0.6462678484695112,0.5739081480102647
C,0.5809503169106383,0.21763237340853644
C,0.8351059921674509,0.9533990670773064
C,0.7840603906431509,1.6302115031459334
C,0.584863899533333,0.7065535820860723
C,0.5914075338178973,0.9037264060212228
C,1.0423866096949506,0.39788247050570086
C,0.3757372869387065,0.7941130305483415
C,0.5724155960818902,0.6627262636923198
C,0.9144627193874291,1.3868321481764057
C,0.4623853908964382,1.2709054850801629
C,0.6699699492951848,0.5664265948122416
C,0.4745383650232415,0.21857395241193242
C,0.8287408781365704,0.7274705302093653
C,0.43637522119492905,0.05973345061346548
C,0.3249893302946854,0.40406442807020615
C,0.5758061110102753,0.7065761569563705
C,0.723859778442753,0.5662667118926428
C,0.9060691021378436,0.8202425294141602
C,0.39944200182392103,0.4897367878939443
C,0.7784057078757849,0.6805516831016067
C,1.0696939189213062,0.5807510332909864
C,0.6245991521053577,0.2991527081655143
C,0.3568507455034252,0.07522557578502248
C,0.39284798800623544,0.4222905146153589
C,0.4041723475672324,0.27947004340696563
C,0.5944471243070258,0.6298669960410812
C,0.5453108404601812,0.9414675561267652
C,0.6649780433271163,0.31081226701708775
C,0.6825666598209548,0.5552055685424485
C,0.6061805244643844,0.6086745151798315
C,0.611195960541359,1.2271852686112836
C,0.6963396253369423,1.5406609015504111
C,0.6940858126543897,0.712313593453729
C,0.4529924468780916,0.3110954301925747
C,0.7827191684434507,0.2884265984593091
C,0.36118777226380355,1.084190561555102
C,0.7164177475662388,0.41704181646831184
C,0.19275696198421224,0.3545280003715794
C,0.7386985073023408,0.6868693093425199
C,0.2994160520110811,0.5455542472873005
C,0.9821513089622981,0.5759018146895202
C,0.2820352060524087,0.3698882851557456
C,1.0799567143130218,1.9416285911838032
C,0.3789522471007666,0.2347430115716122
C,0.5971169794711431,0.40843249049688435
C,0.25839589244502775,0.3723858874631664
C,0.5299203719434104,0.33466804824605206
C,0.3912511569655623,0.2800926494799067
C,0.570394778667503,0.9922116463496974
C,0.4731763506253483,0.7976769982531904
C,0.8410157639253889,0.5075982337124934
C,0.8294953768219098,0.932389961262913
C,0.5639407013301379,0.29749127819971044
C,0.4728882162123664,0.4227614319604881
C,2.02950085216105,1.737911213201132
C,0.4811872232169863,0.8027887803427161
C,0.5423044073663963,0.340231687068276
C,0.8735970084365615,0.7236339313294129
C,0.6156207605794071,1.5972527947372064
C,0.4504077594556033,0.5704174420423064
C,0.38688122225824517,0.5269214534130437
C,0.5828258187510822,0.45895909754203
C,0.5170520846080955,0.4162388912233177
C,0.6757537093426618,0.43039376019572395
C,0.3910149865870017,0.6615820647327254
C,0.4608046368842591,0.27287194173216767
C,0.8035805463411977,1.030425669726965
C,0.8612086944052298,1.774137158505819
C,0.643050537016092,0.9066262808723491
C,0.4104914785813172,0.3655308406624643
C,0.4686189442808788,0.3912879760572293
C,0.37872033366879615,0.4076085699234135
C,0.45819719381594864,0.7046582421265066
C,0.37340929606265144,0.36999046635101657
C,0.7216829801138603,0.8157812393376791
C,0.2544314151893679,1.0671555942243185
C,0.7830887225939756,0.6931525902753064
C,1.1076492782426606,0.8252840088572476
C,0.9964803422126636,1.1917993964708031
C,0.9331567599025459,0.9686188650083282
C,0.6364746602493533,0.9401855185940537
C,0.9239002202996716,1.4070861262142114
C,0.5313938461904177,0.2406783487031848
C,0.6714950705040379,0.4964344410381975
C,0.7685992117380958,0.6096836256370323
C,0.5421585260904904,0.26789756501850137
C,0.7145790076765752,0.9315065927406941
C,0.21216490945984576,0.5580082331143779
C,0.2528834643215745,1.3651397653526114
C,0.5610491470281767,0.33278646068343853
C,0.674285477416595,0.8599272677343275
C,0.48144287584155826,0.5730165798778104
C,0.7008936277463675,1.4956233975605067
C,0.5465778289608793,0.6230571562976631
C,0.29595044777022717,0.5338917619601788
C,0.3556654899785459,0.21052289098387558
C,0.24651285586589572,0.1808902228068329
C,0.5782103027793998,1.2763416131429104
C,0.8190520987655673,0.9819856725460089
C,0.8396272324708239,0.16550159146572752
C,0.7858106008378236,1.91039118650764
C,0.6602952216781476,0.7139529983185524
C,0.8757735214596332,2.2079074883983827
C,0.6368345475582936,0.5813766591847657
C,0.6396623198954872,1.4843226208673408
C,0.6550945868553053,1.0191367739009032
C,0.2939795705548483,0.9673204833264675
C,0.7498661717886935,0.41848222444530603
C,1.2915782794929431,0.8837192047730035
C,1.0838712894982805,1.6216970392859016
C,0.6240066184683263,0.12207115157275132
C,1.4804798179462975,1.2461717123181448
C,0.3925841961216239,1.2476437240804192
C,0.39797727340207095,0.592663807020365
C,0.5647787226287989,0.21255723363980197
C,0.655659912930726,0.23435002435313615
C,1.3968900343974295,2.1097143375733687
C,0.9248700149741669,0.6886400185999738
C,0.6240855332278967,0.6456769094550725
C,0.5077397955166795,0.18223137503597964
C,0.5356460587650566,0.37944869431409156
C,0.4121626434322843,0.5304680905563073
C,0.3680925096064977,0.6427361605617027
C,0.39778985185410803,0.9812338298298962
C,0.4925716238390928,0.23052815304823443
C,0.49860177844390985,0.6224886009413141
C,0.8568329563195342,1.1452065579965829
C,0.5153811143080769,1.3439123932020067
C,0.8202559244358607,1.3091763868274673
C,0.5095474972162997,0.4347259513419621
C,1.2119014499024396,1.2377969738880297
C,0.9130043048897438,0.8338793126260884
C,0.29950655524898345,0.3769427321828617
C,1.0299352658488672,1.4634158888500342
C,0.5142812640169139,0.6924549321963194
C,1.1665869644585456,0.6166292746617922
C,0.5014074336663689,0.5335231248123452
C,0.6377474965114408,0.7091390755405859
C,0.5441190076004586,0.42159471206318555
C,0.9524475782329812,0.9478687068160432
C,0.8316907884745635,0.8193994886347709
C,0.652605664722754,0.5841972012539075
C,0.9174515093286068,0.5649769770124786
C,0.7939510604954705,0.6448409149208102
C,0.7456909756355365,1.3602632467683484
C,0.5336855493266022,0.438658435197835
C,0.43700070349761533,0.5464809857393588
C,0.6221578101605187,0.6988170770365004
C,0.7594726881612727,0.7074712585172809
C,0.7894120779865479,0.6181086819546309
C,1.0378321310528356,0.8985029230026548
C,0.38722184959146067,0.6259612650553648
C,0.4542142718035762,0.7753390460413936
C,0.47410096542842206,0.11552753883402947
C,0.936914937711142,1.2898066323383997
C,0.7034793341549548,0.417436290754344
C,0.37913979348796456,0.14630188302221267
C,0.6210585884627606,0.698634375744597
C,1.2851919020127438,0.9120949756690448
C,0.685828155279657,0.8434891961168646
C,0.5707815352957626,0.6200063534194392
C,0.3525137289493002,0.26385822275376897
C,0.4361443391475237,0.6354553614230879
C,0.6322770117531413,0.6348152740628155
C,0.47013367870073886,0.3357652413301756
C,1.005338412053156,0.2952786531342655
C,1.0729055230532123,0.9764678469003402
C,0.5701380633662481,0.7837700898041573
C,0.9491754685195973,0.664405301548382
C,0.7606233247172933,0.9708939122320411
C,0.8091006418221183,0.2455084479630236
C,1.182031238690542,0.574085030069385
C,0.5935231255099636,0.5809108468503899
C,0.5582185476959085,1.5225171518337937
C,0.8867926609103324,0.8362925453321423
C,0.44032977968494647,0.648658176534621
C,0.8062236413874196,0.8696220186193067
C,0.4537721866032375,0.7347179965413275
C,0.4857428395784533,0.43453230017446076
C,0.6600681084010193,2.3753282093723778
C,1.057337148647312,1.6126290982569977
C,0.5758508282867683,0.49216102043840987
C,0.6730915916143332,0.5438667616802955
C,0.8861121415077574,1.0968227067599654
C,1.0869456712849268,1.0485758768972968
C,0.5720498711635829,0.3811224924564828
C,0.46029778096474416,0.5164109456707412
C,0.536044199844523,0.34854869870923455
C,0.3303933488639843,0.9374241280551656
C,0.5209775007695056,0.7980655079285947
C,0.5287595080200154,0.8412317257180572
C,0.49804517612940213,0.4269746088774224
C,0.7048504911592677,0.362088825025027
C,0.7101165857789439,0.6621663072365688
C,0.7712972385796738,0.5543444685390312
C,0.8180201202138669,0.35865601503254474
C,0.45435506128553627,0.4302845246383794
C,0.4475041022580013,0.3473364722203581
C,0.27290657673035423,0.5740547602852114
C,0.8370177289521351,0.8632141283997239
C,0.4095317143953212,0.4501632740222509
C,0.8035472554945582,1.2673878827566736
C,0.6505937676799837,0.8108353547395393
C,0.43292871327751303,1.2851354650342288
C,0.323979501031888,0.4518247898188714
C,1.0026713012716675,0.7161222072933512
C,1.0125301018524484,1.6496603996656771
C,0.8202662961412043,0.9991700973793978
C,0.3876718773429485,0.6969750201543214
C,1.2682995475139716,0.7788041186272847
C,0.8096400342753172,0.43684022025074387
C,0.5085986933697876,0.414920466422684
C,0.21374404642902667,0.8038128000457405
C,0.6785284521171817,2.333195377183151
C,0.8522695175791216,0.707423240056694
C,0.4133646734040218,0.14298074234823113
C,1.0843922036561395,0.838472884266631
C,0.5312558656729413,0.7182685809686971
C,0.6386887802473815,0.3550016276456663
C,0.8905951217397661,0.4220076911677018
C,0.4965421515687387,0.4735590088863235
C,0.6215773992701172,0.6077278691596059
C,0.5513709174991134,0.8867861983221051
C,0.8454859372311887,1.026785018896656
C,0.8920236410020534,0.8295661444714386
C,0.8569595547452026,1.0842358575703737
C,0.37516535202326623,0.3408014912862702
C,0.6825807544109185,0.45696941665138646
C,0.692573053039512,0.3912868268220962
C,0.6321844166113528,0.17033464049549024
C,0.9178476243021615,0.6564286340456816
C,1.1320721909892808,0.7192469505389506
C,0.5120840399554086,0.47796773295735123
C,0.9109237247419798,0.7691660112606344
C,0.27268344425828134,0.5717648031224216
C,0.5105984718049812,0.2652614501037824
C,0.7027065308774494,0.38087787043691484
C,0.8563181390346345,0.6677404082273295
C,0.38427059284889353,0.7061286831102299
C,0.6051586200302383,1.3040823252647389
C,0.6908814463318309,0.6057057292335051
C,1.0103341316556989,0.5358425042317843
C,0.601889793952857,0.6744020966065444
C,0.49057200274570406,0.555796418233943
C,1.1044077540151263,1.4434372955292463
C,0.4337374792387439,0.17445554074042333
C,0.688392569972904,0.44078605717016817
C,1.0938738908385128,1.050311867658542
C,0.5466989324904896,0.5198695642065451
C,0.45228947901955824,0.4090674228984632
C,0.8307628624656992,1.2494472129375023
C,0.7434524214503939,0.4837463302745054
C,0.6768123793133326,0.9284578343311587
C,1.1424548302596984,1.264996491529811
C,0.7669068946102854,0.3459778366779078
C,0.861102667061995,0.4173504727973049
C,0.47214773662565507,0.33294081463439357
C,0.3736192604731804,0.4918444691276272
C,0.6820222460127386,2.4086208131216877
C,0.5147299794974745,0.12243706469607865
C,1.0508373560234037,1.1582193426264935
C,0.9108758069681048,1.3468812767809737
C,0.8562355875935791,0.906800539545996
C,0.9838006105545873,2.1012318418060385
C,0.9691209835175418,0.8467556677566023
C,0.4655747000314463,1.2714795481503802
C,0.8114347449180468,0.5461236743352348
C,0.6272651306627444,1.8264306131999803
C,0.5035229957123247,0.8745561764235985
C,0.24927931169509046,0.12096778103939991
C,0.683144237948858,0.6513135833417588
C,0.5245252342076822,0.7301917618301275
C,0.570300769957961,0.2527602467595782
C,0.6435701739325554,0.6865789164114495
C,0.500538462779183,0.23480054013314777
C,0.8048697634729043,0.5738768750789887
C,0.7557999369304671,0.6236265110520481
C,1.249743289098567,0.8520553016214747
C,0.6774902172722131,0.33851946238147734
C,0.4533331577791712,0.7394530191073933
C,0.762745986096096,0.2844308805843504
C,0.5484561634548021,0.44038004593950536
C,1.1803687222027086,0.5634825607029084
C,0.9518725407881858,0.9929925537814115
C,1.131712423736828,1.3170808771603508
C,0.2311545891604327,0.3712368657096816
C,0.5336143360546408,0.2518261906434868
C,0.6003986632037579,1.1560686148984718
C,1.2433427180349719,1.1327183205938378
C,0.5926471836692684,0.4586354998224293
C,0.897989767769236,0.4819048808732347
C,1.001949798267245,1.1102583314543357
C,0.5541169759124002,0.7338035004740538
C,0.5999272206662342,1.152465257940752
C,0.5711228374770174,0.9911509267032832
C,0.7762371261004084,0.6784084952839298
C,0.6117189157980627,0.7118234439322131
C,0.45714811651105786,0.5008749178220091
C,0.5462306539610164,0.35955290533821643
C,0.749044745375151,1.5841363345840356
C,0.5693501133707085,0.6938203265166888
C,1.0540699581447819,0.962530177343531
C,0.3647316018150006,0.6608004810106778
C,0.22732363221427745,0.25435117696415876
C,0.37456735760639176,1.0061867734028576
C,0.5826415513815956,0.39978609829596834
C,0.4018298327986401,0.5534290024964149
C,0.5615522174337116,0.33900145794386216
C,0.4241381550803256,0.5143644702726989
C,0.4348403986981846,0.42979289173708507
C,0.9297147110660161,0.966823181749237
C,0.4240315284743898,0.5376362678447707
C,0.6269743144904744,0.4178038298166583
C,0.7481558240955184,0.6756223099148405
C,0.6279570441386811,0.2536233368994198
C,0.8170642215516984,0.6132567209004373
C,0.5269516821051448,0.42292370478364455
C,0.7402559379353252,0.6671175237238459
C,0.2878971299737119,0.5534322910808258
C,0.9175844691261508,0.5519691746901522
C,0.2767644765214072,0.5245514676360609
C,0.8433187723997033,0.6210009067695118
C,0.6083439808118448,1.5337563915937065
C,0.6391967650747136,0.335390389292163
C,0.6540357437072698,1.7883063534688877
C,0.7442368332164417,1.4139016661498431
C,0.7131876589232797,1.7380040168345658
C,0.661115297593821,0.4491045402438076
C,0.45321720156261214,0.25465816362371857
C,0.5229729421655483,0.3886144389863623
C,0.2516962286150863,0.5153099492056339
C,0.9966270914720026,1.2854426600246773
C,0.533092782902015,0.14313323500807265
C,0.5199644405741141,0.8274151419625234
C,0.4774599409194161,0.8099441099699642
C,0.5166389965405359,0.504600707662088
C,0.5587623274673873,0.2743010890383232
C,0.5416393454049968,0.6669046743240755
C,1.1514717583837495,0.7702219203867537
